Copyright 1986-2022 Xilinx, Inc. All Rights Reserved. Copyright 2022-2026 Advanced Micro Devices, Inc. All Rights Reserved.
-------------------------------------------------------------------------------------------------------------------------------------------------------------------------
| Tool Version : Vivado v.2026.1 (win64) Build 6511674 Tue Jun 16 11:02:23 MDT 2026
| Date         : Sat Aug  1 21:12:00 2026
| Host         : MSI running 64-bit major release  (build 9200)
| Command      : report_timing_summary -delay_type max -max_paths 20 -file C:/Users/kanak/Downloads/FPGA-speed-up-Project-main/synth/ooc/reports/bsw_top_impl_timing.rpt
| Design       : bsw_top
| Device       : 7v2000t-fhg1761
| Speed File   : -2  PRODUCTION 1.10 2014-09-11
| Design State : Physopt postRoute
-------------------------------------------------------------------------------------------------------------------------------------------------------------------------

Timing Summary Report

------------------------------------------------------------------------------------------------
| Timer Settings
| --------------
------------------------------------------------------------------------------------------------

  Enable Multi Corner Analysis               :  Yes
  Enable Pessimism Removal                   :  Yes
  Pessimism Removal Resolution               :  Nearest Common Node
  Enable Input Delay Default Clock           :  No
  Enable Preset / Clear Arcs                 :  No
  Disable Flight Delays                      :  No
  Ignore I/O Paths                           :  No
  Timing Early Launch at Borrowing Latches   :  No
  Borrow Time for Max Delay Exceptions       :  Yes
  Merge Timing Exceptions                    :  Yes
  Inter-SLR Compensation                     :  Conservative

  Corner  Analyze    Analyze    
  Name    Max Paths  Min Paths  
  ------  ---------  ---------  
  Slow    Yes        Yes        
  Fast    Yes        Yes        


------------------------------------------------------------------------------------------------
| Report Methodology
| ------------------
------------------------------------------------------------------------------------------------

No report available as report_methodology has not been run prior. Run report_methodology on the current design for the summary of methodology violations.



check_timing report

Table of Contents
-----------------
1. checking no_clock (0)
2. checking constant_clock (0)
3. checking pulse_width_clock (0)
4. checking unconstrained_internal_endpoints (0)
5. checking no_input_delay (3684)
6. checking no_output_delay (99)
7. checking multiple_clock (0)
8. checking generated_clocks (0)
9. checking loops (0)
10. checking partial_input_delay (0)
11. checking partial_output_delay (0)
12. checking latch_loops (0)

1. checking no_clock (0)
------------------------
 There are 0 register/latch pins with no clock.


2. checking constant_clock (0)
------------------------------
 There are 0 register/latch pins with constant_clock.


3. checking pulse_width_clock (0)
---------------------------------
 There are 0 register/latch pins which need pulse_width check


4. checking unconstrained_internal_endpoints (0)
------------------------------------------------
 There are 0 pins that are not constrained for maximum delay.

 There are 0 pins that are not constrained for maximum delay due to constant clock.


5. checking no_input_delay (3684)
---------------------------------
 There are 3684 input ports with no input delay specified. (HIGH)

 There are 0 input ports with no input delay but user has a false path constraint.


6. checking no_output_delay (99)
--------------------------------
 There are 99 ports with no output delay specified. (HIGH)

 There are 0 ports with no output delay but user has a false path constraint

 There are 0 ports with no output delay but with a timing clock defined on it or propagating through it


7. checking multiple_clock (0)
------------------------------
 There are 0 register/latch pins with multiple clocks.


8. checking generated_clocks (0)
--------------------------------
 There are 0 generated clocks that are not connected to a clock source.


9. checking loops (0)
---------------------
 There are 0 combinational loops in the design.


10. checking partial_input_delay (0)
------------------------------------
 There are 0 input ports with partial input delay specified.


11. checking partial_output_delay (0)
-------------------------------------
 There are 0 ports with partial output delay specified.


12. checking latch_loops (0)
----------------------------
 There are 0 combinational latch loops in the design through latch input



------------------------------------------------------------------------------------------------
| Design Timing Summary
| ---------------------
------------------------------------------------------------------------------------------------

    WNS(ns)      TNS(ns)  TNS Failing Endpoints  TNS Total Endpoints     WPWS(ns)     TPWS(ns)  TPWS Failing Endpoints  TPWS Total Endpoints  
    -------      -------  ---------------------  -------------------     --------     --------  ----------------------  --------------------  
     -3.039   -34491.352                  26057                56775        2.100        0.000                       0                 27370  


Timing constraints are not met.


------------------------------------------------------------------------------------------------
| Clock Summary
| -------------
------------------------------------------------------------------------------------------------

Clock  Waveform(ns)         Period(ns)      Frequency(MHz)
-----  ------------         ----------      --------------
clk    {0.000 2.500}        5.000           200.000         


------------------------------------------------------------------------------------------------
| Intra Clock Table
| -----------------
------------------------------------------------------------------------------------------------

Clock             WNS(ns)      TNS(ns)  TNS Failing Endpoints  TNS Total Endpoints     WPWS(ns)     TPWS(ns)  TPWS Failing Endpoints  TPWS Total Endpoints  
-----             -------      -------  ---------------------  -------------------     --------     --------  ----------------------  --------------------  
clk                -3.039   -34491.352                  26057                56775        2.100        0.000                       0                 27370  


------------------------------------------------------------------------------------------------
| Inter Clock Table
| -----------------
------------------------------------------------------------------------------------------------

From Clock    To Clock          WNS(ns)      TNS(ns)  TNS Failing Endpoints  TNS Total Endpoints  
----------    --------          -------      -------  ---------------------  -------------------  


------------------------------------------------------------------------------------------------
| Other Path Groups Table
| -----------------------
------------------------------------------------------------------------------------------------

Path Group    From Clock    To Clock          WNS(ns)      TNS(ns)  TNS Failing Endpoints  TNS Total Endpoints  
----------    ----------    --------          -------      -------  ---------------------  -------------------  


------------------------------------------------------------------------------------------------
| Timing Details
| --------------
------------------------------------------------------------------------------------------------


---------------------------------------------------------------------------------------------------
From Clock:  clk
  To Clock:  clk

Setup :        26057  Failing Endpoints,  Worst Slack       -3.039ns,  Total Violation   -34491.350ns
Hold  :           NA  Failing Endpoints,  Worst Slack           NA  ,  Total Violation           NA
PW    :            0  Failing Endpoints,  Worst Slack        2.100ns,  Total Violation        0.000ns
---------------------------------------------------------------------------------------------------


Max Delay Paths
--------------------------------------------------------------------------------------
Slack (VIOLATED) :        -3.039ns  (required time - arrival time)
  Source:                 u_array/g_pe[71].u_pe/H_curr_reg_reg[11]/C
                            (rising edge-triggered cell FDRE clocked by clk  {rise@0.000ns fall@2.500ns period=5.000ns})
  Destination:            u_tracker/pr_i_reg[4][13]/D
                            (rising edge-triggered cell FDRE clocked by clk  {rise@0.000ns fall@2.500ns period=5.000ns})
  Path Group:             clk
  Path Type:              Setup (Max at Slow Process Corner)
  Requirement:            5.000ns  (clk rise@5.000ns - clk rise@0.000ns)
  Data Path Delay:        8.025ns  (logic 2.646ns (32.970%)  route 5.379ns (67.030%))
  Logic Levels:           20  (CARRY4=9 LUT2=2 LUT4=1 LUT5=1 LUT6=5 MUXF7=2)
  Clock Path Skew:        -0.027ns (DCD - SCD + CPR)
    Destination Clock Delay (DCD):    0.510ns = ( 5.510 - 5.000 ) 
    Source Clock Delay      (SCD):    0.537ns
    Clock Pessimism Removal (CPR):    0.000ns
  Clock Uncertainty:      0.035ns  ((TSJ^2 + TIJ^2)^1/2 + DJ) / 2 + PE
    Total System Jitter     (TSJ):    0.071ns
    Total Input Jitter      (TIJ):    0.000ns
    Discrete Jitter          (DJ):    0.000ns
    Phase Error              (PE):    0.000ns

    Location             Delay type                Incr(ns)  Path(ns)    Netlist Resource(s)
  -------------------------------------------------------------------    -------------------
                         (clock clk rise edge)        0.000     0.000 r  <hidden>
                                                      0.000     0.000 r  clk
                         net (fo=27509, unset)        0.537     0.537    u_array/g_pe[71].u_pe/clk
    SLICE_X329Y264       FDRE                                         r  u_array/g_pe[71].u_pe/H_curr_reg_reg[11]/C
  -------------------------------------------------------------------    -------------------
    SLICE_X329Y264       FDRE (Prop_fdre_C_Q)         0.223     0.760 r  u_array/g_pe[71].u_pe/H_curr_reg_reg[11]/Q
                         net (fo=8, routed)           0.424     1.184    u_array/g_pe[71].u_pe/H_curr_reg_reg[15]_1[11]
    SLICE_X337Y263       LUT2 (Prop_lut2_I1_O)        0.043     1.227 r  u_array/g_pe[71].u_pe/pr_h[4][11]_i_17/O
                         net (fo=5, routed)           0.438     1.665    u_array/g_pe[70].u_pe/s1_h[0][71]_1[11]
    SLICE_X336Y264       LUT5 (Prop_lut5_I4_O)        0.043     1.708 r  u_array/g_pe[70].u_pe/pr_j[4][2]_i_169/O
                         net (fo=1, routed)           0.000     1.708    u_array/g_pe[70].u_pe/pr_j[4][2]_i_169_n_0
    SLICE_X336Y264       CARRY4 (Prop_carry4_S[1]_CO[3])
                                                      0.256     1.964 r  u_array/g_pe[70].u_pe/pr_j_reg[4][2]_i_85/CO[3]
                         net (fo=77, routed)          0.510     2.474    u_array/g_pe[70].u_pe/pr_j_reg[4][2]_i_85_n_0
    SLICE_X335Y266       LUT4 (Prop_lut4_I3_O)        0.043     2.517 f  u_array/g_pe[70].u_pe/pr_j[4][2]_i_136/O
                         net (fo=4, routed)           0.387     2.904    u_array/g_pe[70].u_pe/u_tracker/s1_h[1][35][9]
    SLICE_X340Y264       LUT6 (Prop_lut6_I4_O)        0.043     2.947 r  u_array/g_pe[70].u_pe/pr_j[4][2]_i_80/O
                         net (fo=1, routed)           0.301     3.248    u_array/g_pe[70].u_pe/pr_j[4][2]_i_80_n_0
    SLICE_X338Y264       CARRY4 (Prop_carry4_DI[0]_CO[3])
                                                      0.269     3.517 r  u_array/g_pe[70].u_pe/pr_j_reg[4][2]_i_21/CO[3]
                         net (fo=22, routed)          0.559     4.076    u_array/g_pe[70].u_pe/pr_j[4][2]_i_84_0[0]
    SLICE_X338Y266       LUT6 (Prop_lut6_I3_O)        0.043     4.119 f  u_array/g_pe[70].u_pe/pr_h[4][3]_i_9/O
                         net (fo=1, routed)           0.000     4.119    u_array/g_pe[70].u_pe/pr_h[4][3]_i_9_n_0
    SLICE_X338Y266       MUXF7 (Prop_muxf7_I0_O)      0.107     4.226 f  u_array/g_pe[70].u_pe/pr_h_reg[4][3]_i_6/O
                         net (fo=5, routed)           0.339     4.564    u_array/g_pe[65].u_pe/pr_h_reg[4][3]
    SLICE_X341Y265       LUT6 (Prop_lut6_I4_O)        0.124     4.688 r  u_array/g_pe[65].u_pe/pr_j[4][1]_i_19/O
                         net (fo=1, routed)           0.384     5.073    u_array/g_pe[65].u_pe/pr_j[4][1]_i_19_n_0
    SLICE_X342Y263       CARRY4 (Prop_carry4_DI[1]_CO[3])
                                                      0.250     5.323 r  u_array/g_pe[65].u_pe/pr_j_reg[4][1]_i_8/CO[3]
                         net (fo=1, routed)           0.000     5.323    u_array/g_pe[65].u_pe/pr_j_reg[4][1]_i_8_n_0
    SLICE_X342Y264       CARRY4 (Prop_carry4_CI_CO[3])
                                                      0.053     5.376 r  u_array/g_pe[65].u_pe/pr_j_reg[4][1]_i_4/CO[3]
                         net (fo=25, routed)          0.600     5.976    u_array/g_pe[65].u_pe/pr_j[4][1]_i_16_0[0]
    SLICE_X344Y266       LUT6 (Prop_lut6_I1_O)        0.043     6.019 r  u_array/g_pe[65].u_pe/pr_h[4][10]_i_4/O
                         net (fo=3, routed)           0.284     6.303    u_array/g_pe[72].u_pe/pr_h_reg[4][10]_1
    SLICE_X344Y264       LUT6 (Prop_lut6_I3_O)        0.043     6.346 r  u_array/g_pe[72].u_pe/pr_j[4][6]_i_22/O
                         net (fo=1, routed)           0.274     6.620    u_array/g_pe[72].u_pe/pr_j[4][6]_i_22_n_0
    SLICE_X344Y263       CARRY4 (Prop_carry4_DI[1]_CO[3])
                                                      0.253     6.873 r  u_array/g_pe[72].u_pe/pr_j_reg[4][6]_i_5/CO[3]
                         net (fo=27, routed)          0.511     7.384    u_array/g_pe[72].u_pe/pr_j[4][6]_i_27_0[0]
    SLICE_X346Y261       MUXF7 (Prop_muxf7_S_O)       0.147     7.531 r  u_array/g_pe[72].u_pe/pr_i_reg[4][3]_i_6/O
                         net (fo=1, routed)           0.368     7.899    u_tracker/p_5_in[1]
    SLICE_X347Y257       LUT2 (Prop_lut2_I1_O)        0.124     8.023 r  u_tracker/pr_i[4][3]_i_4/O
                         net (fo=1, routed)           0.000     8.023    u_tracker/pr_i[4][3]_i_4_n_0
    SLICE_X347Y257       CARRY4 (Prop_carry4_S[1]_CO[3])
                                                      0.267     8.290 r  u_tracker/pr_i_reg[4][3]_i_1/CO[3]
                         net (fo=1, routed)           0.000     8.290    u_tracker/pr_i_reg[4][3]_i_1_n_0
    SLICE_X347Y258       CARRY4 (Prop_carry4_CI_CO[3])
                                                      0.053     8.343 r  u_tracker/pr_i_reg[4][7]_i_1/CO[3]
                         net (fo=1, routed)           0.000     8.343    u_tracker/pr_i_reg[4][7]_i_1_n_0
    SLICE_X347Y259       CARRY4 (Prop_carry4_CI_CO[3])
                                                      0.053     8.396 r  u_tracker/pr_i_reg[4][11]_i_1/CO[3]
                         net (fo=1, routed)           0.000     8.396    u_tracker/pr_i_reg[4][11]_i_1_n_0
    SLICE_X347Y260       CARRY4 (Prop_carry4_CI_O[1])
                                                      0.166     8.562 r  u_tracker/pr_i_reg[4][15]_i_2/O[1]
                         net (fo=1, routed)           0.000     8.562    u_tracker/s1_i6_out[13]
    SLICE_X347Y260       FDRE                                         r  u_tracker/pr_i_reg[4][13]/D
  -------------------------------------------------------------------    -------------------

                         (clock clk rise edge)        5.000     5.000 r  <hidden>
                                                      0.000     5.000 r  clk
                         net (fo=27509, unset)        0.510     5.510    u_tracker/clk
    SLICE_X347Y260       FDRE                                         r  u_tracker/pr_i_reg[4][13]/C
                         clock pessimism              0.000     5.510    <hidden>
                         clock uncertainty           -0.035     5.475    <hidden>
    SLICE_X347Y260       FDRE (Setup_fdre_C_D)        0.049     5.524    u_tracker/pr_i_reg[4][13]
  -------------------------------------------------------------------
                         required time                          5.524    <hidden>
                         arrival time                          -8.562    <hidden>
  -------------------------------------------------------------------
                         slack                                 -3.039    <hidden>

Slack (VIOLATED) :        -3.034ns  (required time - arrival time)
  Source:                 u_array/g_pe[150].u_pe/H_curr_reg_reg[2]/C
                            (rising edge-triggered cell FDRE clocked by clk  {rise@0.000ns fall@2.500ns period=5.000ns})
  Destination:            u_tracker/pr_i_reg[9][12]/R
                            (rising edge-triggered cell FDRE clocked by clk  {rise@0.000ns fall@2.500ns period=5.000ns})
  Path Group:             clk
  Path Type:              Setup (Max at Slow Process Corner)
  Requirement:            5.000ns  (clk rise@5.000ns - clk rise@0.000ns)
  Data Path Delay:        7.691ns  (logic 1.826ns (23.742%)  route 5.865ns (76.258%))
  Logic Levels:           18  (CARRY4=7 LUT2=1 LUT3=1 LUT4=1 LUT5=3 LUT6=5)
  Clock Path Skew:        -0.027ns (DCD - SCD + CPR)
    Destination Clock Delay (DCD):    0.510ns = ( 5.510 - 5.000 ) 
    Source Clock Delay      (SCD):    0.537ns
    Clock Pessimism Removal (CPR):    0.000ns
  Clock Uncertainty:      0.035ns  ((TSJ^2 + TIJ^2)^1/2 + DJ) / 2 + PE
    Total System Jitter     (TSJ):    0.071ns
    Total Input Jitter      (TIJ):    0.000ns
    Discrete Jitter          (DJ):    0.000ns
    Phase Error              (PE):    0.000ns

    Location             Delay type                Incr(ns)  Path(ns)    Netlist Resource(s)
  -------------------------------------------------------------------    -------------------
                         (clock clk rise edge)        0.000     0.000 r  <hidden>
                                                      0.000     0.000 r  clk
                         net (fo=27509, unset)        0.537     0.537    u_array/g_pe[150].u_pe/clk
    SLICE_X416Y171       FDRE                                         r  u_array/g_pe[150].u_pe/H_curr_reg_reg[2]/C
  -------------------------------------------------------------------    -------------------
    SLICE_X416Y171       FDRE (Prop_fdre_C_Q)         0.259     0.796 r  u_array/g_pe[150].u_pe/H_curr_reg_reg[2]/Q
                         net (fo=11, routed)          0.471     1.267    u_array/g_pe[150].u_pe/H_curr_reg_reg[15]_1[2]
    SLICE_X416Y173       LUT6 (Prop_lut6_I4_O)        0.043     1.310 r  u_array/g_pe[150].u_pe/pr_j[9][7]_i_207/O
                         net (fo=1, routed)           0.385     1.695    u_array/g_pe[150].u_pe/pr_j[9][7]_i_207_n_0
    SLICE_X415Y173       CARRY4 (Prop_carry4_DI[1]_CO[3])
                                                      0.250     1.945 r  u_array/g_pe[150].u_pe/pr_j_reg[9][7]_i_139/CO[3]
                         net (fo=1, routed)           0.000     1.945    u_array/g_pe[150].u_pe/pr_j_reg[9][7]_i_139_n_0
    SLICE_X415Y174       CARRY4 (Prop_carry4_CI_CO[3])
                                                      0.053     1.998 r  u_array/g_pe[150].u_pe/pr_j_reg[9][7]_i_60/CO[3]
                         net (fo=36, routed)          0.766     2.764    u_array/g_pe[150].u_pe/active_q_reg_2[0]
    SLICE_X415Y175       LUT5 (Prop_lut5_I4_O)        0.054     2.818 r  u_array/g_pe[150].u_pe/pr_j[9][7]_i_164/O
                         net (fo=5, routed)           0.412     3.230    u_array/g_pe[149].u_pe/pr_j_reg[9][7]_i_59_0
    SLICE_X417Y176       LUT5 (Prop_lut5_I0_O)        0.137     3.367 r  u_array/g_pe[149].u_pe/pr_j[9][7]_i_135/O
                         net (fo=1, routed)           0.000     3.367    u_array/g_pe[149].u_pe/pr_j[9][7]_i_135_n_0
    SLICE_X417Y176       CARRY4 (Prop_carry4_S[3]_CO[3])
                                                      0.193     3.560 r  u_array/g_pe[149].u_pe/pr_j_reg[9][7]_i_59/CO[3]
                         net (fo=38, routed)          0.492     4.052    u_array/g_pe[149].u_pe/active_q_reg_1[0]
    SLICE_X421Y175       LUT3 (Prop_lut3_I0_O)        0.043     4.095 f  u_array/g_pe[149].u_pe/pr_j[9][2]_i_75/O
                         net (fo=15, routed)          0.515     4.609    u_array/g_pe[149].u_pe/pr_j[9][2]_i_75_n_0
    SLICE_X422Y175       LUT6 (Prop_lut6_I1_O)        0.043     4.652 r  u_array/g_pe[149].u_pe/pr_j[9][2]_i_66/O
                         net (fo=4, routed)           0.335     4.988    u_array/g_pe[144].u_pe/pr_j_reg[9][2]_i_6_6
    SLICE_X418Y175       LUT4 (Prop_lut4_I3_O)        0.043     5.031 r  u_array/g_pe[144].u_pe/pr_j[9][2]_i_37/O
                         net (fo=1, routed)           0.000     5.031    u_array/g_pe[149].u_pe/pr_j_reg[9][2]_i_2_8[3]
    SLICE_X418Y175       CARRY4 (Prop_carry4_S[3]_CO[3])
                                                      0.193     5.224 r  u_array/g_pe[149].u_pe/pr_j_reg[9][2]_i_6/CO[3]
                         net (fo=1, routed)           0.000     5.224    u_array/g_pe[149].u_pe/pr_j_reg[9][2]_i_6_n_0
    SLICE_X418Y176       CARRY4 (Prop_carry4_CI_CO[3])
                                                      0.053     5.277 f  u_array/g_pe[149].u_pe/pr_j_reg[9][2]_i_2/CO[3]
                         net (fo=16, routed)          0.365     5.642    u_array/g_pe[146].u_pe/pr_h[9][1]_i_2_0[0]
    SLICE_X416Y176       LUT2 (Prop_lut2_I1_O)        0.043     5.685 r  u_array/g_pe[146].u_pe/pr_j[9][7]_i_20/O
                         net (fo=10, routed)          0.365     6.050    u_array/g_pe[146].u_pe/pr_j[9][7]_i_20_n_0
    SLICE_X423Y177       LUT6 (Prop_lut6_I3_O)        0.043     6.093 r  u_array/g_pe[146].u_pe/pr_h[9][6]_i_2_comp/O
                         net (fo=3, routed)           0.245     6.338    u_array/g_pe[146].u_pe/active_q_reg_4
    SLICE_X422Y178       LUT6 (Prop_lut6_I2_O)        0.043     6.381 r  u_array/g_pe[146].u_pe/pr_j[9][3]_i_26/O
                         net (fo=1, routed)           0.280     6.661    u_array/g_pe[157].u_pe/pr_j_reg[9][3]_i_2_2[1]
    SLICE_X420Y178       CARRY4 (Prop_carry4_DI[3]_CO[3])
                                                      0.193     6.854 r  u_array/g_pe[157].u_pe/pr_j_reg[9][3]_i_5/CO[3]
                         net (fo=1, routed)           0.000     6.854    u_array/g_pe[157].u_pe/pr_j_reg[9][3]_i_5_n_0
    SLICE_X420Y179       CARRY4 (Prop_carry4_CI_CO[3])
                                                      0.054     6.908 r  u_array/g_pe[157].u_pe/pr_j_reg[9][3]_i_2/CO[3]
                         net (fo=32, routed)          0.474     7.382    u_array/g_pe[157].u_pe/pr_j[9][3]_i_13[0]
    SLICE_X415Y179       LUT5 (Prop_lut5_I0_O)        0.043     7.425 f  u_array/g_pe[157].u_pe/pr_j[9][7]_i_4/O
                         net (fo=2, routed)           0.354     7.779    u_array/g_pe[149].u_pe/pr_i_reg[9][0]_2
    SLICE_X417Y180       LUT6 (Prop_lut6_I4_O)        0.043     7.822 r  u_array/g_pe[149].u_pe/pr_i[9][15]_i_1/O
                         net (fo=16, routed)          0.406     8.228    u_tracker/pr_i_reg[9][0]_0[0]
    SLICE_X412Y182       FDRE                                         r  u_tracker/pr_i_reg[9][12]/R
  -------------------------------------------------------------------    -------------------

                         (clock clk rise edge)        5.000     5.000 r  <hidden>
                                                      0.000     5.000 r  clk
                         net (fo=27509, unset)        0.510     5.510    u_tracker/clk
    SLICE_X412Y182       FDRE                                         r  u_tracker/pr_i_reg[9][12]/C
                         clock pessimism              0.000     5.510    <hidden>
                         clock uncertainty           -0.035     5.475    <hidden>
    SLICE_X412Y182       FDRE (Setup_fdre_C_R)       -0.281     5.194    u_tracker/pr_i_reg[9][12]
  -------------------------------------------------------------------
                         required time                          5.194    <hidden>
                         arrival time                          -8.228    <hidden>
  -------------------------------------------------------------------
                         slack                                 -3.034    <hidden>

Slack (VIOLATED) :        -3.034ns  (required time - arrival time)
  Source:                 u_array/g_pe[150].u_pe/H_curr_reg_reg[2]/C
                            (rising edge-triggered cell FDRE clocked by clk  {rise@0.000ns fall@2.500ns period=5.000ns})
  Destination:            u_tracker/pr_i_reg[9][13]/R
                            (rising edge-triggered cell FDRE clocked by clk  {rise@0.000ns fall@2.500ns period=5.000ns})
  Path Group:             clk
  Path Type:              Setup (Max at Slow Process Corner)
  Requirement:            5.000ns  (clk rise@5.000ns - clk rise@0.000ns)
  Data Path Delay:        7.691ns  (logic 1.826ns (23.742%)  route 5.865ns (76.258%))
  Logic Levels:           18  (CARRY4=7 LUT2=1 LUT3=1 LUT4=1 LUT5=3 LUT6=5)
  Clock Path Skew:        -0.027ns (DCD - SCD + CPR)
    Destination Clock Delay (DCD):    0.510ns = ( 5.510 - 5.000 ) 
    Source Clock Delay      (SCD):    0.537ns
    Clock Pessimism Removal (CPR):    0.000ns
  Clock Uncertainty:      0.035ns  ((TSJ^2 + TIJ^2)^1/2 + DJ) / 2 + PE
    Total System Jitter     (TSJ):    0.071ns
    Total Input Jitter      (TIJ):    0.000ns
    Discrete Jitter          (DJ):    0.000ns
    Phase Error              (PE):    0.000ns

    Location             Delay type                Incr(ns)  Path(ns)    Netlist Resource(s)
  -------------------------------------------------------------------    -------------------
                         (clock clk rise edge)        0.000     0.000 r  <hidden>
                                                      0.000     0.000 r  clk
                         net (fo=27509, unset)        0.537     0.537    u_array/g_pe[150].u_pe/clk
    SLICE_X416Y171       FDRE                                         r  u_array/g_pe[150].u_pe/H_curr_reg_reg[2]/C
  -------------------------------------------------------------------    -------------------
    SLICE_X416Y171       FDRE (Prop_fdre_C_Q)         0.259     0.796 r  u_array/g_pe[150].u_pe/H_curr_reg_reg[2]/Q
                         net (fo=11, routed)          0.471     1.267    u_array/g_pe[150].u_pe/H_curr_reg_reg[15]_1[2]
    SLICE_X416Y173       LUT6 (Prop_lut6_I4_O)        0.043     1.310 r  u_array/g_pe[150].u_pe/pr_j[9][7]_i_207/O
                         net (fo=1, routed)           0.385     1.695    u_array/g_pe[150].u_pe/pr_j[9][7]_i_207_n_0
    SLICE_X415Y173       CARRY4 (Prop_carry4_DI[1]_CO[3])
                                                      0.250     1.945 r  u_array/g_pe[150].u_pe/pr_j_reg[9][7]_i_139/CO[3]
                         net (fo=1, routed)           0.000     1.945    u_array/g_pe[150].u_pe/pr_j_reg[9][7]_i_139_n_0
    SLICE_X415Y174       CARRY4 (Prop_carry4_CI_CO[3])
                                                      0.053     1.998 r  u_array/g_pe[150].u_pe/pr_j_reg[9][7]_i_60/CO[3]
                         net (fo=36, routed)          0.766     2.764    u_array/g_pe[150].u_pe/active_q_reg_2[0]
    SLICE_X415Y175       LUT5 (Prop_lut5_I4_O)        0.054     2.818 r  u_array/g_pe[150].u_pe/pr_j[9][7]_i_164/O
                         net (fo=5, routed)           0.412     3.230    u_array/g_pe[149].u_pe/pr_j_reg[9][7]_i_59_0
    SLICE_X417Y176       LUT5 (Prop_lut5_I0_O)        0.137     3.367 r  u_array/g_pe[149].u_pe/pr_j[9][7]_i_135/O
                         net (fo=1, routed)           0.000     3.367    u_array/g_pe[149].u_pe/pr_j[9][7]_i_135_n_0
    SLICE_X417Y176       CARRY4 (Prop_carry4_S[3]_CO[3])
                                                      0.193     3.560 r  u_array/g_pe[149].u_pe/pr_j_reg[9][7]_i_59/CO[3]
                         net (fo=38, routed)          0.492     4.052    u_array/g_pe[149].u_pe/active_q_reg_1[0]
    SLICE_X421Y175       LUT3 (Prop_lut3_I0_O)        0.043     4.095 f  u_array/g_pe[149].u_pe/pr_j[9][2]_i_75/O
                         net (fo=15, routed)          0.515     4.609    u_array/g_pe[149].u_pe/pr_j[9][2]_i_75_n_0
    SLICE_X422Y175       LUT6 (Prop_lut6_I1_O)        0.043     4.652 r  u_array/g_pe[149].u_pe/pr_j[9][2]_i_66/O
                         net (fo=4, routed)           0.335     4.988    u_array/g_pe[144].u_pe/pr_j_reg[9][2]_i_6_6
    SLICE_X418Y175       LUT4 (Prop_lut4_I3_O)        0.043     5.031 r  u_array/g_pe[144].u_pe/pr_j[9][2]_i_37/O
                         net (fo=1, routed)           0.000     5.031    u_array/g_pe[149].u_pe/pr_j_reg[9][2]_i_2_8[3]
    SLICE_X418Y175       CARRY4 (Prop_carry4_S[3]_CO[3])
                                                      0.193     5.224 r  u_array/g_pe[149].u_pe/pr_j_reg[9][2]_i_6/CO[3]
                         net (fo=1, routed)           0.000     5.224    u_array/g_pe[149].u_pe/pr_j_reg[9][2]_i_6_n_0
    SLICE_X418Y176       CARRY4 (Prop_carry4_CI_CO[3])
                                                      0.053     5.277 f  u_array/g_pe[149].u_pe/pr_j_reg[9][2]_i_2/CO[3]
                         net (fo=16, routed)          0.365     5.642    u_array/g_pe[146].u_pe/pr_h[9][1]_i_2_0[0]
    SLICE_X416Y176       LUT2 (Prop_lut2_I1_O)        0.043     5.685 r  u_array/g_pe[146].u_pe/pr_j[9][7]_i_20/O
                         net (fo=10, routed)          0.365     6.050    u_array/g_pe[146].u_pe/pr_j[9][7]_i_20_n_0
    SLICE_X423Y177       LUT6 (Prop_lut6_I3_O)        0.043     6.093 r  u_array/g_pe[146].u_pe/pr_h[9][6]_i_2_comp/O
                         net (fo=3, routed)           0.245     6.338    u_array/g_pe[146].u_pe/active_q_reg_4
    SLICE_X422Y178       LUT6 (Prop_lut6_I2_O)        0.043     6.381 r  u_array/g_pe[146].u_pe/pr_j[9][3]_i_26/O
                         net (fo=1, routed)           0.280     6.661    u_array/g_pe[157].u_pe/pr_j_reg[9][3]_i_2_2[1]
    SLICE_X420Y178       CARRY4 (Prop_carry4_DI[3]_CO[3])
                                                      0.193     6.854 r  u_array/g_pe[157].u_pe/pr_j_reg[9][3]_i_5/CO[3]
                         net (fo=1, routed)           0.000     6.854    u_array/g_pe[157].u_pe/pr_j_reg[9][3]_i_5_n_0
    SLICE_X420Y179       CARRY4 (Prop_carry4_CI_CO[3])
                                                      0.054     6.908 r  u_array/g_pe[157].u_pe/pr_j_reg[9][3]_i_2/CO[3]
                         net (fo=32, routed)          0.474     7.382    u_array/g_pe[157].u_pe/pr_j[9][3]_i_13[0]
    SLICE_X415Y179       LUT5 (Prop_lut5_I0_O)        0.043     7.425 f  u_array/g_pe[157].u_pe/pr_j[9][7]_i_4/O
                         net (fo=2, routed)           0.354     7.779    u_array/g_pe[149].u_pe/pr_i_reg[9][0]_2
    SLICE_X417Y180       LUT6 (Prop_lut6_I4_O)        0.043     7.822 r  u_array/g_pe[149].u_pe/pr_i[9][15]_i_1/O
                         net (fo=16, routed)          0.406     8.228    u_tracker/pr_i_reg[9][0]_0[0]
    SLICE_X412Y182       FDRE                                         r  u_tracker/pr_i_reg[9][13]/R
  -------------------------------------------------------------------    -------------------

                         (clock clk rise edge)        5.000     5.000 r  <hidden>
                                                      0.000     5.000 r  clk
                         net (fo=27509, unset)        0.510     5.510    u_tracker/clk
    SLICE_X412Y182       FDRE                                         r  u_tracker/pr_i_reg[9][13]/C
                         clock pessimism              0.000     5.510    <hidden>
                         clock uncertainty           -0.035     5.475    <hidden>
    SLICE_X412Y182       FDRE (Setup_fdre_C_R)       -0.281     5.194    u_tracker/pr_i_reg[9][13]
  -------------------------------------------------------------------
                         required time                          5.194    <hidden>
                         arrival time                          -8.228    <hidden>
  -------------------------------------------------------------------
                         slack                                 -3.034    <hidden>

Slack (VIOLATED) :        -3.034ns  (required time - arrival time)
  Source:                 u_array/g_pe[150].u_pe/H_curr_reg_reg[2]/C
                            (rising edge-triggered cell FDRE clocked by clk  {rise@0.000ns fall@2.500ns period=5.000ns})
  Destination:            u_tracker/pr_i_reg[9][14]/R
                            (rising edge-triggered cell FDRE clocked by clk  {rise@0.000ns fall@2.500ns period=5.000ns})
  Path Group:             clk
  Path Type:              Setup (Max at Slow Process Corner)
  Requirement:            5.000ns  (clk rise@5.000ns - clk rise@0.000ns)
  Data Path Delay:        7.691ns  (logic 1.826ns (23.742%)  route 5.865ns (76.258%))
  Logic Levels:           18  (CARRY4=7 LUT2=1 LUT3=1 LUT4=1 LUT5=3 LUT6=5)
  Clock Path Skew:        -0.027ns (DCD - SCD + CPR)
    Destination Clock Delay (DCD):    0.510ns = ( 5.510 - 5.000 ) 
    Source Clock Delay      (SCD):    0.537ns
    Clock Pessimism Removal (CPR):    0.000ns
  Clock Uncertainty:      0.035ns  ((TSJ^2 + TIJ^2)^1/2 + DJ) / 2 + PE
    Total System Jitter     (TSJ):    0.071ns
    Total Input Jitter      (TIJ):    0.000ns
    Discrete Jitter          (DJ):    0.000ns
    Phase Error              (PE):    0.000ns

    Location             Delay type                Incr(ns)  Path(ns)    Netlist Resource(s)
  -------------------------------------------------------------------    -------------------
                         (clock clk rise edge)        0.000     0.000 r  <hidden>
                                                      0.000     0.000 r  clk
                         net (fo=27509, unset)        0.537     0.537    u_array/g_pe[150].u_pe/clk
    SLICE_X416Y171       FDRE                                         r  u_array/g_pe[150].u_pe/H_curr_reg_reg[2]/C
  -------------------------------------------------------------------    -------------------
    SLICE_X416Y171       FDRE (Prop_fdre_C_Q)         0.259     0.796 r  u_array/g_pe[150].u_pe/H_curr_reg_reg[2]/Q
                         net (fo=11, routed)          0.471     1.267    u_array/g_pe[150].u_pe/H_curr_reg_reg[15]_1[2]
    SLICE_X416Y173       LUT6 (Prop_lut6_I4_O)        0.043     1.310 r  u_array/g_pe[150].u_pe/pr_j[9][7]_i_207/O
                         net (fo=1, routed)           0.385     1.695    u_array/g_pe[150].u_pe/pr_j[9][7]_i_207_n_0
    SLICE_X415Y173       CARRY4 (Prop_carry4_DI[1]_CO[3])
                                                      0.250     1.945 r  u_array/g_pe[150].u_pe/pr_j_reg[9][7]_i_139/CO[3]
                         net (fo=1, routed)           0.000     1.945    u_array/g_pe[150].u_pe/pr_j_reg[9][7]_i_139_n_0
    SLICE_X415Y174       CARRY4 (Prop_carry4_CI_CO[3])
                                                      0.053     1.998 r  u_array/g_pe[150].u_pe/pr_j_reg[9][7]_i_60/CO[3]
                         net (fo=36, routed)          0.766     2.764    u_array/g_pe[150].u_pe/active_q_reg_2[0]
    SLICE_X415Y175       LUT5 (Prop_lut5_I4_O)        0.054     2.818 r  u_array/g_pe[150].u_pe/pr_j[9][7]_i_164/O
                         net (fo=5, routed)           0.412     3.230    u_array/g_pe[149].u_pe/pr_j_reg[9][7]_i_59_0
    SLICE_X417Y176       LUT5 (Prop_lut5_I0_O)        0.137     3.367 r  u_array/g_pe[149].u_pe/pr_j[9][7]_i_135/O
                         net (fo=1, routed)           0.000     3.367    u_array/g_pe[149].u_pe/pr_j[9][7]_i_135_n_0
    SLICE_X417Y176       CARRY4 (Prop_carry4_S[3]_CO[3])
                                                      0.193     3.560 r  u_array/g_pe[149].u_pe/pr_j_reg[9][7]_i_59/CO[3]
                         net (fo=38, routed)          0.492     4.052    u_array/g_pe[149].u_pe/active_q_reg_1[0]
    SLICE_X421Y175       LUT3 (Prop_lut3_I0_O)        0.043     4.095 f  u_array/g_pe[149].u_pe/pr_j[9][2]_i_75/O
                         net (fo=15, routed)          0.515     4.609    u_array/g_pe[149].u_pe/pr_j[9][2]_i_75_n_0
    SLICE_X422Y175       LUT6 (Prop_lut6_I1_O)        0.043     4.652 r  u_array/g_pe[149].u_pe/pr_j[9][2]_i_66/O
                         net (fo=4, routed)           0.335     4.988    u_array/g_pe[144].u_pe/pr_j_reg[9][2]_i_6_6
    SLICE_X418Y175       LUT4 (Prop_lut4_I3_O)        0.043     5.031 r  u_array/g_pe[144].u_pe/pr_j[9][2]_i_37/O
                         net (fo=1, routed)           0.000     5.031    u_array/g_pe[149].u_pe/pr_j_reg[9][2]_i_2_8[3]
    SLICE_X418Y175       CARRY4 (Prop_carry4_S[3]_CO[3])
                                                      0.193     5.224 r  u_array/g_pe[149].u_pe/pr_j_reg[9][2]_i_6/CO[3]
                         net (fo=1, routed)           0.000     5.224    u_array/g_pe[149].u_pe/pr_j_reg[9][2]_i_6_n_0
    SLICE_X418Y176       CARRY4 (Prop_carry4_CI_CO[3])
                                                      0.053     5.277 f  u_array/g_pe[149].u_pe/pr_j_reg[9][2]_i_2/CO[3]
                         net (fo=16, routed)          0.365     5.642    u_array/g_pe[146].u_pe/pr_h[9][1]_i_2_0[0]
    SLICE_X416Y176       LUT2 (Prop_lut2_I1_O)        0.043     5.685 r  u_array/g_pe[146].u_pe/pr_j[9][7]_i_20/O
                         net (fo=10, routed)          0.365     6.050    u_array/g_pe[146].u_pe/pr_j[9][7]_i_20_n_0
    SLICE_X423Y177       LUT6 (Prop_lut6_I3_O)        0.043     6.093 r  u_array/g_pe[146].u_pe/pr_h[9][6]_i_2_comp/O
                         net (fo=3, routed)           0.245     6.338    u_array/g_pe[146].u_pe/active_q_reg_4
    SLICE_X422Y178       LUT6 (Prop_lut6_I2_O)        0.043     6.381 r  u_array/g_pe[146].u_pe/pr_j[9][3]_i_26/O
                         net (fo=1, routed)           0.280     6.661    u_array/g_pe[157].u_pe/pr_j_reg[9][3]_i_2_2[1]
    SLICE_X420Y178       CARRY4 (Prop_carry4_DI[3]_CO[3])
                                                      0.193     6.854 r  u_array/g_pe[157].u_pe/pr_j_reg[9][3]_i_5/CO[3]
                         net (fo=1, routed)           0.000     6.854    u_array/g_pe[157].u_pe/pr_j_reg[9][3]_i_5_n_0
    SLICE_X420Y179       CARRY4 (Prop_carry4_CI_CO[3])
                                                      0.054     6.908 r  u_array/g_pe[157].u_pe/pr_j_reg[9][3]_i_2/CO[3]
                         net (fo=32, routed)          0.474     7.382    u_array/g_pe[157].u_pe/pr_j[9][3]_i_13[0]
    SLICE_X415Y179       LUT5 (Prop_lut5_I0_O)        0.043     7.425 f  u_array/g_pe[157].u_pe/pr_j[9][7]_i_4/O
                         net (fo=2, routed)           0.354     7.779    u_array/g_pe[149].u_pe/pr_i_reg[9][0]_2
    SLICE_X417Y180       LUT6 (Prop_lut6_I4_O)        0.043     7.822 r  u_array/g_pe[149].u_pe/pr_i[9][15]_i_1/O
                         net (fo=16, routed)          0.406     8.228    u_tracker/pr_i_reg[9][0]_0[0]
    SLICE_X412Y182       FDRE                                         r  u_tracker/pr_i_reg[9][14]/R
  -------------------------------------------------------------------    -------------------

                         (clock clk rise edge)        5.000     5.000 r  <hidden>
                                                      0.000     5.000 r  clk
                         net (fo=27509, unset)        0.510     5.510    u_tracker/clk
    SLICE_X412Y182       FDRE                                         r  u_tracker/pr_i_reg[9][14]/C
                         clock pessimism              0.000     5.510    <hidden>
                         clock uncertainty           -0.035     5.475    <hidden>
    SLICE_X412Y182       FDRE (Setup_fdre_C_R)       -0.281     5.194    u_tracker/pr_i_reg[9][14]
  -------------------------------------------------------------------
                         required time                          5.194    <hidden>
                         arrival time                          -8.228    <hidden>
  -------------------------------------------------------------------
                         slack                                 -3.034    <hidden>

Slack (VIOLATED) :        -3.034ns  (required time - arrival time)
  Source:                 u_array/g_pe[150].u_pe/H_curr_reg_reg[2]/C
                            (rising edge-triggered cell FDRE clocked by clk  {rise@0.000ns fall@2.500ns period=5.000ns})
  Destination:            u_tracker/pr_i_reg[9][15]/R
                            (rising edge-triggered cell FDRE clocked by clk  {rise@0.000ns fall@2.500ns period=5.000ns})
  Path Group:             clk
  Path Type:              Setup (Max at Slow Process Corner)
  Requirement:            5.000ns  (clk rise@5.000ns - clk rise@0.000ns)
  Data Path Delay:        7.691ns  (logic 1.826ns (23.742%)  route 5.865ns (76.258%))
  Logic Levels:           18  (CARRY4=7 LUT2=1 LUT3=1 LUT4=1 LUT5=3 LUT6=5)
  Clock Path Skew:        -0.027ns (DCD - SCD + CPR)
    Destination Clock Delay (DCD):    0.510ns = ( 5.510 - 5.000 ) 
    Source Clock Delay      (SCD):    0.537ns
    Clock Pessimism Removal (CPR):    0.000ns
  Clock Uncertainty:      0.035ns  ((TSJ^2 + TIJ^2)^1/2 + DJ) / 2 + PE
    Total System Jitter     (TSJ):    0.071ns
    Total Input Jitter      (TIJ):    0.000ns
    Discrete Jitter          (DJ):    0.000ns
    Phase Error              (PE):    0.000ns

    Location             Delay type                Incr(ns)  Path(ns)    Netlist Resource(s)
  -------------------------------------------------------------------    -------------------
                         (clock clk rise edge)        0.000     0.000 r  <hidden>
                                                      0.000     0.000 r  clk
                         net (fo=27509, unset)        0.537     0.537    u_array/g_pe[150].u_pe/clk
    SLICE_X416Y171       FDRE                                         r  u_array/g_pe[150].u_pe/H_curr_reg_reg[2]/C
  -------------------------------------------------------------------    -------------------
    SLICE_X416Y171       FDRE (Prop_fdre_C_Q)         0.259     0.796 r  u_array/g_pe[150].u_pe/H_curr_reg_reg[2]/Q
                         net (fo=11, routed)          0.471     1.267    u_array/g_pe[150].u_pe/H_curr_reg_reg[15]_1[2]
    SLICE_X416Y173       LUT6 (Prop_lut6_I4_O)        0.043     1.310 r  u_array/g_pe[150].u_pe/pr_j[9][7]_i_207/O
                         net (fo=1, routed)           0.385     1.695    u_array/g_pe[150].u_pe/pr_j[9][7]_i_207_n_0
    SLICE_X415Y173       CARRY4 (Prop_carry4_DI[1]_CO[3])
                                                      0.250     1.945 r  u_array/g_pe[150].u_pe/pr_j_reg[9][7]_i_139/CO[3]
                         net (fo=1, routed)           0.000     1.945    u_array/g_pe[150].u_pe/pr_j_reg[9][7]_i_139_n_0
    SLICE_X415Y174       CARRY4 (Prop_carry4_CI_CO[3])
                                                      0.053     1.998 r  u_array/g_pe[150].u_pe/pr_j_reg[9][7]_i_60/CO[3]
                         net (fo=36, routed)          0.766     2.764    u_array/g_pe[150].u_pe/active_q_reg_2[0]
    SLICE_X415Y175       LUT5 (Prop_lut5_I4_O)        0.054     2.818 r  u_array/g_pe[150].u_pe/pr_j[9][7]_i_164/O
                         net (fo=5, routed)           0.412     3.230    u_array/g_pe[149].u_pe/pr_j_reg[9][7]_i_59_0
    SLICE_X417Y176       LUT5 (Prop_lut5_I0_O)        0.137     3.367 r  u_array/g_pe[149].u_pe/pr_j[9][7]_i_135/O
                         net (fo=1, routed)           0.000     3.367    u_array/g_pe[149].u_pe/pr_j[9][7]_i_135_n_0
    SLICE_X417Y176       CARRY4 (Prop_carry4_S[3]_CO[3])
                                                      0.193     3.560 r  u_array/g_pe[149].u_pe/pr_j_reg[9][7]_i_59/CO[3]
                         net (fo=38, routed)          0.492     4.052    u_array/g_pe[149].u_pe/active_q_reg_1[0]
    SLICE_X421Y175       LUT3 (Prop_lut3_I0_O)        0.043     4.095 f  u_array/g_pe[149].u_pe/pr_j[9][2]_i_75/O
                         net (fo=15, routed)          0.515     4.609    u_array/g_pe[149].u_pe/pr_j[9][2]_i_75_n_0
    SLICE_X422Y175       LUT6 (Prop_lut6_I1_O)        0.043     4.652 r  u_array/g_pe[149].u_pe/pr_j[9][2]_i_66/O
                         net (fo=4, routed)           0.335     4.988    u_array/g_pe[144].u_pe/pr_j_reg[9][2]_i_6_6
    SLICE_X418Y175       LUT4 (Prop_lut4_I3_O)        0.043     5.031 r  u_array/g_pe[144].u_pe/pr_j[9][2]_i_37/O
                         net (fo=1, routed)           0.000     5.031    u_array/g_pe[149].u_pe/pr_j_reg[9][2]_i_2_8[3]
    SLICE_X418Y175       CARRY4 (Prop_carry4_S[3]_CO[3])
                                                      0.193     5.224 r  u_array/g_pe[149].u_pe/pr_j_reg[9][2]_i_6/CO[3]
                         net (fo=1, routed)           0.000     5.224    u_array/g_pe[149].u_pe/pr_j_reg[9][2]_i_6_n_0
    SLICE_X418Y176       CARRY4 (Prop_carry4_CI_CO[3])
                                                      0.053     5.277 f  u_array/g_pe[149].u_pe/pr_j_reg[9][2]_i_2/CO[3]
                         net (fo=16, routed)          0.365     5.642    u_array/g_pe[146].u_pe/pr_h[9][1]_i_2_0[0]
    SLICE_X416Y176       LUT2 (Prop_lut2_I1_O)        0.043     5.685 r  u_array/g_pe[146].u_pe/pr_j[9][7]_i_20/O
                         net (fo=10, routed)          0.365     6.050    u_array/g_pe[146].u_pe/pr_j[9][7]_i_20_n_0
    SLICE_X423Y177       LUT6 (Prop_lut6_I3_O)        0.043     6.093 r  u_array/g_pe[146].u_pe/pr_h[9][6]_i_2_comp/O
                         net (fo=3, routed)           0.245     6.338    u_array/g_pe[146].u_pe/active_q_reg_4
    SLICE_X422Y178       LUT6 (Prop_lut6_I2_O)        0.043     6.381 r  u_array/g_pe[146].u_pe/pr_j[9][3]_i_26/O
                         net (fo=1, routed)           0.280     6.661    u_array/g_pe[157].u_pe/pr_j_reg[9][3]_i_2_2[1]
    SLICE_X420Y178       CARRY4 (Prop_carry4_DI[3]_CO[3])
                                                      0.193     6.854 r  u_array/g_pe[157].u_pe/pr_j_reg[9][3]_i_5/CO[3]
                         net (fo=1, routed)           0.000     6.854    u_array/g_pe[157].u_pe/pr_j_reg[9][3]_i_5_n_0
    SLICE_X420Y179       CARRY4 (Prop_carry4_CI_CO[3])
                                                      0.054     6.908 r  u_array/g_pe[157].u_pe/pr_j_reg[9][3]_i_2/CO[3]
                         net (fo=32, routed)          0.474     7.382    u_array/g_pe[157].u_pe/pr_j[9][3]_i_13[0]
    SLICE_X415Y179       LUT5 (Prop_lut5_I0_O)        0.043     7.425 f  u_array/g_pe[157].u_pe/pr_j[9][7]_i_4/O
                         net (fo=2, routed)           0.354     7.779    u_array/g_pe[149].u_pe/pr_i_reg[9][0]_2
    SLICE_X417Y180       LUT6 (Prop_lut6_I4_O)        0.043     7.822 r  u_array/g_pe[149].u_pe/pr_i[9][15]_i_1/O
                         net (fo=16, routed)          0.406     8.228    u_tracker/pr_i_reg[9][0]_0[0]
    SLICE_X412Y182       FDRE                                         r  u_tracker/pr_i_reg[9][15]/R
  -------------------------------------------------------------------    -------------------

                         (clock clk rise edge)        5.000     5.000 r  <hidden>
                                                      0.000     5.000 r  clk
                         net (fo=27509, unset)        0.510     5.510    u_tracker/clk
    SLICE_X412Y182       FDRE                                         r  u_tracker/pr_i_reg[9][15]/C
                         clock pessimism              0.000     5.510    <hidden>
                         clock uncertainty           -0.035     5.475    <hidden>
    SLICE_X412Y182       FDRE (Setup_fdre_C_R)       -0.281     5.194    u_tracker/pr_i_reg[9][15]
  -------------------------------------------------------------------
                         required time                          5.194    <hidden>
                         arrival time                          -8.228    <hidden>
  -------------------------------------------------------------------
                         slack                                 -3.034    <hidden>

Slack (VIOLATED) :        -3.034ns  (required time - arrival time)
  Source:                 u_fsm/t_idx_reg[0]_rep__4/C
                            (rising edge-triggered cell FDRE clocked by clk  {rise@0.000ns fall@2.500ns period=5.000ns})
  Destination:            u_array/g_pe[0].u_pe/E_reg_reg[4]/D
                            (rising edge-triggered cell FDRE clocked by clk  {rise@0.000ns fall@2.500ns period=5.000ns})
  Path Group:             clk
  Path Type:              Setup (Max at Slow Process Corner)
  Requirement:            5.000ns  (clk rise@5.000ns - clk rise@0.000ns)
  Data Path Delay:        8.006ns  (logic 2.679ns (33.463%)  route 5.327ns (66.537%))
  Logic Levels:           22  (CARRY4=8 LUT2=2 LUT3=2 LUT5=1 LUT6=5 MUXF7=2 MUXF8=2)
  Clock Path Skew:        -0.027ns (DCD - SCD + CPR)
    Destination Clock Delay (DCD):    0.510ns = ( 5.510 - 5.000 ) 
    Source Clock Delay      (SCD):    0.537ns
    Clock Pessimism Removal (CPR):    0.000ns
  Clock Uncertainty:      0.035ns  ((TSJ^2 + TIJ^2)^1/2 + DJ) / 2 + PE
    Total System Jitter     (TSJ):    0.071ns
    Total Input Jitter      (TIJ):    0.000ns
    Discrete Jitter          (DJ):    0.000ns
    Phase Error              (PE):    0.000ns

    Location             Delay type                Incr(ns)  Path(ns)    Netlist Resource(s)
  -------------------------------------------------------------------    -------------------
                         (clock clk rise edge)        0.000     0.000 r  <hidden>
                                                      0.000     0.000 r  clk
                         net (fo=27509, unset)        0.537     0.537    u_fsm/clk
    SLICE_X479Y178       FDRE                                         r  u_fsm/t_idx_reg[0]_rep__4/C
  -------------------------------------------------------------------    -------------------
    SLICE_X479Y178       FDRE (Prop_fdre_C_Q)         0.223     0.760 r  u_fsm/t_idx_reg[0]_rep__4/Q
                         net (fo=110, routed)         0.763     1.523    u_fsm/t_idx_reg[0]_rep__4_n_0
    SLICE_X478Y182       LUT6 (Prop_lut6_I4_O)        0.043     1.566 f  u_fsm/target_q[2]_i_325/O
                         net (fo=1, routed)           0.000     1.566    u_fsm/target_q[2]_i_325_n_0
    SLICE_X478Y182       MUXF7 (Prop_muxf7_I1_O)      0.122     1.688 f  u_fsm/target_q_reg[2]_i_146/O
                         net (fo=1, routed)           0.000     1.688    u_fsm/target_q_reg[2]_i_146_n_0
    SLICE_X478Y182       MUXF8 (Prop_muxf8_I0_O)      0.045     1.733 f  u_fsm/target_q_reg[2]_i_57/O
                         net (fo=1, routed)           0.449     2.182    u_fsm/target_q_reg[2]_i_57_n_0
    SLICE_X474Y182       LUT6 (Prop_lut6_I1_O)        0.126     2.308 f  u_fsm/target_q[2]_i_22/O
                         net (fo=1, routed)           0.000     2.308    u_fsm/target_q[2]_i_22_n_0
    SLICE_X474Y182       MUXF7 (Prop_muxf7_I0_O)      0.107     2.415 f  u_fsm/target_q_reg[2]_i_11/O
                         net (fo=1, routed)           0.000     2.415    u_fsm/target_q_reg[2]_i_11_n_0
    SLICE_X474Y182       MUXF8 (Prop_muxf8_I1_O)      0.043     2.458 f  u_fsm/target_q_reg[2]_i_5/O
                         net (fo=1, routed)           0.411     2.870    u_fsm/target_q_reg[2]_i_5_n_0
    SLICE_X470Y182       LUT6 (Prop_lut6_I1_O)        0.126     2.996 f  u_fsm/target_q[2]_i_3/O
                         net (fo=2, routed)           0.646     3.641    u_fsm/target_q[2]
    SLICE_X439Y183       LUT2 (Prop_lut2_I1_O)        0.043     3.684 f  u_fsm/target_q[2]_i_2/O
                         net (fo=3, routed)           0.388     4.072    u_array/g_pe[0].u_pe/D[2]
    SLICE_X427Y183       LUT6 (Prop_lut6_I1_O)        0.043     4.115 r  u_array/g_pe[0].u_pe/H_curr_reg[3]_i_5__157_comp/O
                         net (fo=3, routed)           0.289     4.404    u_fsm/H_curr_reg_reg[3][0]
    SLICE_X422Y183       CARRY4 (Prop_carry4_DI[3]_CO[3])
                                                      0.190     4.594 r  u_fsm/H_curr_reg_reg[3]_i_3/CO[3]
                         net (fo=1, routed)           0.000     4.594    u_fsm/H_curr_reg_reg[3]_i_3_n_0
    SLICE_X422Y184       CARRY4 (Prop_carry4_CI_CO[3])
                                                      0.053     4.647 r  u_fsm/H_curr_reg_reg[7]_i_3/CO[3]
                         net (fo=1, routed)           0.000     4.647    u_fsm/H_curr_reg_reg[7]_i_3_n_0
    SLICE_X422Y185       CARRY4 (Prop_carry4_CI_O[1])
                                                      0.166     4.813 f  u_fsm/H_curr_reg_reg[11]_i_3/O[1]
                         net (fo=8, routed)           0.468     5.281    u_fsm/H_curr_reg_reg[11]_i_3_n_6
    SLICE_X424Y184       LUT3 (Prop_lut3_I0_O)        0.123     5.404 r  u_fsm/H_curr_reg[15]_i_38__4/O
                         net (fo=1, routed)           0.000     5.404    u_fsm/H_curr_reg[15]_i_38__4_n_0
    SLICE_X424Y184       CARRY4 (Prop_carry4_S[0]_CO[3])
                                                      0.246     5.650 r  u_fsm/H_curr_reg_reg[15]_i_9/CO[3]
                         net (fo=2, routed)           0.376     6.026    u_fsm/H_curr_reg_reg[15]_i_9_n_0
    SLICE_X425Y183       LUT3 (Prop_lut3_I0_O)        0.043     6.069 r  u_fsm/H_curr_reg[15]_i_4/O
                         net (fo=62, routed)          0.244     6.313    u_fsm/H_curr_reg[15]_i_4_n_0
    SLICE_X421Y183       LUT5 (Prop_lut5_I4_O)        0.043     6.356 r  u_fsm/E_reg[3]_i_6/O
                         net (fo=2, routed)           0.296     6.652    u_fsm/u_array/g_pe[0].u_pe/E_reg7[1]
    SLICE_X423Y185       CARRY4 (Prop_carry4_DI[1]_CO[3])
                                                      0.250     6.902 r  u_fsm/E_reg_reg[3]_i_2/CO[3]
                         net (fo=1, routed)           0.000     6.902    u_fsm/E_reg_reg[3]_i_2_n_0
    SLICE_X423Y186       CARRY4 (Prop_carry4_CI_CO[3])
                                                      0.053     6.955 r  u_fsm/E_reg_reg[7]_i_2/CO[3]
                         net (fo=1, routed)           0.000     6.955    u_fsm/E_reg_reg[7]_i_2_n_0
    SLICE_X423Y187       CARRY4 (Prop_carry4_CI_O[1])
                                                      0.166     7.121 f  u_fsm/E_reg_reg[11]_i_2/O[1]
                         net (fo=5, routed)           0.374     7.495    u_fsm/u_array/g_pe[0].u_pe/E_reg62_in[9]
    SLICE_X421Y187       LUT2 (Prop_lut2_I1_O)        0.123     7.618 r  u_fsm/E_reg[15]_i_24/O
                         net (fo=1, routed)           0.000     7.618    u_fsm/E_reg[15]_i_24_n_0
    SLICE_X421Y187       CARRY4 (Prop_carry4_S[0]_CO[3])
                                                      0.259     7.877 r  u_fsm/E_reg_reg[15]_i_4/CO[3]
                         net (fo=16, routed)          0.622     8.500    u_fsm/E_reg_reg[15]_i_4_n_0
    SLICE_X421Y189       LUT6 (Prop_lut6_I1_O)        0.043     8.543 r  u_fsm/E_reg[4]_i_1/O
                         net (fo=1, routed)           0.000     8.543    u_array/g_pe[0].u_pe/E_reg_reg[15]_2[4]
    SLICE_X421Y189       FDRE                                         r  u_array/g_pe[0].u_pe/E_reg_reg[4]/D
  -------------------------------------------------------------------    -------------------

                         (clock clk rise edge)        5.000     5.000 r  <hidden>
                                                      0.000     5.000 r  clk
                         net (fo=27509, unset)        0.510     5.510    u_array/g_pe[0].u_pe/clk
    SLICE_X421Y189       FDRE                                         r  u_array/g_pe[0].u_pe/E_reg_reg[4]/C
                         clock pessimism              0.000     5.510    <hidden>
                         clock uncertainty           -0.035     5.475    <hidden>
    SLICE_X421Y189       FDRE (Setup_fdre_C_D)        0.034     5.509    u_array/g_pe[0].u_pe/E_reg_reg[4]
  -------------------------------------------------------------------
                         required time                          5.509    <hidden>
                         arrival time                          -8.543    <hidden>
  -------------------------------------------------------------------
                         slack                                 -3.034    <hidden>

Slack (VIOLATED) :        -3.029ns  (required time - arrival time)
  Source:                 u_array/g_pe[134].u_pe/active_q_reg/C
                            (rising edge-triggered cell FDRE clocked by clk  {rise@0.000ns fall@2.500ns period=5.000ns})
  Destination:            u_tracker/pr_i_reg[8][13]/D
                            (rising edge-triggered cell FDRE clocked by clk  {rise@0.000ns fall@2.500ns period=5.000ns})
  Path Group:             clk
  Path Type:              Setup (Max at Slow Process Corner)
  Requirement:            5.000ns  (clk rise@5.000ns - clk rise@0.000ns)
  Data Path Delay:        8.043ns  (logic 2.599ns (32.313%)  route 5.444ns (67.687%))
  Logic Levels:           21  (CARRY4=10 LUT2=3 LUT4=1 LUT5=2 LUT6=4 MUXF7=1)
  Clock Path Skew:        -0.027ns (DCD - SCD + CPR)
    Destination Clock Delay (DCD):    0.510ns = ( 5.510 - 5.000 ) 
    Source Clock Delay      (SCD):    0.537ns
    Clock Pessimism Removal (CPR):    0.000ns
  Clock Uncertainty:      0.035ns  ((TSJ^2 + TIJ^2)^1/2 + DJ) / 2 + PE
    Total System Jitter     (TSJ):    0.071ns
    Total Input Jitter      (TIJ):    0.000ns
    Discrete Jitter          (DJ):    0.000ns
    Phase Error              (PE):    0.000ns

    Location             Delay type                Incr(ns)  Path(ns)    Netlist Resource(s)
  -------------------------------------------------------------------    -------------------
                         (clock clk rise edge)        0.000     0.000 r  <hidden>
                                                      0.000     0.000 r  clk
                         net (fo=27509, unset)        0.537     0.537    u_array/g_pe[134].u_pe/clk
    SLICE_X365Y164       FDRE                                         r  u_array/g_pe[134].u_pe/active_q_reg/C
  -------------------------------------------------------------------    -------------------
    SLICE_X365Y164       FDRE (Prop_fdre_C_Q)         0.223     0.760 r  u_array/g_pe[134].u_pe/active_q_reg/Q
                         net (fo=112, routed)         0.649     1.409    u_array/g_pe[134].u_pe/active_q_reg_0[0]
    SLICE_X364Y163       LUT6 (Prop_lut6_I1_O)        0.043     1.452 r  u_array/g_pe[134].u_pe/pr_j[8][7]_i_331/O
                         net (fo=1, routed)           0.299     1.751    u_array/g_pe[134].u_pe/pr_j[8][7]_i_331_n_0
    SLICE_X364Y164       CARRY4 (Prop_carry4_DI[2]_CO[3])
                                                      0.202     1.953 r  u_array/g_pe[134].u_pe/pr_j_reg[8][7]_i_186/CO[3]
                         net (fo=1, routed)           0.000     1.953    u_array/g_pe[134].u_pe/pr_j_reg[8][7]_i_186_n_0
    SLICE_X364Y165       CARRY4 (Prop_carry4_CI_CO[3])
                                                      0.054     2.007 r  u_array/g_pe[134].u_pe/pr_j_reg[8][7]_i_57/CO[3]
                         net (fo=37, routed)          0.600     2.607    u_array/g_pe[134].u_pe/H_curr_reg_reg[15]_2[0]
    SLICE_X366Y167       LUT5 (Prop_lut5_I2_O)        0.052     2.659 r  u_array/g_pe[134].u_pe/pr_j[8][7]_i_217/O
                         net (fo=5, routed)           0.430     3.089    u_array/g_pe[132].u_pe/pr_j[8][2]_i_33
    SLICE_X368Y165       LUT5 (Prop_lut5_I1_O)        0.136     3.225 r  u_array/g_pe[132].u_pe/pr_j[8][7]_i_75/O
                         net (fo=1, routed)           0.000     3.225    u_array/g_pe[132].u_pe/pr_j[8][7]_i_75_n_0
    SLICE_X368Y165       CARRY4 (Prop_carry4_S[0]_CO[3])
                                                      0.246     3.471 f  u_array/g_pe[132].u_pe/pr_j_reg[8][7]_i_22/CO[3]
                         net (fo=40, routed)          0.408     3.879    u_array/g_pe[132].u_pe/H_curr_reg_reg[15]_2[0]
    SLICE_X368Y166       LUT2 (Prop_lut2_I0_O)        0.043     3.922 r  u_array/g_pe[132].u_pe/pr_j[8][2]_i_74/O
                         net (fo=15, routed)          0.383     4.305    u_array/g_pe[132].u_pe/pr_j_reg[8][7]_i_20
    SLICE_X365Y166       LUT6 (Prop_lut6_I5_O)        0.043     4.348 r  u_array/g_pe[132].u_pe/pr_j[8][2]_i_71/O
                         net (fo=4, routed)           0.345     4.694    u_array/g_pe[130].u_pe/pr_j_reg[8][2]_i_7_2
    SLICE_X366Y165       LUT4 (Prop_lut4_I3_O)        0.043     4.737 r  u_array/g_pe[130].u_pe/pr_j[8][2]_i_40/O
                         net (fo=1, routed)           0.000     4.737    u_array/g_pe[132].u_pe/pr_j_reg[8][2]_i_3_5[1]
    SLICE_X366Y165       CARRY4 (Prop_carry4_S[1]_CO[3])
                                                      0.267     5.004 r  u_array/g_pe[132].u_pe/pr_j_reg[8][2]_i_7/CO[3]
                         net (fo=1, routed)           0.000     5.004    u_array/g_pe[130].u_pe/pr_j_reg[8][2][0]
    SLICE_X366Y166       CARRY4 (Prop_carry4_CI_CO[3])
                                                      0.053     5.057 r  u_array/g_pe[130].u_pe/pr_j_reg[8][2]_i_3/CO[3]
                         net (fo=9, routed)           0.556     5.613    u_array/g_pe[130].u_pe/pr_j[8][2]_i_15_0[0]
    SLICE_X373Y166       LUT2 (Prop_lut2_I0_O)        0.043     5.656 r  u_array/g_pe[130].u_pe/pr_h[8][15]_i_9/O
                         net (fo=16, routed)          0.558     6.213    u_array/g_pe[130].u_pe/pr_j_reg[8][2]_i_4_0
    SLICE_X374Y166       LUT6 (Prop_lut6_I3_O)        0.043     6.256 f  u_array/g_pe[130].u_pe/pr_h[8][8]_i_2/O
                         net (fo=3, routed)           0.366     6.623    u_array/g_pe[137].u_pe/pr_h_reg[8][8]_0
    SLICE_X375Y166       LUT6 (Prop_lut6_I5_O)        0.043     6.666 r  u_array/g_pe[137].u_pe/pr_j[8][7]_i_12/O
                         net (fo=1, routed)           0.196     6.862    u_array/g_pe[137].u_pe/pr_j[8][7]_i_12_n_0
    SLICE_X377Y166       CARRY4 (Prop_carry4_DI[0]_CO[3])
                                                      0.269     7.131 r  u_array/g_pe[137].u_pe/pr_j_reg[8][7]_i_2/CO[3]
                         net (fo=30, routed)          0.462     7.593    u_array/g_pe[137].u_pe/pr_j[8][7]_i_16_0[0]
    SLICE_X376Y169       MUXF7 (Prop_muxf7_S_O)       0.154     7.747 r  u_array/g_pe[137].u_pe/pr_i_reg[8][3]_i_7/O
                         net (fo=1, routed)           0.191     7.938    u_tracker/p_13_in[0]
    SLICE_X376Y170       LUT2 (Prop_lut2_I1_O)        0.123     8.061 r  u_tracker/pr_i[8][3]_i_5/O
                         net (fo=1, routed)           0.000     8.061    u_tracker/pr_i[8][3]_i_5_n_0
    SLICE_X376Y170       CARRY4 (Prop_carry4_S[0]_CO[3])
                                                      0.246     8.307 r  u_tracker/pr_i_reg[8][3]_i_1/CO[3]
                         net (fo=1, routed)           0.000     8.307    u_tracker/pr_i_reg[8][3]_i_1_n_0
    SLICE_X376Y171       CARRY4 (Prop_carry4_CI_CO[3])
                                                      0.054     8.361 r  u_tracker/pr_i_reg[8][7]_i_1/CO[3]
                         net (fo=1, routed)           0.000     8.361    u_tracker/pr_i_reg[8][7]_i_1_n_0
    SLICE_X376Y172       CARRY4 (Prop_carry4_CI_CO[3])
                                                      0.054     8.415 r  u_tracker/pr_i_reg[8][11]_i_1/CO[3]
                         net (fo=1, routed)           0.000     8.415    u_tracker/pr_i_reg[8][11]_i_1_n_0
    SLICE_X376Y173       CARRY4 (Prop_carry4_CI_O[1])
                                                      0.165     8.580 r  u_tracker/pr_i_reg[8][15]_i_2/O[1]
                         net (fo=1, routed)           0.000     8.580    u_tracker/s1_i14_out[13]
    SLICE_X376Y173       FDRE                                         r  u_tracker/pr_i_reg[8][13]/D
  -------------------------------------------------------------------    -------------------

                         (clock clk rise edge)        5.000     5.000 r  <hidden>
                                                      0.000     5.000 r  clk
                         net (fo=27509, unset)        0.510     5.510    u_tracker/clk
    SLICE_X376Y173       FDRE                                         r  u_tracker/pr_i_reg[8][13]/C
                         clock pessimism              0.000     5.510    <hidden>
                         clock uncertainty           -0.035     5.475    <hidden>
    SLICE_X376Y173       FDRE (Setup_fdre_C_D)        0.076     5.551    u_tracker/pr_i_reg[8][13]
  -------------------------------------------------------------------
                         required time                          5.551    <hidden>
                         arrival time                          -8.580    <hidden>
  -------------------------------------------------------------------
                         slack                                 -3.029    <hidden>

Slack (VIOLATED) :        -3.028ns  (required time - arrival time)
  Source:                 u_array/g_pe[150].u_pe/H_curr_reg_reg[2]/C
                            (rising edge-triggered cell FDRE clocked by clk  {rise@0.000ns fall@2.500ns period=5.000ns})
  Destination:            u_tracker/pr_i_reg[9][2]/R
                            (rising edge-triggered cell FDRE clocked by clk  {rise@0.000ns fall@2.500ns period=5.000ns})
  Path Group:             clk
  Path Type:              Setup (Max at Slow Process Corner)
  Requirement:            5.000ns  (clk rise@5.000ns - clk rise@0.000ns)
  Data Path Delay:        7.685ns  (logic 1.826ns (23.762%)  route 5.859ns (76.238%))
  Logic Levels:           18  (CARRY4=7 LUT2=1 LUT3=1 LUT4=1 LUT5=3 LUT6=5)
  Clock Path Skew:        -0.027ns (DCD - SCD + CPR)
    Destination Clock Delay (DCD):    0.510ns = ( 5.510 - 5.000 ) 
    Source Clock Delay      (SCD):    0.537ns
    Clock Pessimism Removal (CPR):    0.000ns
  Clock Uncertainty:      0.035ns  ((TSJ^2 + TIJ^2)^1/2 + DJ) / 2 + PE
    Total System Jitter     (TSJ):    0.071ns
    Total Input Jitter      (TIJ):    0.000ns
    Discrete Jitter          (DJ):    0.000ns
    Phase Error              (PE):    0.000ns

    Location             Delay type                Incr(ns)  Path(ns)    Netlist Resource(s)
  -------------------------------------------------------------------    -------------------
                         (clock clk rise edge)        0.000     0.000 r  <hidden>
                                                      0.000     0.000 r  clk
                         net (fo=27509, unset)        0.537     0.537    u_array/g_pe[150].u_pe/clk
    SLICE_X416Y171       FDRE                                         r  u_array/g_pe[150].u_pe/H_curr_reg_reg[2]/C
  -------------------------------------------------------------------    -------------------
    SLICE_X416Y171       FDRE (Prop_fdre_C_Q)         0.259     0.796 r  u_array/g_pe[150].u_pe/H_curr_reg_reg[2]/Q
                         net (fo=11, routed)          0.471     1.267    u_array/g_pe[150].u_pe/H_curr_reg_reg[15]_1[2]
    SLICE_X416Y173       LUT6 (Prop_lut6_I4_O)        0.043     1.310 r  u_array/g_pe[150].u_pe/pr_j[9][7]_i_207/O
                         net (fo=1, routed)           0.385     1.695    u_array/g_pe[150].u_pe/pr_j[9][7]_i_207_n_0
    SLICE_X415Y173       CARRY4 (Prop_carry4_DI[1]_CO[3])
                                                      0.250     1.945 r  u_array/g_pe[150].u_pe/pr_j_reg[9][7]_i_139/CO[3]
                         net (fo=1, routed)           0.000     1.945    u_array/g_pe[150].u_pe/pr_j_reg[9][7]_i_139_n_0
    SLICE_X415Y174       CARRY4 (Prop_carry4_CI_CO[3])
                                                      0.053     1.998 r  u_array/g_pe[150].u_pe/pr_j_reg[9][7]_i_60/CO[3]
                         net (fo=36, routed)          0.766     2.764    u_array/g_pe[150].u_pe/active_q_reg_2[0]
    SLICE_X415Y175       LUT5 (Prop_lut5_I4_O)        0.054     2.818 r  u_array/g_pe[150].u_pe/pr_j[9][7]_i_164/O
                         net (fo=5, routed)           0.412     3.230    u_array/g_pe[149].u_pe/pr_j_reg[9][7]_i_59_0
    SLICE_X417Y176       LUT5 (Prop_lut5_I0_O)        0.137     3.367 r  u_array/g_pe[149].u_pe/pr_j[9][7]_i_135/O
                         net (fo=1, routed)           0.000     3.367    u_array/g_pe[149].u_pe/pr_j[9][7]_i_135_n_0
    SLICE_X417Y176       CARRY4 (Prop_carry4_S[3]_CO[3])
                                                      0.193     3.560 r  u_array/g_pe[149].u_pe/pr_j_reg[9][7]_i_59/CO[3]
                         net (fo=38, routed)          0.492     4.052    u_array/g_pe[149].u_pe/active_q_reg_1[0]
    SLICE_X421Y175       LUT3 (Prop_lut3_I0_O)        0.043     4.095 f  u_array/g_pe[149].u_pe/pr_j[9][2]_i_75/O
                         net (fo=15, routed)          0.515     4.609    u_array/g_pe[149].u_pe/pr_j[9][2]_i_75_n_0
    SLICE_X422Y175       LUT6 (Prop_lut6_I1_O)        0.043     4.652 r  u_array/g_pe[149].u_pe/pr_j[9][2]_i_66/O
                         net (fo=4, routed)           0.335     4.988    u_array/g_pe[144].u_pe/pr_j_reg[9][2]_i_6_6
    SLICE_X418Y175       LUT4 (Prop_lut4_I3_O)        0.043     5.031 r  u_array/g_pe[144].u_pe/pr_j[9][2]_i_37/O
                         net (fo=1, routed)           0.000     5.031    u_array/g_pe[149].u_pe/pr_j_reg[9][2]_i_2_8[3]
    SLICE_X418Y175       CARRY4 (Prop_carry4_S[3]_CO[3])
                                                      0.193     5.224 r  u_array/g_pe[149].u_pe/pr_j_reg[9][2]_i_6/CO[3]
                         net (fo=1, routed)           0.000     5.224    u_array/g_pe[149].u_pe/pr_j_reg[9][2]_i_6_n_0
    SLICE_X418Y176       CARRY4 (Prop_carry4_CI_CO[3])
                                                      0.053     5.277 f  u_array/g_pe[149].u_pe/pr_j_reg[9][2]_i_2/CO[3]
                         net (fo=16, routed)          0.365     5.642    u_array/g_pe[146].u_pe/pr_h[9][1]_i_2_0[0]
    SLICE_X416Y176       LUT2 (Prop_lut2_I1_O)        0.043     5.685 r  u_array/g_pe[146].u_pe/pr_j[9][7]_i_20/O
                         net (fo=10, routed)          0.365     6.050    u_array/g_pe[146].u_pe/pr_j[9][7]_i_20_n_0
    SLICE_X423Y177       LUT6 (Prop_lut6_I3_O)        0.043     6.093 r  u_array/g_pe[146].u_pe/pr_h[9][6]_i_2_comp/O
                         net (fo=3, routed)           0.245     6.338    u_array/g_pe[146].u_pe/active_q_reg_4
    SLICE_X422Y178       LUT6 (Prop_lut6_I2_O)        0.043     6.381 r  u_array/g_pe[146].u_pe/pr_j[9][3]_i_26/O
                         net (fo=1, routed)           0.280     6.661    u_array/g_pe[157].u_pe/pr_j_reg[9][3]_i_2_2[1]
    SLICE_X420Y178       CARRY4 (Prop_carry4_DI[3]_CO[3])
                                                      0.193     6.854 r  u_array/g_pe[157].u_pe/pr_j_reg[9][3]_i_5/CO[3]
                         net (fo=1, routed)           0.000     6.854    u_array/g_pe[157].u_pe/pr_j_reg[9][3]_i_5_n_0
    SLICE_X420Y179       CARRY4 (Prop_carry4_CI_CO[3])
                                                      0.054     6.908 r  u_array/g_pe[157].u_pe/pr_j_reg[9][3]_i_2/CO[3]
                         net (fo=32, routed)          0.474     7.382    u_array/g_pe[157].u_pe/pr_j[9][3]_i_13[0]
    SLICE_X415Y179       LUT5 (Prop_lut5_I0_O)        0.043     7.425 f  u_array/g_pe[157].u_pe/pr_j[9][7]_i_4/O
                         net (fo=2, routed)           0.354     7.779    u_array/g_pe[149].u_pe/pr_i_reg[9][0]_2
    SLICE_X417Y180       LUT6 (Prop_lut6_I4_O)        0.043     7.822 r  u_array/g_pe[149].u_pe/pr_i[9][15]_i_1/O
                         net (fo=16, routed)          0.399     8.222    u_tracker/pr_i_reg[9][0]_0[0]
    SLICE_X412Y179       FDRE                                         r  u_tracker/pr_i_reg[9][2]/R
  -------------------------------------------------------------------    -------------------

                         (clock clk rise edge)        5.000     5.000 r  <hidden>
                                                      0.000     5.000 r  clk
                         net (fo=27509, unset)        0.510     5.510    u_tracker/clk
    SLICE_X412Y179       FDRE                                         r  u_tracker/pr_i_reg[9][2]/C
                         clock pessimism              0.000     5.510    <hidden>
                         clock uncertainty           -0.035     5.475    <hidden>
    SLICE_X412Y179       FDRE (Setup_fdre_C_R)       -0.281     5.194    u_tracker/pr_i_reg[9][2]
  -------------------------------------------------------------------
                         required time                          5.194    <hidden>
                         arrival time                          -8.222    <hidden>
  -------------------------------------------------------------------
                         slack                                 -3.028    <hidden>

Slack (VIOLATED) :        -3.028ns  (required time - arrival time)
  Source:                 u_array/g_pe[150].u_pe/H_curr_reg_reg[2]/C
                            (rising edge-triggered cell FDRE clocked by clk  {rise@0.000ns fall@2.500ns period=5.000ns})
  Destination:            u_tracker/pr_i_reg[9][3]/R
                            (rising edge-triggered cell FDRE clocked by clk  {rise@0.000ns fall@2.500ns period=5.000ns})
  Path Group:             clk
  Path Type:              Setup (Max at Slow Process Corner)
  Requirement:            5.000ns  (clk rise@5.000ns - clk rise@0.000ns)
  Data Path Delay:        7.685ns  (logic 1.826ns (23.762%)  route 5.859ns (76.238%))
  Logic Levels:           18  (CARRY4=7 LUT2=1 LUT3=1 LUT4=1 LUT5=3 LUT6=5)
  Clock Path Skew:        -0.027ns (DCD - SCD + CPR)
    Destination Clock Delay (DCD):    0.510ns = ( 5.510 - 5.000 ) 
    Source Clock Delay      (SCD):    0.537ns
    Clock Pessimism Removal (CPR):    0.000ns
  Clock Uncertainty:      0.035ns  ((TSJ^2 + TIJ^2)^1/2 + DJ) / 2 + PE
    Total System Jitter     (TSJ):    0.071ns
    Total Input Jitter      (TIJ):    0.000ns
    Discrete Jitter          (DJ):    0.000ns
    Phase Error              (PE):    0.000ns

    Location             Delay type                Incr(ns)  Path(ns)    Netlist Resource(s)
  -------------------------------------------------------------------    -------------------
                         (clock clk rise edge)        0.000     0.000 r  <hidden>
                                                      0.000     0.000 r  clk
                         net (fo=27509, unset)        0.537     0.537    u_array/g_pe[150].u_pe/clk
    SLICE_X416Y171       FDRE                                         r  u_array/g_pe[150].u_pe/H_curr_reg_reg[2]/C
  -------------------------------------------------------------------    -------------------
    SLICE_X416Y171       FDRE (Prop_fdre_C_Q)         0.259     0.796 r  u_array/g_pe[150].u_pe/H_curr_reg_reg[2]/Q
                         net (fo=11, routed)          0.471     1.267    u_array/g_pe[150].u_pe/H_curr_reg_reg[15]_1[2]
    SLICE_X416Y173       LUT6 (Prop_lut6_I4_O)        0.043     1.310 r  u_array/g_pe[150].u_pe/pr_j[9][7]_i_207/O
                         net (fo=1, routed)           0.385     1.695    u_array/g_pe[150].u_pe/pr_j[9][7]_i_207_n_0
    SLICE_X415Y173       CARRY4 (Prop_carry4_DI[1]_CO[3])
                                                      0.250     1.945 r  u_array/g_pe[150].u_pe/pr_j_reg[9][7]_i_139/CO[3]
                         net (fo=1, routed)           0.000     1.945    u_array/g_pe[150].u_pe/pr_j_reg[9][7]_i_139_n_0
    SLICE_X415Y174       CARRY4 (Prop_carry4_CI_CO[3])
                                                      0.053     1.998 r  u_array/g_pe[150].u_pe/pr_j_reg[9][7]_i_60/CO[3]
                         net (fo=36, routed)          0.766     2.764    u_array/g_pe[150].u_pe/active_q_reg_2[0]
    SLICE_X415Y175       LUT5 (Prop_lut5_I4_O)        0.054     2.818 r  u_array/g_pe[150].u_pe/pr_j[9][7]_i_164/O
                         net (fo=5, routed)           0.412     3.230    u_array/g_pe[149].u_pe/pr_j_reg[9][7]_i_59_0
    SLICE_X417Y176       LUT5 (Prop_lut5_I0_O)        0.137     3.367 r  u_array/g_pe[149].u_pe/pr_j[9][7]_i_135/O
                         net (fo=1, routed)           0.000     3.367    u_array/g_pe[149].u_pe/pr_j[9][7]_i_135_n_0
    SLICE_X417Y176       CARRY4 (Prop_carry4_S[3]_CO[3])
                                                      0.193     3.560 r  u_array/g_pe[149].u_pe/pr_j_reg[9][7]_i_59/CO[3]
                         net (fo=38, routed)          0.492     4.052    u_array/g_pe[149].u_pe/active_q_reg_1[0]
    SLICE_X421Y175       LUT3 (Prop_lut3_I0_O)        0.043     4.095 f  u_array/g_pe[149].u_pe/pr_j[9][2]_i_75/O
                         net (fo=15, routed)          0.515     4.609    u_array/g_pe[149].u_pe/pr_j[9][2]_i_75_n_0
    SLICE_X422Y175       LUT6 (Prop_lut6_I1_O)        0.043     4.652 r  u_array/g_pe[149].u_pe/pr_j[9][2]_i_66/O
                         net (fo=4, routed)           0.335     4.988    u_array/g_pe[144].u_pe/pr_j_reg[9][2]_i_6_6
    SLICE_X418Y175       LUT4 (Prop_lut4_I3_O)        0.043     5.031 r  u_array/g_pe[144].u_pe/pr_j[9][2]_i_37/O
                         net (fo=1, routed)           0.000     5.031    u_array/g_pe[149].u_pe/pr_j_reg[9][2]_i_2_8[3]
    SLICE_X418Y175       CARRY4 (Prop_carry4_S[3]_CO[3])
                                                      0.193     5.224 r  u_array/g_pe[149].u_pe/pr_j_reg[9][2]_i_6/CO[3]
                         net (fo=1, routed)           0.000     5.224    u_array/g_pe[149].u_pe/pr_j_reg[9][2]_i_6_n_0
    SLICE_X418Y176       CARRY4 (Prop_carry4_CI_CO[3])
                                                      0.053     5.277 f  u_array/g_pe[149].u_pe/pr_j_reg[9][2]_i_2/CO[3]
                         net (fo=16, routed)          0.365     5.642    u_array/g_pe[146].u_pe/pr_h[9][1]_i_2_0[0]
    SLICE_X416Y176       LUT2 (Prop_lut2_I1_O)        0.043     5.685 r  u_array/g_pe[146].u_pe/pr_j[9][7]_i_20/O
                         net (fo=10, routed)          0.365     6.050    u_array/g_pe[146].u_pe/pr_j[9][7]_i_20_n_0
    SLICE_X423Y177       LUT6 (Prop_lut6_I3_O)        0.043     6.093 r  u_array/g_pe[146].u_pe/pr_h[9][6]_i_2_comp/O
                         net (fo=3, routed)           0.245     6.338    u_array/g_pe[146].u_pe/active_q_reg_4
    SLICE_X422Y178       LUT6 (Prop_lut6_I2_O)        0.043     6.381 r  u_array/g_pe[146].u_pe/pr_j[9][3]_i_26/O
                         net (fo=1, routed)           0.280     6.661    u_array/g_pe[157].u_pe/pr_j_reg[9][3]_i_2_2[1]
    SLICE_X420Y178       CARRY4 (Prop_carry4_DI[3]_CO[3])
                                                      0.193     6.854 r  u_array/g_pe[157].u_pe/pr_j_reg[9][3]_i_5/CO[3]
                         net (fo=1, routed)           0.000     6.854    u_array/g_pe[157].u_pe/pr_j_reg[9][3]_i_5_n_0
    SLICE_X420Y179       CARRY4 (Prop_carry4_CI_CO[3])
                                                      0.054     6.908 r  u_array/g_pe[157].u_pe/pr_j_reg[9][3]_i_2/CO[3]
                         net (fo=32, routed)          0.474     7.382    u_array/g_pe[157].u_pe/pr_j[9][3]_i_13[0]
    SLICE_X415Y179       LUT5 (Prop_lut5_I0_O)        0.043     7.425 f  u_array/g_pe[157].u_pe/pr_j[9][7]_i_4/O
                         net (fo=2, routed)           0.354     7.779    u_array/g_pe[149].u_pe/pr_i_reg[9][0]_2
    SLICE_X417Y180       LUT6 (Prop_lut6_I4_O)        0.043     7.822 r  u_array/g_pe[149].u_pe/pr_i[9][15]_i_1/O
                         net (fo=16, routed)          0.399     8.222    u_tracker/pr_i_reg[9][0]_0[0]
    SLICE_X412Y179       FDRE                                         r  u_tracker/pr_i_reg[9][3]/R
  -------------------------------------------------------------------    -------------------

                         (clock clk rise edge)        5.000     5.000 r  <hidden>
                                                      0.000     5.000 r  clk
                         net (fo=27509, unset)        0.510     5.510    u_tracker/clk
    SLICE_X412Y179       FDRE                                         r  u_tracker/pr_i_reg[9][3]/C
                         clock pessimism              0.000     5.510    <hidden>
                         clock uncertainty           -0.035     5.475    <hidden>
    SLICE_X412Y179       FDRE (Setup_fdre_C_R)       -0.281     5.194    u_tracker/pr_i_reg[9][3]
  -------------------------------------------------------------------
                         required time                          5.194    <hidden>
                         arrival time                          -8.222    <hidden>
  -------------------------------------------------------------------
                         slack                                 -3.028    <hidden>

Slack (VIOLATED) :        -3.023ns  (required time - arrival time)
  Source:                 u_fsm/t_idx_reg[0]_rep__4/C
                            (rising edge-triggered cell FDRE clocked by clk  {rise@0.000ns fall@2.500ns period=5.000ns})
  Destination:            u_array/g_pe[0].u_pe/F_out_reg_reg[9]/D
                            (rising edge-triggered cell FDRE clocked by clk  {rise@0.000ns fall@2.500ns period=5.000ns})
  Path Group:             clk
  Path Type:              Setup (Max at Slow Process Corner)
  Requirement:            5.000ns  (clk rise@5.000ns - clk rise@0.000ns)
  Data Path Delay:        7.995ns  (logic 2.449ns (30.633%)  route 5.546ns (69.367%))
  Logic Levels:           20  (CARRY4=6 LUT2=1 LUT3=2 LUT4=1 LUT5=1 LUT6=5 MUXF7=2 MUXF8=2)
  Clock Path Skew:        -0.027ns (DCD - SCD + CPR)
    Destination Clock Delay (DCD):    0.510ns = ( 5.510 - 5.000 ) 
    Source Clock Delay      (SCD):    0.537ns
    Clock Pessimism Removal (CPR):    0.000ns
  Clock Uncertainty:      0.035ns  ((TSJ^2 + TIJ^2)^1/2 + DJ) / 2 + PE
    Total System Jitter     (TSJ):    0.071ns
    Total Input Jitter      (TIJ):    0.000ns
    Discrete Jitter          (DJ):    0.000ns
    Phase Error              (PE):    0.000ns

    Location             Delay type                Incr(ns)  Path(ns)    Netlist Resource(s)
  -------------------------------------------------------------------    -------------------
                         (clock clk rise edge)        0.000     0.000 r  <hidden>
                                                      0.000     0.000 r  clk
                         net (fo=27509, unset)        0.537     0.537    u_fsm/clk
    SLICE_X479Y178       FDRE                                         r  u_fsm/t_idx_reg[0]_rep__4/C
  -------------------------------------------------------------------    -------------------
    SLICE_X479Y178       FDRE (Prop_fdre_C_Q)         0.223     0.760 r  u_fsm/t_idx_reg[0]_rep__4/Q
                         net (fo=110, routed)         0.763     1.523    u_fsm/t_idx_reg[0]_rep__4_n_0
    SLICE_X478Y182       LUT6 (Prop_lut6_I4_O)        0.043     1.566 f  u_fsm/target_q[2]_i_325/O
                         net (fo=1, routed)           0.000     1.566    u_fsm/target_q[2]_i_325_n_0
    SLICE_X478Y182       MUXF7 (Prop_muxf7_I1_O)      0.122     1.688 f  u_fsm/target_q_reg[2]_i_146/O
                         net (fo=1, routed)           0.000     1.688    u_fsm/target_q_reg[2]_i_146_n_0
    SLICE_X478Y182       MUXF8 (Prop_muxf8_I0_O)      0.045     1.733 f  u_fsm/target_q_reg[2]_i_57/O
                         net (fo=1, routed)           0.449     2.182    u_fsm/target_q_reg[2]_i_57_n_0
    SLICE_X474Y182       LUT6 (Prop_lut6_I1_O)        0.126     2.308 f  u_fsm/target_q[2]_i_22/O
                         net (fo=1, routed)           0.000     2.308    u_fsm/target_q[2]_i_22_n_0
    SLICE_X474Y182       MUXF7 (Prop_muxf7_I0_O)      0.107     2.415 f  u_fsm/target_q_reg[2]_i_11/O
                         net (fo=1, routed)           0.000     2.415    u_fsm/target_q_reg[2]_i_11_n_0
    SLICE_X474Y182       MUXF8 (Prop_muxf8_I1_O)      0.043     2.458 f  u_fsm/target_q_reg[2]_i_5/O
                         net (fo=1, routed)           0.411     2.870    u_fsm/target_q_reg[2]_i_5_n_0
    SLICE_X470Y182       LUT6 (Prop_lut6_I1_O)        0.126     2.996 f  u_fsm/target_q[2]_i_3/O
                         net (fo=2, routed)           0.646     3.641    u_fsm/target_q[2]
    SLICE_X439Y183       LUT2 (Prop_lut2_I1_O)        0.043     3.684 f  u_fsm/target_q[2]_i_2/O
                         net (fo=3, routed)           0.388     4.072    u_array/g_pe[0].u_pe/D[2]
    SLICE_X427Y183       LUT6 (Prop_lut6_I1_O)        0.043     4.115 r  u_array/g_pe[0].u_pe/H_curr_reg[3]_i_5__157_comp/O
                         net (fo=3, routed)           0.289     4.404    u_fsm/H_curr_reg_reg[3][0]
    SLICE_X422Y183       CARRY4 (Prop_carry4_DI[3]_CO[3])
                                                      0.190     4.594 r  u_fsm/H_curr_reg_reg[3]_i_3/CO[3]
                         net (fo=1, routed)           0.000     4.594    u_fsm/H_curr_reg_reg[3]_i_3_n_0
    SLICE_X422Y184       CARRY4 (Prop_carry4_CI_CO[3])
                                                      0.053     4.647 r  u_fsm/H_curr_reg_reg[7]_i_3/CO[3]
                         net (fo=1, routed)           0.000     4.647    u_fsm/H_curr_reg_reg[7]_i_3_n_0
    SLICE_X422Y185       CARRY4 (Prop_carry4_CI_O[1])
                                                      0.166     4.813 f  u_fsm/H_curr_reg_reg[11]_i_3/O[1]
                         net (fo=8, routed)           0.468     5.281    u_fsm/H_curr_reg_reg[11]_i_3_n_6
    SLICE_X424Y184       LUT3 (Prop_lut3_I0_O)        0.123     5.404 r  u_fsm/H_curr_reg[15]_i_38__4/O
                         net (fo=1, routed)           0.000     5.404    u_fsm/H_curr_reg[15]_i_38__4_n_0
    SLICE_X424Y184       CARRY4 (Prop_carry4_S[0]_CO[3])
                                                      0.246     5.650 r  u_fsm/H_curr_reg_reg[15]_i_9/CO[3]
                         net (fo=2, routed)           0.376     6.026    u_fsm/H_curr_reg_reg[15]_i_9_n_0
    SLICE_X425Y183       LUT3 (Prop_lut3_I0_O)        0.043     6.069 r  u_fsm/H_curr_reg[15]_i_4/O
                         net (fo=62, routed)          0.394     6.463    u_fsm/H_curr_reg[15]_i_4_n_0
    SLICE_X421Y185       LUT5 (Prop_lut5_I4_O)        0.043     6.506 r  u_fsm/E_reg[15]_i_11/O
                         net (fo=2, routed)           0.408     6.914    u_fsm/u_array/g_pe[0].u_pe/E_reg7[12]
    SLICE_X419Y188       CARRY4 (Prop_carry4_DI[0]_O[3])
                                                      0.308     7.222 r  u_fsm/F_out_reg_reg[15]_i_2/O[3]
                         net (fo=5, routed)           0.356     7.579    u_fsm/E_reg_reg[14]_0[1]
    SLICE_X417Y188       LUT4 (Prop_lut4_I0_O)        0.120     7.699 r  u_fsm/F_out_reg[15]_i_29/O
                         net (fo=1, routed)           0.000     7.699    u_fsm/F_out_reg[15]_i_29_n_0
    SLICE_X417Y188       CARRY4 (Prop_carry4_S[3]_CO[3])
                                                      0.193     7.892 r  u_fsm/F_out_reg_reg[15]_i_5/CO[3]
                         net (fo=16, routed)          0.597     8.489    u_fsm/u_array/g_pe[0].u_pe/F_out_reg5
    SLICE_X415Y188       LUT6 (Prop_lut6_I3_O)        0.043     8.532 r  u_fsm/F_out_reg[9]_i_1/O
                         net (fo=1, routed)           0.000     8.532    u_array/g_pe[0].u_pe/F_out_reg_reg[15]_1[9]
    SLICE_X415Y188       FDRE                                         r  u_array/g_pe[0].u_pe/F_out_reg_reg[9]/D
  -------------------------------------------------------------------    -------------------

                         (clock clk rise edge)        5.000     5.000 r  <hidden>
                                                      0.000     5.000 r  clk
                         net (fo=27509, unset)        0.510     5.510    u_array/g_pe[0].u_pe/clk
    SLICE_X415Y188       FDRE                                         r  u_array/g_pe[0].u_pe/F_out_reg_reg[9]/C
                         clock pessimism              0.000     5.510    <hidden>
                         clock uncertainty           -0.035     5.475    <hidden>
    SLICE_X415Y188       FDRE (Setup_fdre_C_D)        0.034     5.509    u_array/g_pe[0].u_pe/F_out_reg_reg[9]
  -------------------------------------------------------------------
                         required time                          5.509    <hidden>
                         arrival time                          -8.532    <hidden>
  -------------------------------------------------------------------
                         slack                                 -3.023    <hidden>

Slack (VIOLATED) :        -3.022ns  (required time - arrival time)
  Source:                 u_array/g_pe[71].u_pe/H_curr_reg_reg[11]/C
                            (rising edge-triggered cell FDRE clocked by clk  {rise@0.000ns fall@2.500ns period=5.000ns})
  Destination:            u_tracker/pr_i_reg[4][15]/D
                            (rising edge-triggered cell FDRE clocked by clk  {rise@0.000ns fall@2.500ns period=5.000ns})
  Path Group:             clk
  Path Type:              Setup (Max at Slow Process Corner)
  Requirement:            5.000ns  (clk rise@5.000ns - clk rise@0.000ns)
  Data Path Delay:        8.008ns  (logic 2.629ns (32.828%)  route 5.379ns (67.172%))
  Logic Levels:           20  (CARRY4=9 LUT2=2 LUT4=1 LUT5=1 LUT6=5 MUXF7=2)
  Clock Path Skew:        -0.027ns (DCD - SCD + CPR)
    Destination Clock Delay (DCD):    0.510ns = ( 5.510 - 5.000 ) 
    Source Clock Delay      (SCD):    0.537ns
    Clock Pessimism Removal (CPR):    0.000ns
  Clock Uncertainty:      0.035ns  ((TSJ^2 + TIJ^2)^1/2 + DJ) / 2 + PE
    Total System Jitter     (TSJ):    0.071ns
    Total Input Jitter      (TIJ):    0.000ns
    Discrete Jitter          (DJ):    0.000ns
    Phase Error              (PE):    0.000ns

    Location             Delay type                Incr(ns)  Path(ns)    Netlist Resource(s)
  -------------------------------------------------------------------    -------------------
                         (clock clk rise edge)        0.000     0.000 r  <hidden>
                                                      0.000     0.000 r  clk
                         net (fo=27509, unset)        0.537     0.537    u_array/g_pe[71].u_pe/clk
    SLICE_X329Y264       FDRE                                         r  u_array/g_pe[71].u_pe/H_curr_reg_reg[11]/C
  -------------------------------------------------------------------    -------------------
    SLICE_X329Y264       FDRE (Prop_fdre_C_Q)         0.223     0.760 r  u_array/g_pe[71].u_pe/H_curr_reg_reg[11]/Q
                         net (fo=8, routed)           0.424     1.184    u_array/g_pe[71].u_pe/H_curr_reg_reg[15]_1[11]
    SLICE_X337Y263       LUT2 (Prop_lut2_I1_O)        0.043     1.227 r  u_array/g_pe[71].u_pe/pr_h[4][11]_i_17/O
                         net (fo=5, routed)           0.438     1.665    u_array/g_pe[70].u_pe/s1_h[0][71]_1[11]
    SLICE_X336Y264       LUT5 (Prop_lut5_I4_O)        0.043     1.708 r  u_array/g_pe[70].u_pe/pr_j[4][2]_i_169/O
                         net (fo=1, routed)           0.000     1.708    u_array/g_pe[70].u_pe/pr_j[4][2]_i_169_n_0
    SLICE_X336Y264       CARRY4 (Prop_carry4_S[1]_CO[3])
                                                      0.256     1.964 r  u_array/g_pe[70].u_pe/pr_j_reg[4][2]_i_85/CO[3]
                         net (fo=77, routed)          0.510     2.474    u_array/g_pe[70].u_pe/pr_j_reg[4][2]_i_85_n_0
    SLICE_X335Y266       LUT4 (Prop_lut4_I3_O)        0.043     2.517 f  u_array/g_pe[70].u_pe/pr_j[4][2]_i_136/O
                         net (fo=4, routed)           0.387     2.904    u_array/g_pe[70].u_pe/u_tracker/s1_h[1][35][9]
    SLICE_X340Y264       LUT6 (Prop_lut6_I4_O)        0.043     2.947 r  u_array/g_pe[70].u_pe/pr_j[4][2]_i_80/O
                         net (fo=1, routed)           0.301     3.248    u_array/g_pe[70].u_pe/pr_j[4][2]_i_80_n_0
    SLICE_X338Y264       CARRY4 (Prop_carry4_DI[0]_CO[3])
                                                      0.269     3.517 r  u_array/g_pe[70].u_pe/pr_j_reg[4][2]_i_21/CO[3]
                         net (fo=22, routed)          0.559     4.076    u_array/g_pe[70].u_pe/pr_j[4][2]_i_84_0[0]
    SLICE_X338Y266       LUT6 (Prop_lut6_I3_O)        0.043     4.119 f  u_array/g_pe[70].u_pe/pr_h[4][3]_i_9/O
                         net (fo=1, routed)           0.000     4.119    u_array/g_pe[70].u_pe/pr_h[4][3]_i_9_n_0
    SLICE_X338Y266       MUXF7 (Prop_muxf7_I0_O)      0.107     4.226 f  u_array/g_pe[70].u_pe/pr_h_reg[4][3]_i_6/O
                         net (fo=5, routed)           0.339     4.564    u_array/g_pe[65].u_pe/pr_h_reg[4][3]
    SLICE_X341Y265       LUT6 (Prop_lut6_I4_O)        0.124     4.688 r  u_array/g_pe[65].u_pe/pr_j[4][1]_i_19/O
                         net (fo=1, routed)           0.384     5.073    u_array/g_pe[65].u_pe/pr_j[4][1]_i_19_n_0
    SLICE_X342Y263       CARRY4 (Prop_carry4_DI[1]_CO[3])
                                                      0.250     5.323 r  u_array/g_pe[65].u_pe/pr_j_reg[4][1]_i_8/CO[3]
                         net (fo=1, routed)           0.000     5.323    u_array/g_pe[65].u_pe/pr_j_reg[4][1]_i_8_n_0
    SLICE_X342Y264       CARRY4 (Prop_carry4_CI_CO[3])
                                                      0.053     5.376 r  u_array/g_pe[65].u_pe/pr_j_reg[4][1]_i_4/CO[3]
                         net (fo=25, routed)          0.600     5.976    u_array/g_pe[65].u_pe/pr_j[4][1]_i_16_0[0]
    SLICE_X344Y266       LUT6 (Prop_lut6_I1_O)        0.043     6.019 r  u_array/g_pe[65].u_pe/pr_h[4][10]_i_4/O
                         net (fo=3, routed)           0.284     6.303    u_array/g_pe[72].u_pe/pr_h_reg[4][10]_1
    SLICE_X344Y264       LUT6 (Prop_lut6_I3_O)        0.043     6.346 r  u_array/g_pe[72].u_pe/pr_j[4][6]_i_22/O
                         net (fo=1, routed)           0.274     6.620    u_array/g_pe[72].u_pe/pr_j[4][6]_i_22_n_0
    SLICE_X344Y263       CARRY4 (Prop_carry4_DI[1]_CO[3])
                                                      0.253     6.873 r  u_array/g_pe[72].u_pe/pr_j_reg[4][6]_i_5/CO[3]
                         net (fo=27, routed)          0.511     7.384    u_array/g_pe[72].u_pe/pr_j[4][6]_i_27_0[0]
    SLICE_X346Y261       MUXF7 (Prop_muxf7_S_O)       0.147     7.531 r  u_array/g_pe[72].u_pe/pr_i_reg[4][3]_i_6/O
                         net (fo=1, routed)           0.368     7.899    u_tracker/p_5_in[1]
    SLICE_X347Y257       LUT2 (Prop_lut2_I1_O)        0.124     8.023 r  u_tracker/pr_i[4][3]_i_4/O
                         net (fo=1, routed)           0.000     8.023    u_tracker/pr_i[4][3]_i_4_n_0
    SLICE_X347Y257       CARRY4 (Prop_carry4_S[1]_CO[3])
                                                      0.267     8.290 r  u_tracker/pr_i_reg[4][3]_i_1/CO[3]
                         net (fo=1, routed)           0.000     8.290    u_tracker/pr_i_reg[4][3]_i_1_n_0
    SLICE_X347Y258       CARRY4 (Prop_carry4_CI_CO[3])
                                                      0.053     8.343 r  u_tracker/pr_i_reg[4][7]_i_1/CO[3]
                         net (fo=1, routed)           0.000     8.343    u_tracker/pr_i_reg[4][7]_i_1_n_0
    SLICE_X347Y259       CARRY4 (Prop_carry4_CI_CO[3])
                                                      0.053     8.396 r  u_tracker/pr_i_reg[4][11]_i_1/CO[3]
                         net (fo=1, routed)           0.000     8.396    u_tracker/pr_i_reg[4][11]_i_1_n_0
    SLICE_X347Y260       CARRY4 (Prop_carry4_CI_O[3])
                                                      0.149     8.545 r  u_tracker/pr_i_reg[4][15]_i_2/O[3]
                         net (fo=1, routed)           0.000     8.545    u_tracker/s1_i6_out[15]
    SLICE_X347Y260       FDRE                                         r  u_tracker/pr_i_reg[4][15]/D
  -------------------------------------------------------------------    -------------------

                         (clock clk rise edge)        5.000     5.000 r  <hidden>
                                                      0.000     5.000 r  clk
                         net (fo=27509, unset)        0.510     5.510    u_tracker/clk
    SLICE_X347Y260       FDRE                                         r  u_tracker/pr_i_reg[4][15]/C
                         clock pessimism              0.000     5.510    <hidden>
                         clock uncertainty           -0.035     5.475    <hidden>
    SLICE_X347Y260       FDRE (Setup_fdre_C_D)        0.049     5.524    u_tracker/pr_i_reg[4][15]
  -------------------------------------------------------------------
                         required time                          5.524    <hidden>
                         arrival time                          -8.545    <hidden>
  -------------------------------------------------------------------
                         slack                                 -3.022    <hidden>

Slack (VIOLATED) :        -3.016ns  (required time - arrival time)
  Source:                 u_fsm/t_idx_reg[0]_rep__4/C
                            (rising edge-triggered cell FDRE clocked by clk  {rise@0.000ns fall@2.500ns period=5.000ns})
  Destination:            u_array/g_pe[0].u_pe/E_reg_reg[5]/D
                            (rising edge-triggered cell FDRE clocked by clk  {rise@0.000ns fall@2.500ns period=5.000ns})
  Path Group:             clk
  Path Type:              Setup (Max at Slow Process Corner)
  Requirement:            5.000ns  (clk rise@5.000ns - clk rise@0.000ns)
  Data Path Delay:        7.987ns  (logic 2.414ns (30.223%)  route 5.573ns (69.777%))
  Logic Levels:           20  (CARRY4=6 LUT2=1 LUT3=2 LUT4=1 LUT5=1 LUT6=5 MUXF7=2 MUXF8=2)
  Clock Path Skew:        -0.027ns (DCD - SCD + CPR)
    Destination Clock Delay (DCD):    0.510ns = ( 5.510 - 5.000 ) 
    Source Clock Delay      (SCD):    0.537ns
    Clock Pessimism Removal (CPR):    0.000ns
  Clock Uncertainty:      0.035ns  ((TSJ^2 + TIJ^2)^1/2 + DJ) / 2 + PE
    Total System Jitter     (TSJ):    0.071ns
    Total Input Jitter      (TIJ):    0.000ns
    Discrete Jitter          (DJ):    0.000ns
    Phase Error              (PE):    0.000ns

    Location             Delay type                Incr(ns)  Path(ns)    Netlist Resource(s)
  -------------------------------------------------------------------    -------------------
                         (clock clk rise edge)        0.000     0.000 r  <hidden>
                                                      0.000     0.000 r  clk
                         net (fo=27509, unset)        0.537     0.537    u_fsm/clk
    SLICE_X479Y178       FDRE                                         r  u_fsm/t_idx_reg[0]_rep__4/C
  -------------------------------------------------------------------    -------------------
    SLICE_X479Y178       FDRE (Prop_fdre_C_Q)         0.223     0.760 r  u_fsm/t_idx_reg[0]_rep__4/Q
                         net (fo=110, routed)         0.763     1.523    u_fsm/t_idx_reg[0]_rep__4_n_0
    SLICE_X478Y182       LUT6 (Prop_lut6_I4_O)        0.043     1.566 f  u_fsm/target_q[2]_i_325/O
                         net (fo=1, routed)           0.000     1.566    u_fsm/target_q[2]_i_325_n_0
    SLICE_X478Y182       MUXF7 (Prop_muxf7_I1_O)      0.122     1.688 f  u_fsm/target_q_reg[2]_i_146/O
                         net (fo=1, routed)           0.000     1.688    u_fsm/target_q_reg[2]_i_146_n_0
    SLICE_X478Y182       MUXF8 (Prop_muxf8_I0_O)      0.045     1.733 f  u_fsm/target_q_reg[2]_i_57/O
                         net (fo=1, routed)           0.449     2.182    u_fsm/target_q_reg[2]_i_57_n_0
    SLICE_X474Y182       LUT6 (Prop_lut6_I1_O)        0.126     2.308 f  u_fsm/target_q[2]_i_22/O
                         net (fo=1, routed)           0.000     2.308    u_fsm/target_q[2]_i_22_n_0
    SLICE_X474Y182       MUXF7 (Prop_muxf7_I0_O)      0.107     2.415 f  u_fsm/target_q_reg[2]_i_11/O
                         net (fo=1, routed)           0.000     2.415    u_fsm/target_q_reg[2]_i_11_n_0
    SLICE_X474Y182       MUXF8 (Prop_muxf8_I1_O)      0.043     2.458 f  u_fsm/target_q_reg[2]_i_5/O
                         net (fo=1, routed)           0.411     2.870    u_fsm/target_q_reg[2]_i_5_n_0
    SLICE_X470Y182       LUT6 (Prop_lut6_I1_O)        0.126     2.996 f  u_fsm/target_q[2]_i_3/O
                         net (fo=2, routed)           0.646     3.641    u_fsm/target_q[2]
    SLICE_X439Y183       LUT2 (Prop_lut2_I1_O)        0.043     3.684 f  u_fsm/target_q[2]_i_2/O
                         net (fo=3, routed)           0.388     4.072    u_array/g_pe[0].u_pe/D[2]
    SLICE_X427Y183       LUT6 (Prop_lut6_I1_O)        0.043     4.115 r  u_array/g_pe[0].u_pe/H_curr_reg[3]_i_5__157_comp/O
                         net (fo=3, routed)           0.289     4.404    u_fsm/H_curr_reg_reg[3][0]
    SLICE_X422Y183       CARRY4 (Prop_carry4_DI[3]_CO[3])
                                                      0.190     4.594 r  u_fsm/H_curr_reg_reg[3]_i_3/CO[3]
                         net (fo=1, routed)           0.000     4.594    u_fsm/H_curr_reg_reg[3]_i_3_n_0
    SLICE_X422Y184       CARRY4 (Prop_carry4_CI_CO[3])
                                                      0.053     4.647 r  u_fsm/H_curr_reg_reg[7]_i_3/CO[3]
                         net (fo=1, routed)           0.000     4.647    u_fsm/H_curr_reg_reg[7]_i_3_n_0
    SLICE_X422Y185       CARRY4 (Prop_carry4_CI_O[1])
                                                      0.166     4.813 f  u_fsm/H_curr_reg_reg[11]_i_3/O[1]
                         net (fo=8, routed)           0.468     5.281    u_fsm/H_curr_reg_reg[11]_i_3_n_6
    SLICE_X424Y184       LUT3 (Prop_lut3_I0_O)        0.123     5.404 r  u_fsm/H_curr_reg[15]_i_38__4/O
                         net (fo=1, routed)           0.000     5.404    u_fsm/H_curr_reg[15]_i_38__4_n_0
    SLICE_X424Y184       CARRY4 (Prop_carry4_S[0]_CO[3])
                                                      0.246     5.650 r  u_fsm/H_curr_reg_reg[15]_i_9/CO[3]
                         net (fo=2, routed)           0.376     6.026    u_fsm/H_curr_reg_reg[15]_i_9_n_0
    SLICE_X425Y183       LUT3 (Prop_lut3_I0_O)        0.043     6.069 r  u_fsm/H_curr_reg[15]_i_4/O
                         net (fo=62, routed)          0.394     6.463    u_fsm/H_curr_reg[15]_i_4_n_0
    SLICE_X421Y185       LUT5 (Prop_lut5_I4_O)        0.043     6.506 r  u_fsm/E_reg[15]_i_11/O
                         net (fo=2, routed)           0.415     6.921    u_fsm/u_array/g_pe[0].u_pe/E_reg7[12]
    SLICE_X423Y188       CARRY4 (Prop_carry4_DI[0]_O[2])
                                                      0.271     7.192 r  u_fsm/E_reg_reg[15]_i_3/O[2]
                         net (fo=5, routed)           0.357     7.550    u_fsm/E_reg_reg[14][0]
    SLICE_X422Y188       LUT4 (Prop_lut4_I2_O)        0.122     7.672 r  u_fsm/E_reg[15]_i_34/O
                         net (fo=1, routed)           0.000     7.672    u_fsm/E_reg[15]_i_34_n_0
    SLICE_X422Y188       CARRY4 (Prop_carry4_S[3]_CO[3])
                                                      0.193     7.865 r  u_fsm/E_reg_reg[15]_i_6/CO[3]
                         net (fo=16, routed)          0.617     8.481    u_fsm/u_array/g_pe[0].u_pe/E_reg5
    SLICE_X421Y188       LUT6 (Prop_lut6_I3_O)        0.043     8.524 r  u_fsm/E_reg[5]_i_1/O
                         net (fo=1, routed)           0.000     8.524    u_array/g_pe[0].u_pe/E_reg_reg[15]_2[5]
    SLICE_X421Y188       FDRE                                         r  u_array/g_pe[0].u_pe/E_reg_reg[5]/D
  -------------------------------------------------------------------    -------------------

                         (clock clk rise edge)        5.000     5.000 r  <hidden>
                                                      0.000     5.000 r  clk
                         net (fo=27509, unset)        0.510     5.510    u_array/g_pe[0].u_pe/clk
    SLICE_X421Y188       FDRE                                         r  u_array/g_pe[0].u_pe/E_reg_reg[5]/C
                         clock pessimism              0.000     5.510    <hidden>
                         clock uncertainty           -0.035     5.475    <hidden>
    SLICE_X421Y188       FDRE (Setup_fdre_C_D)        0.034     5.509    u_array/g_pe[0].u_pe/E_reg_reg[5]
  -------------------------------------------------------------------
                         required time                          5.509    <hidden>
                         arrival time                          -8.524    <hidden>
  -------------------------------------------------------------------
                         slack                                 -3.016    <hidden>

Slack (VIOLATED) :        -3.015ns  (required time - arrival time)
  Source:                 u_array/g_pe[134].u_pe/active_q_reg/C
                            (rising edge-triggered cell FDRE clocked by clk  {rise@0.000ns fall@2.500ns period=5.000ns})
  Destination:            u_tracker/pr_i_reg[8][15]/D
                            (rising edge-triggered cell FDRE clocked by clk  {rise@0.000ns fall@2.500ns period=5.000ns})
  Path Group:             clk
  Path Type:              Setup (Max at Slow Process Corner)
  Requirement:            5.000ns  (clk rise@5.000ns - clk rise@0.000ns)
  Data Path Delay:        8.029ns  (logic 2.585ns (32.195%)  route 5.444ns (67.805%))
  Logic Levels:           21  (CARRY4=10 LUT2=3 LUT4=1 LUT5=2 LUT6=4 MUXF7=1)
  Clock Path Skew:        -0.027ns (DCD - SCD + CPR)
    Destination Clock Delay (DCD):    0.510ns = ( 5.510 - 5.000 ) 
    Source Clock Delay      (SCD):    0.537ns
    Clock Pessimism Removal (CPR):    0.000ns
  Clock Uncertainty:      0.035ns  ((TSJ^2 + TIJ^2)^1/2 + DJ) / 2 + PE
    Total System Jitter     (TSJ):    0.071ns
    Total Input Jitter      (TIJ):    0.000ns
    Discrete Jitter          (DJ):    0.000ns
    Phase Error              (PE):    0.000ns

    Location             Delay type                Incr(ns)  Path(ns)    Netlist Resource(s)
  -------------------------------------------------------------------    -------------------
                         (clock clk rise edge)        0.000     0.000 r  <hidden>
                                                      0.000     0.000 r  clk
                         net (fo=27509, unset)        0.537     0.537    u_array/g_pe[134].u_pe/clk
    SLICE_X365Y164       FDRE                                         r  u_array/g_pe[134].u_pe/active_q_reg/C
  -------------------------------------------------------------------    -------------------
    SLICE_X365Y164       FDRE (Prop_fdre_C_Q)         0.223     0.760 r  u_array/g_pe[134].u_pe/active_q_reg/Q
                         net (fo=112, routed)         0.649     1.409    u_array/g_pe[134].u_pe/active_q_reg_0[0]
    SLICE_X364Y163       LUT6 (Prop_lut6_I1_O)        0.043     1.452 r  u_array/g_pe[134].u_pe/pr_j[8][7]_i_331/O
                         net (fo=1, routed)           0.299     1.751    u_array/g_pe[134].u_pe/pr_j[8][7]_i_331_n_0
    SLICE_X364Y164       CARRY4 (Prop_carry4_DI[2]_CO[3])
                                                      0.202     1.953 r  u_array/g_pe[134].u_pe/pr_j_reg[8][7]_i_186/CO[3]
                         net (fo=1, routed)           0.000     1.953    u_array/g_pe[134].u_pe/pr_j_reg[8][7]_i_186_n_0
    SLICE_X364Y165       CARRY4 (Prop_carry4_CI_CO[3])
                                                      0.054     2.007 r  u_array/g_pe[134].u_pe/pr_j_reg[8][7]_i_57/CO[3]
                         net (fo=37, routed)          0.600     2.607    u_array/g_pe[134].u_pe/H_curr_reg_reg[15]_2[0]
    SLICE_X366Y167       LUT5 (Prop_lut5_I2_O)        0.052     2.659 r  u_array/g_pe[134].u_pe/pr_j[8][7]_i_217/O
                         net (fo=5, routed)           0.430     3.089    u_array/g_pe[132].u_pe/pr_j[8][2]_i_33
    SLICE_X368Y165       LUT5 (Prop_lut5_I1_O)        0.136     3.225 r  u_array/g_pe[132].u_pe/pr_j[8][7]_i_75/O
                         net (fo=1, routed)           0.000     3.225    u_array/g_pe[132].u_pe/pr_j[8][7]_i_75_n_0
    SLICE_X368Y165       CARRY4 (Prop_carry4_S[0]_CO[3])
                                                      0.246     3.471 f  u_array/g_pe[132].u_pe/pr_j_reg[8][7]_i_22/CO[3]
                         net (fo=40, routed)          0.408     3.879    u_array/g_pe[132].u_pe/H_curr_reg_reg[15]_2[0]
    SLICE_X368Y166       LUT2 (Prop_lut2_I0_O)        0.043     3.922 r  u_array/g_pe[132].u_pe/pr_j[8][2]_i_74/O
                         net (fo=15, routed)          0.383     4.305    u_array/g_pe[132].u_pe/pr_j_reg[8][7]_i_20
    SLICE_X365Y166       LUT6 (Prop_lut6_I5_O)        0.043     4.348 r  u_array/g_pe[132].u_pe/pr_j[8][2]_i_71/O
                         net (fo=4, routed)           0.345     4.694    u_array/g_pe[130].u_pe/pr_j_reg[8][2]_i_7_2
    SLICE_X366Y165       LUT4 (Prop_lut4_I3_O)        0.043     4.737 r  u_array/g_pe[130].u_pe/pr_j[8][2]_i_40/O
                         net (fo=1, routed)           0.000     4.737    u_array/g_pe[132].u_pe/pr_j_reg[8][2]_i_3_5[1]
    SLICE_X366Y165       CARRY4 (Prop_carry4_S[1]_CO[3])
                                                      0.267     5.004 r  u_array/g_pe[132].u_pe/pr_j_reg[8][2]_i_7/CO[3]
                         net (fo=1, routed)           0.000     5.004    u_array/g_pe[130].u_pe/pr_j_reg[8][2][0]
    SLICE_X366Y166       CARRY4 (Prop_carry4_CI_CO[3])
                                                      0.053     5.057 r  u_array/g_pe[130].u_pe/pr_j_reg[8][2]_i_3/CO[3]
                         net (fo=9, routed)           0.556     5.613    u_array/g_pe[130].u_pe/pr_j[8][2]_i_15_0[0]
    SLICE_X373Y166       LUT2 (Prop_lut2_I0_O)        0.043     5.656 r  u_array/g_pe[130].u_pe/pr_h[8][15]_i_9/O
                         net (fo=16, routed)          0.558     6.213    u_array/g_pe[130].u_pe/pr_j_reg[8][2]_i_4_0
    SLICE_X374Y166       LUT6 (Prop_lut6_I3_O)        0.043     6.256 f  u_array/g_pe[130].u_pe/pr_h[8][8]_i_2/O
                         net (fo=3, routed)           0.366     6.623    u_array/g_pe[137].u_pe/pr_h_reg[8][8]_0
    SLICE_X375Y166       LUT6 (Prop_lut6_I5_O)        0.043     6.666 r  u_array/g_pe[137].u_pe/pr_j[8][7]_i_12/O
                         net (fo=1, routed)           0.196     6.862    u_array/g_pe[137].u_pe/pr_j[8][7]_i_12_n_0
    SLICE_X377Y166       CARRY4 (Prop_carry4_DI[0]_CO[3])
                                                      0.269     7.131 r  u_array/g_pe[137].u_pe/pr_j_reg[8][7]_i_2/CO[3]
                         net (fo=30, routed)          0.462     7.593    u_array/g_pe[137].u_pe/pr_j[8][7]_i_16_0[0]
    SLICE_X376Y169       MUXF7 (Prop_muxf7_S_O)       0.154     7.747 r  u_array/g_pe[137].u_pe/pr_i_reg[8][3]_i_7/O
                         net (fo=1, routed)           0.191     7.938    u_tracker/p_13_in[0]
    SLICE_X376Y170       LUT2 (Prop_lut2_I1_O)        0.123     8.061 r  u_tracker/pr_i[8][3]_i_5/O
                         net (fo=1, routed)           0.000     8.061    u_tracker/pr_i[8][3]_i_5_n_0
    SLICE_X376Y170       CARRY4 (Prop_carry4_S[0]_CO[3])
                                                      0.246     8.307 r  u_tracker/pr_i_reg[8][3]_i_1/CO[3]
                         net (fo=1, routed)           0.000     8.307    u_tracker/pr_i_reg[8][3]_i_1_n_0
    SLICE_X376Y171       CARRY4 (Prop_carry4_CI_CO[3])
                                                      0.054     8.361 r  u_tracker/pr_i_reg[8][7]_i_1/CO[3]
                         net (fo=1, routed)           0.000     8.361    u_tracker/pr_i_reg[8][7]_i_1_n_0
    SLICE_X376Y172       CARRY4 (Prop_carry4_CI_CO[3])
                                                      0.054     8.415 r  u_tracker/pr_i_reg[8][11]_i_1/CO[3]
                         net (fo=1, routed)           0.000     8.415    u_tracker/pr_i_reg[8][11]_i_1_n_0
    SLICE_X376Y173       CARRY4 (Prop_carry4_CI_O[3])
                                                      0.151     8.566 r  u_tracker/pr_i_reg[8][15]_i_2/O[3]
                         net (fo=1, routed)           0.000     8.566    u_tracker/s1_i14_out[15]
    SLICE_X376Y173       FDRE                                         r  u_tracker/pr_i_reg[8][15]/D
  -------------------------------------------------------------------    -------------------

                         (clock clk rise edge)        5.000     5.000 r  <hidden>
                                                      0.000     5.000 r  clk
                         net (fo=27509, unset)        0.510     5.510    u_tracker/clk
    SLICE_X376Y173       FDRE                                         r  u_tracker/pr_i_reg[8][15]/C
                         clock pessimism              0.000     5.510    <hidden>
                         clock uncertainty           -0.035     5.475    <hidden>
    SLICE_X376Y173       FDRE (Setup_fdre_C_D)        0.076     5.551    u_tracker/pr_i_reg[8][15]
  -------------------------------------------------------------------
                         required time                          5.551    <hidden>
                         arrival time                          -8.566    <hidden>
  -------------------------------------------------------------------
                         slack                                 -3.015    <hidden>

Slack (VIOLATED) :        -3.002ns  (required time - arrival time)
  Source:                 u_fsm/t_idx_reg[0]_rep__4/C
                            (rising edge-triggered cell FDRE clocked by clk  {rise@0.000ns fall@2.500ns period=5.000ns})
  Destination:            u_array/g_pe[0].u_pe/F_out_reg_reg[8]/D
                            (rising edge-triggered cell FDRE clocked by clk  {rise@0.000ns fall@2.500ns period=5.000ns})
  Path Group:             clk
  Path Type:              Setup (Max at Slow Process Corner)
  Requirement:            5.000ns  (clk rise@5.000ns - clk rise@0.000ns)
  Data Path Delay:        8.006ns  (logic 2.593ns (32.387%)  route 5.413ns (67.613%))
  Logic Levels:           22  (CARRY4=8 LUT2=2 LUT3=2 LUT5=1 LUT6=5 MUXF7=2 MUXF8=2)
  Clock Path Skew:        -0.027ns (DCD - SCD + CPR)
    Destination Clock Delay (DCD):    0.510ns = ( 5.510 - 5.000 ) 
    Source Clock Delay      (SCD):    0.537ns
    Clock Pessimism Removal (CPR):    0.000ns
  Clock Uncertainty:      0.035ns  ((TSJ^2 + TIJ^2)^1/2 + DJ) / 2 + PE
    Total System Jitter     (TSJ):    0.071ns
    Total Input Jitter      (TIJ):    0.000ns
    Discrete Jitter          (DJ):    0.000ns
    Phase Error              (PE):    0.000ns

    Location             Delay type                Incr(ns)  Path(ns)    Netlist Resource(s)
  -------------------------------------------------------------------    -------------------
                         (clock clk rise edge)        0.000     0.000 r  <hidden>
                                                      0.000     0.000 r  clk
                         net (fo=27509, unset)        0.537     0.537    u_fsm/clk
    SLICE_X479Y178       FDRE                                         r  u_fsm/t_idx_reg[0]_rep__4/C
  -------------------------------------------------------------------    -------------------
    SLICE_X479Y178       FDRE (Prop_fdre_C_Q)         0.223     0.760 r  u_fsm/t_idx_reg[0]_rep__4/Q
                         net (fo=110, routed)         0.763     1.523    u_fsm/t_idx_reg[0]_rep__4_n_0
    SLICE_X478Y182       LUT6 (Prop_lut6_I4_O)        0.043     1.566 f  u_fsm/target_q[2]_i_325/O
                         net (fo=1, routed)           0.000     1.566    u_fsm/target_q[2]_i_325_n_0
    SLICE_X478Y182       MUXF7 (Prop_muxf7_I1_O)      0.122     1.688 f  u_fsm/target_q_reg[2]_i_146/O
                         net (fo=1, routed)           0.000     1.688    u_fsm/target_q_reg[2]_i_146_n_0
    SLICE_X478Y182       MUXF8 (Prop_muxf8_I0_O)      0.045     1.733 f  u_fsm/target_q_reg[2]_i_57/O
                         net (fo=1, routed)           0.449     2.182    u_fsm/target_q_reg[2]_i_57_n_0
    SLICE_X474Y182       LUT6 (Prop_lut6_I1_O)        0.126     2.308 f  u_fsm/target_q[2]_i_22/O
                         net (fo=1, routed)           0.000     2.308    u_fsm/target_q[2]_i_22_n_0
    SLICE_X474Y182       MUXF7 (Prop_muxf7_I0_O)      0.107     2.415 f  u_fsm/target_q_reg[2]_i_11/O
                         net (fo=1, routed)           0.000     2.415    u_fsm/target_q_reg[2]_i_11_n_0
    SLICE_X474Y182       MUXF8 (Prop_muxf8_I1_O)      0.043     2.458 f  u_fsm/target_q_reg[2]_i_5/O
                         net (fo=1, routed)           0.411     2.870    u_fsm/target_q_reg[2]_i_5_n_0
    SLICE_X470Y182       LUT6 (Prop_lut6_I1_O)        0.126     2.996 f  u_fsm/target_q[2]_i_3/O
                         net (fo=2, routed)           0.646     3.641    u_fsm/target_q[2]
    SLICE_X439Y183       LUT2 (Prop_lut2_I1_O)        0.043     3.684 f  u_fsm/target_q[2]_i_2/O
                         net (fo=3, routed)           0.388     4.072    u_array/g_pe[0].u_pe/D[2]
    SLICE_X427Y183       LUT6 (Prop_lut6_I1_O)        0.043     4.115 r  u_array/g_pe[0].u_pe/H_curr_reg[3]_i_5__157_comp/O
                         net (fo=3, routed)           0.289     4.404    u_fsm/H_curr_reg_reg[3][0]
    SLICE_X422Y183       CARRY4 (Prop_carry4_DI[3]_CO[3])
                                                      0.190     4.594 r  u_fsm/H_curr_reg_reg[3]_i_3/CO[3]
                         net (fo=1, routed)           0.000     4.594    u_fsm/H_curr_reg_reg[3]_i_3_n_0
    SLICE_X422Y184       CARRY4 (Prop_carry4_CI_CO[3])
                                                      0.053     4.647 r  u_fsm/H_curr_reg_reg[7]_i_3/CO[3]
                         net (fo=1, routed)           0.000     4.647    u_fsm/H_curr_reg_reg[7]_i_3_n_0
    SLICE_X422Y185       CARRY4 (Prop_carry4_CI_O[1])
                                                      0.166     4.813 f  u_fsm/H_curr_reg_reg[11]_i_3/O[1]
                         net (fo=8, routed)           0.468     5.281    u_fsm/H_curr_reg_reg[11]_i_3_n_6
    SLICE_X424Y184       LUT3 (Prop_lut3_I0_O)        0.123     5.404 r  u_fsm/H_curr_reg[15]_i_38__4/O
                         net (fo=1, routed)           0.000     5.404    u_fsm/H_curr_reg[15]_i_38__4_n_0
    SLICE_X424Y184       CARRY4 (Prop_carry4_S[0]_CO[3])
                                                      0.246     5.650 r  u_fsm/H_curr_reg_reg[15]_i_9/CO[3]
                         net (fo=2, routed)           0.376     6.026    u_fsm/H_curr_reg_reg[15]_i_9_n_0
    SLICE_X425Y183       LUT3 (Prop_lut3_I0_O)        0.043     6.069 r  u_fsm/H_curr_reg[15]_i_4/O
                         net (fo=62, routed)          0.244     6.313    u_fsm/H_curr_reg[15]_i_4_n_0
    SLICE_X421Y183       LUT5 (Prop_lut5_I4_O)        0.043     6.356 r  u_fsm/E_reg[3]_i_6/O
                         net (fo=2, routed)           0.292     6.648    u_fsm/u_array/g_pe[0].u_pe/E_reg7[1]
    SLICE_X419Y185       CARRY4 (Prop_carry4_DI[1]_CO[3])
                                                      0.250     6.898 r  u_fsm/F_out_reg_reg[3]_i_2/CO[3]
                         net (fo=1, routed)           0.000     6.898    u_fsm/F_out_reg_reg[3]_i_2_n_0
    SLICE_X419Y186       CARRY4 (Prop_carry4_CI_O[3])
                                                      0.149     7.047 f  u_fsm/F_out_reg_reg[7]_i_2/O[3]
                         net (fo=5, routed)           0.454     7.501    u_fsm/u_array/g_pe[0].u_pe/F_out_reg62_in[7]
    SLICE_X418Y187       LUT2 (Prop_lut2_I1_O)        0.120     7.621 r  u_fsm/F_out_reg[15]_i_46/O
                         net (fo=1, routed)           0.000     7.621    u_fsm/F_out_reg[15]_i_46_n_0
    SLICE_X418Y187       CARRY4 (Prop_carry4_S[3]_CO[3])
                                                      0.193     7.814 r  u_fsm/F_out_reg_reg[15]_i_11/CO[3]
                         net (fo=1, routed)           0.000     7.814    u_fsm/F_out_reg_reg[15]_i_11_n_0
    SLICE_X418Y188       CARRY4 (Prop_carry4_CI_CO[3])
                                                      0.053     7.867 r  u_fsm/F_out_reg_reg[15]_i_3/CO[3]
                         net (fo=16, routed)          0.633     8.500    u_fsm/F_out_reg_reg[15]_i_3_n_0
    SLICE_X416Y189       LUT6 (Prop_lut6_I1_O)        0.043     8.543 r  u_fsm/F_out_reg[8]_i_1/O
                         net (fo=1, routed)           0.000     8.543    u_array/g_pe[0].u_pe/F_out_reg_reg[15]_1[8]
    SLICE_X416Y189       FDRE                                         r  u_array/g_pe[0].u_pe/F_out_reg_reg[8]/D
  -------------------------------------------------------------------    -------------------

                         (clock clk rise edge)        5.000     5.000 r  <hidden>
                                                      0.000     5.000 r  clk
                         net (fo=27509, unset)        0.510     5.510    u_array/g_pe[0].u_pe/clk
    SLICE_X416Y189       FDRE                                         r  u_array/g_pe[0].u_pe/F_out_reg_reg[8]/C
                         clock pessimism              0.000     5.510    <hidden>
                         clock uncertainty           -0.035     5.475    <hidden>
    SLICE_X416Y189       FDRE (Setup_fdre_C_D)        0.066     5.541    u_array/g_pe[0].u_pe/F_out_reg_reg[8]
  -------------------------------------------------------------------
                         required time                          5.541    <hidden>
                         arrival time                          -8.543    <hidden>
  -------------------------------------------------------------------
                         slack                                 -3.002    <hidden>

Slack (VIOLATED) :        -2.993ns  (required time - arrival time)
  Source:                 u_fsm/t_idx_reg[0]_rep__4/C
                            (rising edge-triggered cell FDRE clocked by clk  {rise@0.000ns fall@2.500ns period=5.000ns})
  Destination:            u_array/g_pe[0].u_pe/F_out_reg_reg[1]/D
                            (rising edge-triggered cell FDRE clocked by clk  {rise@0.000ns fall@2.500ns period=5.000ns})
  Path Group:             clk
  Path Type:              Setup (Max at Slow Process Corner)
  Requirement:            5.000ns  (clk rise@5.000ns - clk rise@0.000ns)
  Data Path Delay:        7.965ns  (logic 2.593ns (32.554%)  route 5.372ns (67.446%))
  Logic Levels:           22  (CARRY4=8 LUT2=2 LUT3=2 LUT5=1 LUT6=5 MUXF7=2 MUXF8=2)
  Clock Path Skew:        -0.027ns (DCD - SCD + CPR)
    Destination Clock Delay (DCD):    0.510ns = ( 5.510 - 5.000 ) 
    Source Clock Delay      (SCD):    0.537ns
    Clock Pessimism Removal (CPR):    0.000ns
  Clock Uncertainty:      0.035ns  ((TSJ^2 + TIJ^2)^1/2 + DJ) / 2 + PE
    Total System Jitter     (TSJ):    0.071ns
    Total Input Jitter      (TIJ):    0.000ns
    Discrete Jitter          (DJ):    0.000ns
    Phase Error              (PE):    0.000ns

    Location             Delay type                Incr(ns)  Path(ns)    Netlist Resource(s)
  -------------------------------------------------------------------    -------------------
                         (clock clk rise edge)        0.000     0.000 r  <hidden>
                                                      0.000     0.000 r  clk
                         net (fo=27509, unset)        0.537     0.537    u_fsm/clk
    SLICE_X479Y178       FDRE                                         r  u_fsm/t_idx_reg[0]_rep__4/C
  -------------------------------------------------------------------    -------------------
    SLICE_X479Y178       FDRE (Prop_fdre_C_Q)         0.223     0.760 r  u_fsm/t_idx_reg[0]_rep__4/Q
                         net (fo=110, routed)         0.763     1.523    u_fsm/t_idx_reg[0]_rep__4_n_0
    SLICE_X478Y182       LUT6 (Prop_lut6_I4_O)        0.043     1.566 f  u_fsm/target_q[2]_i_325/O
                         net (fo=1, routed)           0.000     1.566    u_fsm/target_q[2]_i_325_n_0
    SLICE_X478Y182       MUXF7 (Prop_muxf7_I1_O)      0.122     1.688 f  u_fsm/target_q_reg[2]_i_146/O
                         net (fo=1, routed)           0.000     1.688    u_fsm/target_q_reg[2]_i_146_n_0
    SLICE_X478Y182       MUXF8 (Prop_muxf8_I0_O)      0.045     1.733 f  u_fsm/target_q_reg[2]_i_57/O
                         net (fo=1, routed)           0.449     2.182    u_fsm/target_q_reg[2]_i_57_n_0
    SLICE_X474Y182       LUT6 (Prop_lut6_I1_O)        0.126     2.308 f  u_fsm/target_q[2]_i_22/O
                         net (fo=1, routed)           0.000     2.308    u_fsm/target_q[2]_i_22_n_0
    SLICE_X474Y182       MUXF7 (Prop_muxf7_I0_O)      0.107     2.415 f  u_fsm/target_q_reg[2]_i_11/O
                         net (fo=1, routed)           0.000     2.415    u_fsm/target_q_reg[2]_i_11_n_0
    SLICE_X474Y182       MUXF8 (Prop_muxf8_I1_O)      0.043     2.458 f  u_fsm/target_q_reg[2]_i_5/O
                         net (fo=1, routed)           0.411     2.870    u_fsm/target_q_reg[2]_i_5_n_0
    SLICE_X470Y182       LUT6 (Prop_lut6_I1_O)        0.126     2.996 f  u_fsm/target_q[2]_i_3/O
                         net (fo=2, routed)           0.646     3.641    u_fsm/target_q[2]
    SLICE_X439Y183       LUT2 (Prop_lut2_I1_O)        0.043     3.684 f  u_fsm/target_q[2]_i_2/O
                         net (fo=3, routed)           0.388     4.072    u_array/g_pe[0].u_pe/D[2]
    SLICE_X427Y183       LUT6 (Prop_lut6_I1_O)        0.043     4.115 r  u_array/g_pe[0].u_pe/H_curr_reg[3]_i_5__157_comp/O
                         net (fo=3, routed)           0.289     4.404    u_fsm/H_curr_reg_reg[3][0]
    SLICE_X422Y183       CARRY4 (Prop_carry4_DI[3]_CO[3])
                                                      0.190     4.594 r  u_fsm/H_curr_reg_reg[3]_i_3/CO[3]
                         net (fo=1, routed)           0.000     4.594    u_fsm/H_curr_reg_reg[3]_i_3_n_0
    SLICE_X422Y184       CARRY4 (Prop_carry4_CI_CO[3])
                                                      0.053     4.647 r  u_fsm/H_curr_reg_reg[7]_i_3/CO[3]
                         net (fo=1, routed)           0.000     4.647    u_fsm/H_curr_reg_reg[7]_i_3_n_0
    SLICE_X422Y185       CARRY4 (Prop_carry4_CI_O[1])
                                                      0.166     4.813 f  u_fsm/H_curr_reg_reg[11]_i_3/O[1]
                         net (fo=8, routed)           0.468     5.281    u_fsm/H_curr_reg_reg[11]_i_3_n_6
    SLICE_X424Y184       LUT3 (Prop_lut3_I0_O)        0.123     5.404 r  u_fsm/H_curr_reg[15]_i_38__4/O
                         net (fo=1, routed)           0.000     5.404    u_fsm/H_curr_reg[15]_i_38__4_n_0
    SLICE_X424Y184       CARRY4 (Prop_carry4_S[0]_CO[3])
                                                      0.246     5.650 r  u_fsm/H_curr_reg_reg[15]_i_9/CO[3]
                         net (fo=2, routed)           0.376     6.026    u_fsm/H_curr_reg_reg[15]_i_9_n_0
    SLICE_X425Y183       LUT3 (Prop_lut3_I0_O)        0.043     6.069 r  u_fsm/H_curr_reg[15]_i_4/O
                         net (fo=62, routed)          0.244     6.313    u_fsm/H_curr_reg[15]_i_4_n_0
    SLICE_X421Y183       LUT5 (Prop_lut5_I4_O)        0.043     6.356 r  u_fsm/E_reg[3]_i_6/O
                         net (fo=2, routed)           0.292     6.648    u_fsm/u_array/g_pe[0].u_pe/E_reg7[1]
    SLICE_X419Y185       CARRY4 (Prop_carry4_DI[1]_CO[3])
                                                      0.250     6.898 r  u_fsm/F_out_reg_reg[3]_i_2/CO[3]
                         net (fo=1, routed)           0.000     6.898    u_fsm/F_out_reg_reg[3]_i_2_n_0
    SLICE_X419Y186       CARRY4 (Prop_carry4_CI_O[3])
                                                      0.149     7.047 f  u_fsm/F_out_reg_reg[7]_i_2/O[3]
                         net (fo=5, routed)           0.454     7.501    u_fsm/u_array/g_pe[0].u_pe/F_out_reg62_in[7]
    SLICE_X418Y187       LUT2 (Prop_lut2_I1_O)        0.120     7.621 r  u_fsm/F_out_reg[15]_i_46/O
                         net (fo=1, routed)           0.000     7.621    u_fsm/F_out_reg[15]_i_46_n_0
    SLICE_X418Y187       CARRY4 (Prop_carry4_S[3]_CO[3])
                                                      0.193     7.814 r  u_fsm/F_out_reg_reg[15]_i_11/CO[3]
                         net (fo=1, routed)           0.000     7.814    u_fsm/F_out_reg_reg[15]_i_11_n_0
    SLICE_X418Y188       CARRY4 (Prop_carry4_CI_CO[3])
                                                      0.053     7.867 r  u_fsm/F_out_reg_reg[15]_i_3/CO[3]
                         net (fo=16, routed)          0.592     8.459    u_fsm/F_out_reg_reg[15]_i_3_n_0
    SLICE_X417Y189       LUT6 (Prop_lut6_I1_O)        0.043     8.502 r  u_fsm/F_out_reg[1]_i_1/O
                         net (fo=1, routed)           0.000     8.502    u_array/g_pe[0].u_pe/F_out_reg_reg[15]_1[1]
    SLICE_X417Y189       FDRE                                         r  u_array/g_pe[0].u_pe/F_out_reg_reg[1]/D
  -------------------------------------------------------------------    -------------------

                         (clock clk rise edge)        5.000     5.000 r  <hidden>
                                                      0.000     5.000 r  clk
                         net (fo=27509, unset)        0.510     5.510    u_array/g_pe[0].u_pe/clk
    SLICE_X417Y189       FDRE                                         r  u_array/g_pe[0].u_pe/F_out_reg_reg[1]/C
                         clock pessimism              0.000     5.510    <hidden>
                         clock uncertainty           -0.035     5.475    <hidden>
    SLICE_X417Y189       FDRE (Setup_fdre_C_D)        0.034     5.509    u_array/g_pe[0].u_pe/F_out_reg_reg[1]
  -------------------------------------------------------------------
                         required time                          5.509    <hidden>
                         arrival time                          -8.502    <hidden>
  -------------------------------------------------------------------
                         slack                                 -2.993    <hidden>

Slack (VIOLATED) :        -2.986ns  (required time - arrival time)
  Source:                 u_array/g_pe[71].u_pe/H_curr_reg_reg[11]/C
                            (rising edge-triggered cell FDRE clocked by clk  {rise@0.000ns fall@2.500ns period=5.000ns})
  Destination:            u_tracker/pr_i_reg[4][9]/D
                            (rising edge-triggered cell FDRE clocked by clk  {rise@0.000ns fall@2.500ns period=5.000ns})
  Path Group:             clk
  Path Type:              Setup (Max at Slow Process Corner)
  Requirement:            5.000ns  (clk rise@5.000ns - clk rise@0.000ns)
  Data Path Delay:        7.972ns  (logic 2.593ns (32.524%)  route 5.379ns (67.476%))
  Logic Levels:           19  (CARRY4=8 LUT2=2 LUT4=1 LUT5=1 LUT6=5 MUXF7=2)
  Clock Path Skew:        -0.027ns (DCD - SCD + CPR)
    Destination Clock Delay (DCD):    0.510ns = ( 5.510 - 5.000 ) 
    Source Clock Delay      (SCD):    0.537ns
    Clock Pessimism Removal (CPR):    0.000ns
  Clock Uncertainty:      0.035ns  ((TSJ^2 + TIJ^2)^1/2 + DJ) / 2 + PE
    Total System Jitter     (TSJ):    0.071ns
    Total Input Jitter      (TIJ):    0.000ns
    Discrete Jitter          (DJ):    0.000ns
    Phase Error              (PE):    0.000ns

    Location             Delay type                Incr(ns)  Path(ns)    Netlist Resource(s)
  -------------------------------------------------------------------    -------------------
                         (clock clk rise edge)        0.000     0.000 r  <hidden>
                                                      0.000     0.000 r  clk
                         net (fo=27509, unset)        0.537     0.537    u_array/g_pe[71].u_pe/clk
    SLICE_X329Y264       FDRE                                         r  u_array/g_pe[71].u_pe/H_curr_reg_reg[11]/C
  -------------------------------------------------------------------    -------------------
    SLICE_X329Y264       FDRE (Prop_fdre_C_Q)         0.223     0.760 r  u_array/g_pe[71].u_pe/H_curr_reg_reg[11]/Q
                         net (fo=8, routed)           0.424     1.184    u_array/g_pe[71].u_pe/H_curr_reg_reg[15]_1[11]
    SLICE_X337Y263       LUT2 (Prop_lut2_I1_O)        0.043     1.227 r  u_array/g_pe[71].u_pe/pr_h[4][11]_i_17/O
                         net (fo=5, routed)           0.438     1.665    u_array/g_pe[70].u_pe/s1_h[0][71]_1[11]
    SLICE_X336Y264       LUT5 (Prop_lut5_I4_O)        0.043     1.708 r  u_array/g_pe[70].u_pe/pr_j[4][2]_i_169/O
                         net (fo=1, routed)           0.000     1.708    u_array/g_pe[70].u_pe/pr_j[4][2]_i_169_n_0
    SLICE_X336Y264       CARRY4 (Prop_carry4_S[1]_CO[3])
                                                      0.256     1.964 r  u_array/g_pe[70].u_pe/pr_j_reg[4][2]_i_85/CO[3]
                         net (fo=77, routed)          0.510     2.474    u_array/g_pe[70].u_pe/pr_j_reg[4][2]_i_85_n_0
    SLICE_X335Y266       LUT4 (Prop_lut4_I3_O)        0.043     2.517 f  u_array/g_pe[70].u_pe/pr_j[4][2]_i_136/O
                         net (fo=4, routed)           0.387     2.904    u_array/g_pe[70].u_pe/u_tracker/s1_h[1][35][9]
    SLICE_X340Y264       LUT6 (Prop_lut6_I4_O)        0.043     2.947 r  u_array/g_pe[70].u_pe/pr_j[4][2]_i_80/O
                         net (fo=1, routed)           0.301     3.248    u_array/g_pe[70].u_pe/pr_j[4][2]_i_80_n_0
    SLICE_X338Y264       CARRY4 (Prop_carry4_DI[0]_CO[3])
                                                      0.269     3.517 r  u_array/g_pe[70].u_pe/pr_j_reg[4][2]_i_21/CO[3]
                         net (fo=22, routed)          0.559     4.076    u_array/g_pe[70].u_pe/pr_j[4][2]_i_84_0[0]
    SLICE_X338Y266       LUT6 (Prop_lut6_I3_O)        0.043     4.119 f  u_array/g_pe[70].u_pe/pr_h[4][3]_i_9/O
                         net (fo=1, routed)           0.000     4.119    u_array/g_pe[70].u_pe/pr_h[4][3]_i_9_n_0
    SLICE_X338Y266       MUXF7 (Prop_muxf7_I0_O)      0.107     4.226 f  u_array/g_pe[70].u_pe/pr_h_reg[4][3]_i_6/O
                         net (fo=5, routed)           0.339     4.564    u_array/g_pe[65].u_pe/pr_h_reg[4][3]
    SLICE_X341Y265       LUT6 (Prop_lut6_I4_O)        0.124     4.688 r  u_array/g_pe[65].u_pe/pr_j[4][1]_i_19/O
                         net (fo=1, routed)           0.384     5.073    u_array/g_pe[65].u_pe/pr_j[4][1]_i_19_n_0
    SLICE_X342Y263       CARRY4 (Prop_carry4_DI[1]_CO[3])
                                                      0.250     5.323 r  u_array/g_pe[65].u_pe/pr_j_reg[4][1]_i_8/CO[3]
                         net (fo=1, routed)           0.000     5.323    u_array/g_pe[65].u_pe/pr_j_reg[4][1]_i_8_n_0
    SLICE_X342Y264       CARRY4 (Prop_carry4_CI_CO[3])
                                                      0.053     5.376 r  u_array/g_pe[65].u_pe/pr_j_reg[4][1]_i_4/CO[3]
                         net (fo=25, routed)          0.600     5.976    u_array/g_pe[65].u_pe/pr_j[4][1]_i_16_0[0]
    SLICE_X344Y266       LUT6 (Prop_lut6_I1_O)        0.043     6.019 r  u_array/g_pe[65].u_pe/pr_h[4][10]_i_4/O
                         net (fo=3, routed)           0.284     6.303    u_array/g_pe[72].u_pe/pr_h_reg[4][10]_1
    SLICE_X344Y264       LUT6 (Prop_lut6_I3_O)        0.043     6.346 r  u_array/g_pe[72].u_pe/pr_j[4][6]_i_22/O
                         net (fo=1, routed)           0.274     6.620    u_array/g_pe[72].u_pe/pr_j[4][6]_i_22_n_0
    SLICE_X344Y263       CARRY4 (Prop_carry4_DI[1]_CO[3])
                                                      0.253     6.873 r  u_array/g_pe[72].u_pe/pr_j_reg[4][6]_i_5/CO[3]
                         net (fo=27, routed)          0.511     7.384    u_array/g_pe[72].u_pe/pr_j[4][6]_i_27_0[0]
    SLICE_X346Y261       MUXF7 (Prop_muxf7_S_O)       0.147     7.531 r  u_array/g_pe[72].u_pe/pr_i_reg[4][3]_i_6/O
                         net (fo=1, routed)           0.368     7.899    u_tracker/p_5_in[1]
    SLICE_X347Y257       LUT2 (Prop_lut2_I1_O)        0.124     8.023 r  u_tracker/pr_i[4][3]_i_4/O
                         net (fo=1, routed)           0.000     8.023    u_tracker/pr_i[4][3]_i_4_n_0
    SLICE_X347Y257       CARRY4 (Prop_carry4_S[1]_CO[3])
                                                      0.267     8.290 r  u_tracker/pr_i_reg[4][3]_i_1/CO[3]
                         net (fo=1, routed)           0.000     8.290    u_tracker/pr_i_reg[4][3]_i_1_n_0
    SLICE_X347Y258       CARRY4 (Prop_carry4_CI_CO[3])
                                                      0.053     8.343 r  u_tracker/pr_i_reg[4][7]_i_1/CO[3]
                         net (fo=1, routed)           0.000     8.343    u_tracker/pr_i_reg[4][7]_i_1_n_0
    SLICE_X347Y259       CARRY4 (Prop_carry4_CI_O[1])
                                                      0.166     8.509 r  u_tracker/pr_i_reg[4][11]_i_1/O[1]
                         net (fo=1, routed)           0.000     8.509    u_tracker/s1_i6_out[9]
    SLICE_X347Y259       FDRE                                         r  u_tracker/pr_i_reg[4][9]/D
  -------------------------------------------------------------------    -------------------

                         (clock clk rise edge)        5.000     5.000 r  <hidden>
                                                      0.000     5.000 r  clk
                         net (fo=27509, unset)        0.510     5.510    u_tracker/clk
    SLICE_X347Y259       FDRE                                         r  u_tracker/pr_i_reg[4][9]/C
                         clock pessimism              0.000     5.510    <hidden>
                         clock uncertainty           -0.035     5.475    <hidden>
    SLICE_X347Y259       FDRE (Setup_fdre_C_D)        0.049     5.524    u_tracker/pr_i_reg[4][9]
  -------------------------------------------------------------------
                         required time                          5.524    <hidden>
                         arrival time                          -8.509    <hidden>
  -------------------------------------------------------------------
                         slack                                 -2.986    <hidden>

Slack (VIOLATED) :        -2.984ns  (required time - arrival time)
  Source:                 u_array/g_pe[102].u_pe/active_q_reg/C
                            (rising edge-triggered cell FDRE clocked by clk  {rise@0.000ns fall@2.500ns period=5.000ns})
  Destination:            u_tracker/pr_i_reg[6][12]/R
                            (rising edge-triggered cell FDRE clocked by clk  {rise@0.000ns fall@2.500ns period=5.000ns})
  Path Group:             clk
  Path Type:              Setup (Max at Slow Process Corner)
  Requirement:            5.000ns  (clk rise@5.000ns - clk rise@0.000ns)
  Data Path Delay:        7.618ns  (logic 2.073ns (27.213%)  route 5.545ns (72.787%))
  Logic Levels:           18  (CARRY4=8 LUT2=1 LUT4=1 LUT5=1 LUT6=6 MUXF7=1)
  Clock Path Skew:        -0.027ns (DCD - SCD + CPR)
    Destination Clock Delay (DCD):    0.510ns = ( 5.510 - 5.000 ) 
    Source Clock Delay      (SCD):    0.537ns
    Clock Pessimism Removal (CPR):    0.000ns
  Clock Uncertainty:      0.035ns  ((TSJ^2 + TIJ^2)^1/2 + DJ) / 2 + PE
    Total System Jitter     (TSJ):    0.071ns
    Total Input Jitter      (TIJ):    0.000ns
    Discrete Jitter          (DJ):    0.000ns
    Phase Error              (PE):    0.000ns

    Location             Delay type                Incr(ns)  Path(ns)    Netlist Resource(s)
  -------------------------------------------------------------------    -------------------
                         (clock clk rise edge)        0.000     0.000 r  <hidden>
                                                      0.000     0.000 r  clk
                         net (fo=27509, unset)        0.537     0.537    u_array/g_pe[102].u_pe/clk
    SLICE_X317Y204       FDRE                                         r  u_array/g_pe[102].u_pe/active_q_reg/C
  -------------------------------------------------------------------    -------------------
    SLICE_X317Y204       FDRE (Prop_fdre_C_Q)         0.223     0.760 r  u_array/g_pe[102].u_pe/active_q_reg/Q
                         net (fo=80, routed)          0.420     1.180    u_array/g_pe[102].u_pe/active_q_reg_0
    SLICE_X316Y204       LUT2 (Prop_lut2_I0_O)        0.043     1.223 r  u_array/g_pe[102].u_pe/pr_h[6][2]_i_27/O
                         net (fo=8, routed)           0.545     1.767    u_array/g_pe[103].u_pe/s1_h[0][102]_1[2]
    SLICE_X316Y205       LUT5 (Prop_lut5_I2_O)        0.043     1.810 r  u_array/g_pe[103].u_pe/pr_j[6][2]_i_197/O
                         net (fo=1, routed)           0.000     1.810    u_array/g_pe[103].u_pe/pr_j[6][2]_i_197_n_0
    SLICE_X316Y205       CARRY4 (Prop_carry4_S[1]_CO[3])
                                                      0.256     2.066 r  u_array/g_pe[103].u_pe/pr_j_reg[6][2]_i_174/CO[3]
                         net (fo=1, routed)           0.000     2.066    u_array/g_pe[103].u_pe/pr_j_reg[6][2]_i_174_n_0
    SLICE_X316Y206       CARRY4 (Prop_carry4_CI_CO[3])
                                                      0.054     2.120 r  u_array/g_pe[103].u_pe/pr_j_reg[6][2]_i_85/CO[3]
                         net (fo=77, routed)          0.632     2.753    u_array/g_pe[103].u_pe/pr_j_reg[6][2]_i_85_n_0
    SLICE_X318Y203       LUT4 (Prop_lut4_I3_O)        0.043     2.796 r  u_array/g_pe[103].u_pe/pr_j[6][2]_i_189/O
                         net (fo=4, routed)           0.497     3.292    u_array/g_pe[103].u_pe/u_tracker/s1_h[1][51][3]
    SLICE_X317Y205       LUT6 (Prop_lut6_I5_O)        0.043     3.335 r  u_array/g_pe[103].u_pe/pr_j[6][2]_i_128/O
                         net (fo=1, routed)           0.000     3.335    u_array/g_pe[103].u_pe/pr_j[6][2]_i_128_n_0
    SLICE_X317Y205       CARRY4 (Prop_carry4_S[1]_CO[3])
                                                      0.267     3.602 r  u_array/g_pe[103].u_pe/pr_j_reg[6][2]_i_58/CO[3]
                         net (fo=1, routed)           0.000     3.602    u_array/g_pe[103].u_pe/pr_j_reg[6][2]_i_58_n_0
    SLICE_X317Y206       CARRY4 (Prop_carry4_CI_CO[3])
                                                      0.053     3.655 r  u_array/g_pe[103].u_pe/pr_j_reg[6][2]_i_19/CO[3]
                         net (fo=22, routed)          0.540     4.195    u_array/g_pe[103].u_pe/pr_j[6][2]_i_66_0[0]
    SLICE_X319Y203       LUT6 (Prop_lut6_I3_O)        0.043     4.238 f  u_array/g_pe[103].u_pe/pr_h[6][1]_i_10/O
                         net (fo=1, routed)           0.000     4.238    u_array/g_pe[103].u_pe/pr_h[6][1]_i_10_n_0
    SLICE_X319Y203       MUXF7 (Prop_muxf7_I1_O)      0.108     4.346 f  u_array/g_pe[103].u_pe/pr_h_reg[6][1]_i_6/O
                         net (fo=5, routed)           0.479     4.825    u_array/g_pe[98].u_pe/pr_j_reg[6][6]_i_71_1
    SLICE_X324Y206       LUT6 (Prop_lut6_I4_O)        0.124     4.949 r  u_array/g_pe[98].u_pe/pr_j[6][6]_i_108/O
                         net (fo=1, routed)           0.301     5.250    u_array/g_pe[98].u_pe/pr_j[6][6]_i_108_n_0
    SLICE_X322Y206       CARRY4 (Prop_carry4_DI[0]_CO[3])
                                                      0.269     5.519 r  u_array/g_pe[98].u_pe/pr_j_reg[6][6]_i_71/CO[3]
                         net (fo=1, routed)           0.000     5.519    u_array/g_pe[98].u_pe/pr_j_reg[6][6]_i_71_n_0
    SLICE_X322Y207       CARRY4 (Prop_carry4_CI_CO[3])
                                                      0.053     5.572 r  u_array/g_pe[98].u_pe/pr_j_reg[6][6]_i_18/CO[3]
                         net (fo=24, routed)          0.459     6.031    u_array/g_pe[96].u_pe/pr_h_reg[6][0][0]
    SLICE_X324Y206       LUT6 (Prop_lut6_I4_O)        0.043     6.074 r  u_array/g_pe[96].u_pe/pr_h[6][0]_i_4/O
                         net (fo=3, routed)           0.420     6.494    u_array/g_pe[107].u_pe/pr_h_reg[6][0]_1
    SLICE_X327Y205       LUT6 (Prop_lut6_I3_O)        0.043     6.537 r  u_array/g_pe[107].u_pe/pr_j[6][6]_i_83/O
                         net (fo=1, routed)           0.196     6.732    u_array/g_pe[107].u_pe/pr_j[6][6]_i_83_n_0
    SLICE_X326Y205       CARRY4 (Prop_carry4_DI[0]_CO[3])
                                                      0.269     7.001 r  u_array/g_pe[107].u_pe/pr_j_reg[6][6]_i_19/CO[3]
                         net (fo=1, routed)           0.000     7.001    u_array/g_pe[107].u_pe/pr_j_reg[6][6]_i_19_n_0
    SLICE_X326Y206       CARRY4 (Prop_carry4_CI_CO[3])
                                                      0.053     7.054 r  u_array/g_pe[107].u_pe/pr_j_reg[6][6]_i_5/CO[3]
                         net (fo=27, routed)          0.637     7.691    u_array/g_pe[107].u_pe/pr_j[6][6]_i_27_0[0]
    SLICE_X328Y207       LUT6 (Prop_lut6_I2_O)        0.043     7.734 r  u_array/g_pe[107].u_pe/pr_i[6][15]_i_1/O
                         net (fo=16, routed)          0.421     8.155    u_tracker/pr_i_reg[6][0]_0[0]
    SLICE_X329Y210       FDRE                                         r  u_tracker/pr_i_reg[6][12]/R
  -------------------------------------------------------------------    -------------------

                         (clock clk rise edge)        5.000     5.000 r  <hidden>
                                                      0.000     5.000 r  clk
                         net (fo=27509, unset)        0.510     5.510    u_tracker/clk
    SLICE_X329Y210       FDRE                                         r  u_tracker/pr_i_reg[6][12]/C
                         clock pessimism              0.000     5.510    <hidden>
                         clock uncertainty           -0.035     5.475    <hidden>
    SLICE_X329Y210       FDRE (Setup_fdre_C_R)       -0.304     5.171    u_tracker/pr_i_reg[6][12]
  -------------------------------------------------------------------
                         required time                          5.171    <hidden>
                         arrival time                          -8.155    <hidden>
  -------------------------------------------------------------------
                         slack                                 -2.984    <hidden>

Slack (VIOLATED) :        -2.984ns  (required time - arrival time)
  Source:                 u_array/g_pe[102].u_pe/active_q_reg/C
                            (rising edge-triggered cell FDRE clocked by clk  {rise@0.000ns fall@2.500ns period=5.000ns})
  Destination:            u_tracker/pr_i_reg[6][13]/R
                            (rising edge-triggered cell FDRE clocked by clk  {rise@0.000ns fall@2.500ns period=5.000ns})
  Path Group:             clk
  Path Type:              Setup (Max at Slow Process Corner)
  Requirement:            5.000ns  (clk rise@5.000ns - clk rise@0.000ns)
  Data Path Delay:        7.618ns  (logic 2.073ns (27.213%)  route 5.545ns (72.787%))
  Logic Levels:           18  (CARRY4=8 LUT2=1 LUT4=1 LUT5=1 LUT6=6 MUXF7=1)
  Clock Path Skew:        -0.027ns (DCD - SCD + CPR)
    Destination Clock Delay (DCD):    0.510ns = ( 5.510 - 5.000 ) 
    Source Clock Delay      (SCD):    0.537ns
    Clock Pessimism Removal (CPR):    0.000ns
  Clock Uncertainty:      0.035ns  ((TSJ^2 + TIJ^2)^1/2 + DJ) / 2 + PE
    Total System Jitter     (TSJ):    0.071ns
    Total Input Jitter      (TIJ):    0.000ns
    Discrete Jitter          (DJ):    0.000ns
    Phase Error              (PE):    0.000ns

    Location             Delay type                Incr(ns)  Path(ns)    Netlist Resource(s)
  -------------------------------------------------------------------    -------------------
                         (clock clk rise edge)        0.000     0.000 r  <hidden>
                                                      0.000     0.000 r  clk
                         net (fo=27509, unset)        0.537     0.537    u_array/g_pe[102].u_pe/clk
    SLICE_X317Y204       FDRE                                         r  u_array/g_pe[102].u_pe/active_q_reg/C
  -------------------------------------------------------------------    -------------------
    SLICE_X317Y204       FDRE (Prop_fdre_C_Q)         0.223     0.760 r  u_array/g_pe[102].u_pe/active_q_reg/Q
                         net (fo=80, routed)          0.420     1.180    u_array/g_pe[102].u_pe/active_q_reg_0
    SLICE_X316Y204       LUT2 (Prop_lut2_I0_O)        0.043     1.223 r  u_array/g_pe[102].u_pe/pr_h[6][2]_i_27/O
                         net (fo=8, routed)           0.545     1.767    u_array/g_pe[103].u_pe/s1_h[0][102]_1[2]
    SLICE_X316Y205       LUT5 (Prop_lut5_I2_O)        0.043     1.810 r  u_array/g_pe[103].u_pe/pr_j[6][2]_i_197/O
                         net (fo=1, routed)           0.000     1.810    u_array/g_pe[103].u_pe/pr_j[6][2]_i_197_n_0
    SLICE_X316Y205       CARRY4 (Prop_carry4_S[1]_CO[3])
                                                      0.256     2.066 r  u_array/g_pe[103].u_pe/pr_j_reg[6][2]_i_174/CO[3]
                         net (fo=1, routed)           0.000     2.066    u_array/g_pe[103].u_pe/pr_j_reg[6][2]_i_174_n_0
    SLICE_X316Y206       CARRY4 (Prop_carry4_CI_CO[3])
                                                      0.054     2.120 r  u_array/g_pe[103].u_pe/pr_j_reg[6][2]_i_85/CO[3]
                         net (fo=77, routed)          0.632     2.753    u_array/g_pe[103].u_pe/pr_j_reg[6][2]_i_85_n_0
    SLICE_X318Y203       LUT4 (Prop_lut4_I3_O)        0.043     2.796 r  u_array/g_pe[103].u_pe/pr_j[6][2]_i_189/O
                         net (fo=4, routed)           0.497     3.292    u_array/g_pe[103].u_pe/u_tracker/s1_h[1][51][3]
    SLICE_X317Y205       LUT6 (Prop_lut6_I5_O)        0.043     3.335 r  u_array/g_pe[103].u_pe/pr_j[6][2]_i_128/O
                         net (fo=1, routed)           0.000     3.335    u_array/g_pe[103].u_pe/pr_j[6][2]_i_128_n_0
    SLICE_X317Y205       CARRY4 (Prop_carry4_S[1]_CO[3])
                                                      0.267     3.602 r  u_array/g_pe[103].u_pe/pr_j_reg[6][2]_i_58/CO[3]
                         net (fo=1, routed)           0.000     3.602    u_array/g_pe[103].u_pe/pr_j_reg[6][2]_i_58_n_0
    SLICE_X317Y206       CARRY4 (Prop_carry4_CI_CO[3])
                                                      0.053     3.655 r  u_array/g_pe[103].u_pe/pr_j_reg[6][2]_i_19/CO[3]
                         net (fo=22, routed)          0.540     4.195    u_array/g_pe[103].u_pe/pr_j[6][2]_i_66_0[0]
    SLICE_X319Y203       LUT6 (Prop_lut6_I3_O)        0.043     4.238 f  u_array/g_pe[103].u_pe/pr_h[6][1]_i_10/O
                         net (fo=1, routed)           0.000     4.238    u_array/g_pe[103].u_pe/pr_h[6][1]_i_10_n_0
    SLICE_X319Y203       MUXF7 (Prop_muxf7_I1_O)      0.108     4.346 f  u_array/g_pe[103].u_pe/pr_h_reg[6][1]_i_6/O
                         net (fo=5, routed)           0.479     4.825    u_array/g_pe[98].u_pe/pr_j_reg[6][6]_i_71_1
    SLICE_X324Y206       LUT6 (Prop_lut6_I4_O)        0.124     4.949 r  u_array/g_pe[98].u_pe/pr_j[6][6]_i_108/O
                         net (fo=1, routed)           0.301     5.250    u_array/g_pe[98].u_pe/pr_j[6][6]_i_108_n_0
    SLICE_X322Y206       CARRY4 (Prop_carry4_DI[0]_CO[3])
                                                      0.269     5.519 r  u_array/g_pe[98].u_pe/pr_j_reg[6][6]_i_71/CO[3]
                         net (fo=1, routed)           0.000     5.519    u_array/g_pe[98].u_pe/pr_j_reg[6][6]_i_71_n_0
    SLICE_X322Y207       CARRY4 (Prop_carry4_CI_CO[3])
                                                      0.053     5.572 r  u_array/g_pe[98].u_pe/pr_j_reg[6][6]_i_18/CO[3]
                         net (fo=24, routed)          0.459     6.031    u_array/g_pe[96].u_pe/pr_h_reg[6][0][0]
    SLICE_X324Y206       LUT6 (Prop_lut6_I4_O)        0.043     6.074 r  u_array/g_pe[96].u_pe/pr_h[6][0]_i_4/O
                         net (fo=3, routed)           0.420     6.494    u_array/g_pe[107].u_pe/pr_h_reg[6][0]_1
    SLICE_X327Y205       LUT6 (Prop_lut6_I3_O)        0.043     6.537 r  u_array/g_pe[107].u_pe/pr_j[6][6]_i_83/O
                         net (fo=1, routed)           0.196     6.732    u_array/g_pe[107].u_pe/pr_j[6][6]_i_83_n_0
    SLICE_X326Y205       CARRY4 (Prop_carry4_DI[0]_CO[3])
                                                      0.269     7.001 r  u_array/g_pe[107].u_pe/pr_j_reg[6][6]_i_19/CO[3]
                         net (fo=1, routed)           0.000     7.001    u_array/g_pe[107].u_pe/pr_j_reg[6][6]_i_19_n_0
    SLICE_X326Y206       CARRY4 (Prop_carry4_CI_CO[3])
                                                      0.053     7.054 r  u_array/g_pe[107].u_pe/pr_j_reg[6][6]_i_5/CO[3]
                         net (fo=27, routed)          0.637     7.691    u_array/g_pe[107].u_pe/pr_j[6][6]_i_27_0[0]
    SLICE_X328Y207       LUT6 (Prop_lut6_I2_O)        0.043     7.734 r  u_array/g_pe[107].u_pe/pr_i[6][15]_i_1/O
                         net (fo=16, routed)          0.421     8.155    u_tracker/pr_i_reg[6][0]_0[0]
    SLICE_X329Y210       FDRE                                         r  u_tracker/pr_i_reg[6][13]/R
  -------------------------------------------------------------------    -------------------

                         (clock clk rise edge)        5.000     5.000 r  <hidden>
                                                      0.000     5.000 r  clk
                         net (fo=27509, unset)        0.510     5.510    u_tracker/clk
    SLICE_X329Y210       FDRE                                         r  u_tracker/pr_i_reg[6][13]/C
                         clock pessimism              0.000     5.510    <hidden>
                         clock uncertainty           -0.035     5.475    <hidden>
    SLICE_X329Y210       FDRE (Setup_fdre_C_R)       -0.304     5.171    u_tracker/pr_i_reg[6][13]
  -------------------------------------------------------------------
                         required time                          5.171    <hidden>
                         arrival time                          -8.155    <hidden>
  -------------------------------------------------------------------
                         slack                                 -2.984    <hidden>

Slack (VIOLATED) :        -2.984ns  (required time - arrival time)
  Source:                 u_array/g_pe[102].u_pe/active_q_reg/C
                            (rising edge-triggered cell FDRE clocked by clk  {rise@0.000ns fall@2.500ns period=5.000ns})
  Destination:            u_tracker/pr_i_reg[6][14]/R
                            (rising edge-triggered cell FDRE clocked by clk  {rise@0.000ns fall@2.500ns period=5.000ns})
  Path Group:             clk
  Path Type:              Setup (Max at Slow Process Corner)
  Requirement:            5.000ns  (clk rise@5.000ns - clk rise@0.000ns)
  Data Path Delay:        7.618ns  (logic 2.073ns (27.213%)  route 5.545ns (72.787%))
  Logic Levels:           18  (CARRY4=8 LUT2=1 LUT4=1 LUT5=1 LUT6=6 MUXF7=1)
  Clock Path Skew:        -0.027ns (DCD - SCD + CPR)
    Destination Clock Delay (DCD):    0.510ns = ( 5.510 - 5.000 ) 
    Source Clock Delay      (SCD):    0.537ns
    Clock Pessimism Removal (CPR):    0.000ns
  Clock Uncertainty:      0.035ns  ((TSJ^2 + TIJ^2)^1/2 + DJ) / 2 + PE
    Total System Jitter     (TSJ):    0.071ns
    Total Input Jitter      (TIJ):    0.000ns
    Discrete Jitter          (DJ):    0.000ns
    Phase Error              (PE):    0.000ns

    Location             Delay type                Incr(ns)  Path(ns)    Netlist Resource(s)
  -------------------------------------------------------------------    -------------------
                         (clock clk rise edge)        0.000     0.000 r  <hidden>
                                                      0.000     0.000 r  clk
                         net (fo=27509, unset)        0.537     0.537    u_array/g_pe[102].u_pe/clk
    SLICE_X317Y204       FDRE                                         r  u_array/g_pe[102].u_pe/active_q_reg/C
  -------------------------------------------------------------------    -------------------
    SLICE_X317Y204       FDRE (Prop_fdre_C_Q)         0.223     0.760 r  u_array/g_pe[102].u_pe/active_q_reg/Q
                         net (fo=80, routed)          0.420     1.180    u_array/g_pe[102].u_pe/active_q_reg_0
    SLICE_X316Y204       LUT2 (Prop_lut2_I0_O)        0.043     1.223 r  u_array/g_pe[102].u_pe/pr_h[6][2]_i_27/O
                         net (fo=8, routed)           0.545     1.767    u_array/g_pe[103].u_pe/s1_h[0][102]_1[2]
    SLICE_X316Y205       LUT5 (Prop_lut5_I2_O)        0.043     1.810 r  u_array/g_pe[103].u_pe/pr_j[6][2]_i_197/O
                         net (fo=1, routed)           0.000     1.810    u_array/g_pe[103].u_pe/pr_j[6][2]_i_197_n_0
    SLICE_X316Y205       CARRY4 (Prop_carry4_S[1]_CO[3])
                                                      0.256     2.066 r  u_array/g_pe[103].u_pe/pr_j_reg[6][2]_i_174/CO[3]
                         net (fo=1, routed)           0.000     2.066    u_array/g_pe[103].u_pe/pr_j_reg[6][2]_i_174_n_0
    SLICE_X316Y206       CARRY4 (Prop_carry4_CI_CO[3])
                                                      0.054     2.120 r  u_array/g_pe[103].u_pe/pr_j_reg[6][2]_i_85/CO[3]
                         net (fo=77, routed)          0.632     2.753    u_array/g_pe[103].u_pe/pr_j_reg[6][2]_i_85_n_0
    SLICE_X318Y203       LUT4 (Prop_lut4_I3_O)        0.043     2.796 r  u_array/g_pe[103].u_pe/pr_j[6][2]_i_189/O
                         net (fo=4, routed)           0.497     3.292    u_array/g_pe[103].u_pe/u_tracker/s1_h[1][51][3]
    SLICE_X317Y205       LUT6 (Prop_lut6_I5_O)        0.043     3.335 r  u_array/g_pe[103].u_pe/pr_j[6][2]_i_128/O
                         net (fo=1, routed)           0.000     3.335    u_array/g_pe[103].u_pe/pr_j[6][2]_i_128_n_0
    SLICE_X317Y205       CARRY4 (Prop_carry4_S[1]_CO[3])
                                                      0.267     3.602 r  u_array/g_pe[103].u_pe/pr_j_reg[6][2]_i_58/CO[3]
                         net (fo=1, routed)           0.000     3.602    u_array/g_pe[103].u_pe/pr_j_reg[6][2]_i_58_n_0
    SLICE_X317Y206       CARRY4 (Prop_carry4_CI_CO[3])
                                                      0.053     3.655 r  u_array/g_pe[103].u_pe/pr_j_reg[6][2]_i_19/CO[3]
                         net (fo=22, routed)          0.540     4.195    u_array/g_pe[103].u_pe/pr_j[6][2]_i_66_0[0]
    SLICE_X319Y203       LUT6 (Prop_lut6_I3_O)        0.043     4.238 f  u_array/g_pe[103].u_pe/pr_h[6][1]_i_10/O
                         net (fo=1, routed)           0.000     4.238    u_array/g_pe[103].u_pe/pr_h[6][1]_i_10_n_0
    SLICE_X319Y203       MUXF7 (Prop_muxf7_I1_O)      0.108     4.346 f  u_array/g_pe[103].u_pe/pr_h_reg[6][1]_i_6/O
                         net (fo=5, routed)           0.479     4.825    u_array/g_pe[98].u_pe/pr_j_reg[6][6]_i_71_1
    SLICE_X324Y206       LUT6 (Prop_lut6_I4_O)        0.124     4.949 r  u_array/g_pe[98].u_pe/pr_j[6][6]_i_108/O
                         net (fo=1, routed)           0.301     5.250    u_array/g_pe[98].u_pe/pr_j[6][6]_i_108_n_0
    SLICE_X322Y206       CARRY4 (Prop_carry4_DI[0]_CO[3])
                                                      0.269     5.519 r  u_array/g_pe[98].u_pe/pr_j_reg[6][6]_i_71/CO[3]
                         net (fo=1, routed)           0.000     5.519    u_array/g_pe[98].u_pe/pr_j_reg[6][6]_i_71_n_0
    SLICE_X322Y207       CARRY4 (Prop_carry4_CI_CO[3])
                                                      0.053     5.572 r  u_array/g_pe[98].u_pe/pr_j_reg[6][6]_i_18/CO[3]
                         net (fo=24, routed)          0.459     6.031    u_array/g_pe[96].u_pe/pr_h_reg[6][0][0]
    SLICE_X324Y206       LUT6 (Prop_lut6_I4_O)        0.043     6.074 r  u_array/g_pe[96].u_pe/pr_h[6][0]_i_4/O
                         net (fo=3, routed)           0.420     6.494    u_array/g_pe[107].u_pe/pr_h_reg[6][0]_1
    SLICE_X327Y205       LUT6 (Prop_lut6_I3_O)        0.043     6.537 r  u_array/g_pe[107].u_pe/pr_j[6][6]_i_83/O
                         net (fo=1, routed)           0.196     6.732    u_array/g_pe[107].u_pe/pr_j[6][6]_i_83_n_0
    SLICE_X326Y205       CARRY4 (Prop_carry4_DI[0]_CO[3])
                                                      0.269     7.001 r  u_array/g_pe[107].u_pe/pr_j_reg[6][6]_i_19/CO[3]
                         net (fo=1, routed)           0.000     7.001    u_array/g_pe[107].u_pe/pr_j_reg[6][6]_i_19_n_0
    SLICE_X326Y206       CARRY4 (Prop_carry4_CI_CO[3])
                                                      0.053     7.054 r  u_array/g_pe[107].u_pe/pr_j_reg[6][6]_i_5/CO[3]
                         net (fo=27, routed)          0.637     7.691    u_array/g_pe[107].u_pe/pr_j[6][6]_i_27_0[0]
    SLICE_X328Y207       LUT6 (Prop_lut6_I2_O)        0.043     7.734 r  u_array/g_pe[107].u_pe/pr_i[6][15]_i_1/O
                         net (fo=16, routed)          0.421     8.155    u_tracker/pr_i_reg[6][0]_0[0]
    SLICE_X329Y210       FDRE                                         r  u_tracker/pr_i_reg[6][14]/R
  -------------------------------------------------------------------    -------------------

                         (clock clk rise edge)        5.000     5.000 r  <hidden>
                                                      0.000     5.000 r  clk
                         net (fo=27509, unset)        0.510     5.510    u_tracker/clk
    SLICE_X329Y210       FDRE                                         r  u_tracker/pr_i_reg[6][14]/C
                         clock pessimism              0.000     5.510    <hidden>
                         clock uncertainty           -0.035     5.475    <hidden>
    SLICE_X329Y210       FDRE (Setup_fdre_C_R)       -0.304     5.171    u_tracker/pr_i_reg[6][14]
  -------------------------------------------------------------------
                         required time                          5.171    <hidden>
                         arrival time                          -8.155    <hidden>
  -------------------------------------------------------------------
                         slack                                 -2.984    <hidden>

Slack (VIOLATED) :        -2.984ns  (required time - arrival time)
  Source:                 u_array/g_pe[102].u_pe/active_q_reg/C
                            (rising edge-triggered cell FDRE clocked by clk  {rise@0.000ns fall@2.500ns period=5.000ns})
  Destination:            u_tracker/pr_i_reg[6][15]/R
                            (rising edge-triggered cell FDRE clocked by clk  {rise@0.000ns fall@2.500ns period=5.000ns})
  Path Group:             clk
  Path Type:              Setup (Max at Slow Process Corner)
  Requirement:            5.000ns  (clk rise@5.000ns - clk rise@0.000ns)
  Data Path Delay:        7.618ns  (logic 2.073ns (27.213%)  route 5.545ns (72.787%))
  Logic Levels:           18  (CARRY4=8 LUT2=1 LUT4=1 LUT5=1 LUT6=6 MUXF7=1)
  Clock Path Skew:        -0.027ns (DCD - SCD + CPR)
    Destination Clock Delay (DCD):    0.510ns = ( 5.510 - 5.000 ) 
    Source Clock Delay      (SCD):    0.537ns
    Clock Pessimism Removal (CPR):    0.000ns
  Clock Uncertainty:      0.035ns  ((TSJ^2 + TIJ^2)^1/2 + DJ) / 2 + PE
    Total System Jitter     (TSJ):    0.071ns
    Total Input Jitter      (TIJ):    0.000ns
    Discrete Jitter          (DJ):    0.000ns
    Phase Error              (PE):    0.000ns

    Location             Delay type                Incr(ns)  Path(ns)    Netlist Resource(s)
  -------------------------------------------------------------------    -------------------
                         (clock clk rise edge)        0.000     0.000 r  <hidden>
                                                      0.000     0.000 r  clk
                         net (fo=27509, unset)        0.537     0.537    u_array/g_pe[102].u_pe/clk
    SLICE_X317Y204       FDRE                                         r  u_array/g_pe[102].u_pe/active_q_reg/C
  -------------------------------------------------------------------    -------------------
    SLICE_X317Y204       FDRE (Prop_fdre_C_Q)         0.223     0.760 r  u_array/g_pe[102].u_pe/active_q_reg/Q
                         net (fo=80, routed)          0.420     1.180    u_array/g_pe[102].u_pe/active_q_reg_0
    SLICE_X316Y204       LUT2 (Prop_lut2_I0_O)        0.043     1.223 r  u_array/g_pe[102].u_pe/pr_h[6][2]_i_27/O
                         net (fo=8, routed)           0.545     1.767    u_array/g_pe[103].u_pe/s1_h[0][102]_1[2]
    SLICE_X316Y205       LUT5 (Prop_lut5_I2_O)        0.043     1.810 r  u_array/g_pe[103].u_pe/pr_j[6][2]_i_197/O
                         net (fo=1, routed)           0.000     1.810    u_array/g_pe[103].u_pe/pr_j[6][2]_i_197_n_0
    SLICE_X316Y205       CARRY4 (Prop_carry4_S[1]_CO[3])
                                                      0.256     2.066 r  u_array/g_pe[103].u_pe/pr_j_reg[6][2]_i_174/CO[3]
                         net (fo=1, routed)           0.000     2.066    u_array/g_pe[103].u_pe/pr_j_reg[6][2]_i_174_n_0
    SLICE_X316Y206       CARRY4 (Prop_carry4_CI_CO[3])
                                                      0.054     2.120 r  u_array/g_pe[103].u_pe/pr_j_reg[6][2]_i_85/CO[3]
                         net (fo=77, routed)          0.632     2.753    u_array/g_pe[103].u_pe/pr_j_reg[6][2]_i_85_n_0
    SLICE_X318Y203       LUT4 (Prop_lut4_I3_O)        0.043     2.796 r  u_array/g_pe[103].u_pe/pr_j[6][2]_i_189/O
                         net (fo=4, routed)           0.497     3.292    u_array/g_pe[103].u_pe/u_tracker/s1_h[1][51][3]
    SLICE_X317Y205       LUT6 (Prop_lut6_I5_O)        0.043     3.335 r  u_array/g_pe[103].u_pe/pr_j[6][2]_i_128/O
                         net (fo=1, routed)           0.000     3.335    u_array/g_pe[103].u_pe/pr_j[6][2]_i_128_n_0
    SLICE_X317Y205       CARRY4 (Prop_carry4_S[1]_CO[3])
                                                      0.267     3.602 r  u_array/g_pe[103].u_pe/pr_j_reg[6][2]_i_58/CO[3]
                         net (fo=1, routed)           0.000     3.602    u_array/g_pe[103].u_pe/pr_j_reg[6][2]_i_58_n_0
    SLICE_X317Y206       CARRY4 (Prop_carry4_CI_CO[3])
                                                      0.053     3.655 r  u_array/g_pe[103].u_pe/pr_j_reg[6][2]_i_19/CO[3]
                         net (fo=22, routed)          0.540     4.195    u_array/g_pe[103].u_pe/pr_j[6][2]_i_66_0[0]
    SLICE_X319Y203       LUT6 (Prop_lut6_I3_O)        0.043     4.238 f  u_array/g_pe[103].u_pe/pr_h[6][1]_i_10/O
                         net (fo=1, routed)           0.000     4.238    u_array/g_pe[103].u_pe/pr_h[6][1]_i_10_n_0
    SLICE_X319Y203       MUXF7 (Prop_muxf7_I1_O)      0.108     4.346 f  u_array/g_pe[103].u_pe/pr_h_reg[6][1]_i_6/O
                         net (fo=5, routed)           0.479     4.825    u_array/g_pe[98].u_pe/pr_j_reg[6][6]_i_71_1
    SLICE_X324Y206       LUT6 (Prop_lut6_I4_O)        0.124     4.949 r  u_array/g_pe[98].u_pe/pr_j[6][6]_i_108/O
                         net (fo=1, routed)           0.301     5.250    u_array/g_pe[98].u_pe/pr_j[6][6]_i_108_n_0
    SLICE_X322Y206       CARRY4 (Prop_carry4_DI[0]_CO[3])
                                                      0.269     5.519 r  u_array/g_pe[98].u_pe/pr_j_reg[6][6]_i_71/CO[3]
                         net (fo=1, routed)           0.000     5.519    u_array/g_pe[98].u_pe/pr_j_reg[6][6]_i_71_n_0
    SLICE_X322Y207       CARRY4 (Prop_carry4_CI_CO[3])
                                                      0.053     5.572 r  u_array/g_pe[98].u_pe/pr_j_reg[6][6]_i_18/CO[3]
                         net (fo=24, routed)          0.459     6.031    u_array/g_pe[96].u_pe/pr_h_reg[6][0][0]
    SLICE_X324Y206       LUT6 (Prop_lut6_I4_O)        0.043     6.074 r  u_array/g_pe[96].u_pe/pr_h[6][0]_i_4/O
                         net (fo=3, routed)           0.420     6.494    u_array/g_pe[107].u_pe/pr_h_reg[6][0]_1
    SLICE_X327Y205       LUT6 (Prop_lut6_I3_O)        0.043     6.537 r  u_array/g_pe[107].u_pe/pr_j[6][6]_i_83/O
                         net (fo=1, routed)           0.196     6.732    u_array/g_pe[107].u_pe/pr_j[6][6]_i_83_n_0
    SLICE_X326Y205       CARRY4 (Prop_carry4_DI[0]_CO[3])
                                                      0.269     7.001 r  u_array/g_pe[107].u_pe/pr_j_reg[6][6]_i_19/CO[3]
                         net (fo=1, routed)           0.000     7.001    u_array/g_pe[107].u_pe/pr_j_reg[6][6]_i_19_n_0
    SLICE_X326Y206       CARRY4 (Prop_carry4_CI_CO[3])
                                                      0.053     7.054 r  u_array/g_pe[107].u_pe/pr_j_reg[6][6]_i_5/CO[3]
                         net (fo=27, routed)          0.637     7.691    u_array/g_pe[107].u_pe/pr_j[6][6]_i_27_0[0]
    SLICE_X328Y207       LUT6 (Prop_lut6_I2_O)        0.043     7.734 r  u_array/g_pe[107].u_pe/pr_i[6][15]_i_1/O
                         net (fo=16, routed)          0.421     8.155    u_tracker/pr_i_reg[6][0]_0[0]
    SLICE_X329Y210       FDRE                                         r  u_tracker/pr_i_reg[6][15]/R
  -------------------------------------------------------------------    -------------------

                         (clock clk rise edge)        5.000     5.000 r  <hidden>
                                                      0.000     5.000 r  clk
                         net (fo=27509, unset)        0.510     5.510    u_tracker/clk
    SLICE_X329Y210       FDRE                                         r  u_tracker/pr_i_reg[6][15]/C
                         clock pessimism              0.000     5.510    <hidden>
                         clock uncertainty           -0.035     5.475    <hidden>
    SLICE_X329Y210       FDRE (Setup_fdre_C_R)       -0.304     5.171    u_tracker/pr_i_reg[6][15]
  -------------------------------------------------------------------
                         required time                          5.171    <hidden>
                         arrival time                          -8.155    <hidden>
  -------------------------------------------------------------------
                         slack                                 -2.984    <hidden>





Pulse Width Checks
--------------------------------------------------------------------------------------
Clock Name:         clk
Waveform(ns):       { 0.000 2.500 }
Period(ns):         5.000
Sources:            { clk }

Check Type        Corner  Lib Pin  Reference Pin  Required(ns)  Actual(ns)  Slack(ns)  Location        Pin
Min Period        n/a     FDRE/C   n/a            0.750         5.000       4.250      SLICE_X311Y169  u_array/g_pe[0].u_pe/e_del_reg_reg[6]/C
Min Period        n/a     FDRE/C   n/a            0.750         5.000       4.250      SLICE_X414Y183  u_array/g_pe[0].u_pe/query_base_reg_reg[1]/C
Min Period        n/a     FDRE/C   n/a            0.750         5.000       4.250      SLICE_X300Y200  u_array/g_pe[100].u_pe/query_base_reg_reg[1]/C
Min Period        n/a     FDRE/C   n/a            0.750         5.000       4.250      SLICE_X301Y203  u_array/g_pe[101].u_pe/query_base_reg_reg[2]/C
Min Period        n/a     FDRE/C   n/a            0.750         5.000       4.250      SLICE_X313Y202  u_array/g_pe[102].u_pe/H_prev_reg_reg[1]/C
Min Period        n/a     FDRE/C   n/a            0.750         5.000       4.250      SLICE_X312Y202  u_array/g_pe[102].u_pe/query_base_reg_reg[2]/C
Min Period        n/a     FDRE/C   n/a            0.750         5.000       4.250      SLICE_X307Y198  u_array/g_pe[103].u_pe/query_base_reg_reg[2]/C
Min Period        n/a     FDRE/C   n/a            0.750         5.000       4.250      SLICE_X340Y194  u_array/g_pe[104].u_pe/H_prev_reg_reg[11]/C
Min Period        n/a     FDRE/C   n/a            0.750         5.000       4.250      SLICE_X321Y191  u_array/g_pe[104].u_pe/query_base_reg_reg[1]/C
Min Period        n/a     FDRE/C   n/a            0.750         5.000       4.250      SLICE_X342Y190  u_array/g_pe[105].u_pe/query_base_reg_reg[2]/C
Min Period        n/a     FDRE/C   n/a            0.750         5.000       4.250      SLICE_X351Y198  u_array/g_pe[106].u_pe/query_base_reg_reg[1]/C
Min Period        n/a     FDRE/C   n/a            0.750         5.000       4.250      SLICE_X332Y194  u_array/g_pe[107].u_pe/H_prev_reg_reg[11]/C
Min Period        n/a     FDRE/C   n/a            0.750         5.000       4.250      SLICE_X333Y193  u_array/g_pe[107].u_pe/H_prev_reg_reg[6]/C
Min Period        n/a     FDRE/C   n/a            0.750         5.000       4.250      SLICE_X333Y193  u_array/g_pe[107].u_pe/H_prev_reg_reg[7]/C
Min Period        n/a     FDRE/C   n/a            0.750         5.000       4.250      SLICE_X333Y193  u_array/g_pe[107].u_pe/H_prev_reg_reg[8]/C
Min Period        n/a     FDRE/C   n/a            0.750         5.000       4.250      SLICE_X349Y198  u_array/g_pe[107].u_pe/query_base_reg_reg[2]/C
Min Period        n/a     FDRE/C   n/a            0.750         5.000       4.250      SLICE_X334Y190  u_array/g_pe[108].u_pe/query_base_reg_reg[1]/C
Min Period        n/a     FDRE/C   n/a            0.750         5.000       4.250      SLICE_X305Y194  u_array/g_pe[109].u_pe/H_prev_reg_reg[6]/C
Min Period        n/a     FDRE/C   n/a            0.750         5.000       4.250      SLICE_X305Y194  u_array/g_pe[109].u_pe/H_prev_reg_reg[7]/C
Min Period        n/a     FDRE/C   n/a            0.750         5.000       4.250      SLICE_X310Y188  u_array/g_pe[109].u_pe/query_base_reg_reg[2]/C
Low Pulse Width   Slow    FDRE/C   n/a            0.400         2.500       2.100      SLICE_X311Y169  u_array/g_pe[0].u_pe/e_del_reg_reg[6]/C
Low Pulse Width   Fast    FDRE/C   n/a            0.400         2.500       2.100      SLICE_X311Y169  u_array/g_pe[0].u_pe/e_del_reg_reg[6]/C
Low Pulse Width   Slow    FDRE/C   n/a            0.400         2.500       2.100      SLICE_X414Y183  u_array/g_pe[0].u_pe/query_base_reg_reg[1]/C
Low Pulse Width   Fast    FDRE/C   n/a            0.400         2.500       2.100      SLICE_X414Y183  u_array/g_pe[0].u_pe/query_base_reg_reg[1]/C
Low Pulse Width   Slow    FDRE/C   n/a            0.400         2.500       2.100      SLICE_X300Y200  u_array/g_pe[100].u_pe/query_base_reg_reg[1]/C
Low Pulse Width   Fast    FDRE/C   n/a            0.400         2.500       2.100      SLICE_X300Y200  u_array/g_pe[100].u_pe/query_base_reg_reg[1]/C
Low Pulse Width   Slow    FDRE/C   n/a            0.400         2.500       2.100      SLICE_X301Y203  u_array/g_pe[101].u_pe/query_base_reg_reg[2]/C
Low Pulse Width   Fast    FDRE/C   n/a            0.400         2.500       2.100      SLICE_X301Y203  u_array/g_pe[101].u_pe/query_base_reg_reg[2]/C
Low Pulse Width   Slow    FDRE/C   n/a            0.400         2.500       2.100      SLICE_X313Y202  u_array/g_pe[102].u_pe/H_prev_reg_reg[1]/C
Low Pulse Width   Fast    FDRE/C   n/a            0.400         2.500       2.100      SLICE_X313Y202  u_array/g_pe[102].u_pe/H_prev_reg_reg[1]/C
Low Pulse Width   Slow    FDRE/C   n/a            0.400         2.500       2.100      SLICE_X312Y202  u_array/g_pe[102].u_pe/query_base_reg_reg[2]/C
Low Pulse Width   Fast    FDRE/C   n/a            0.400         2.500       2.100      SLICE_X312Y202  u_array/g_pe[102].u_pe/query_base_reg_reg[2]/C
Low Pulse Width   Slow    FDRE/C   n/a            0.400         2.500       2.100      SLICE_X307Y198  u_array/g_pe[103].u_pe/query_base_reg_reg[2]/C
Low Pulse Width   Fast    FDRE/C   n/a            0.400         2.500       2.100      SLICE_X307Y198  u_array/g_pe[103].u_pe/query_base_reg_reg[2]/C
Low Pulse Width   Slow    FDRE/C   n/a            0.400         2.500       2.100      SLICE_X340Y194  u_array/g_pe[104].u_pe/H_prev_reg_reg[11]/C
Low Pulse Width   Fast    FDRE/C   n/a            0.400         2.500       2.100      SLICE_X340Y194  u_array/g_pe[104].u_pe/H_prev_reg_reg[11]/C
Low Pulse Width   Slow    FDRE/C   n/a            0.400         2.500       2.100      SLICE_X321Y191  u_array/g_pe[104].u_pe/query_base_reg_reg[1]/C
Low Pulse Width   Fast    FDRE/C   n/a            0.400         2.500       2.100      SLICE_X321Y191  u_array/g_pe[104].u_pe/query_base_reg_reg[1]/C
Low Pulse Width   Slow    FDRE/C   n/a            0.400         2.500       2.100      SLICE_X342Y190  u_array/g_pe[105].u_pe/query_base_reg_reg[2]/C
Low Pulse Width   Fast    FDRE/C   n/a            0.400         2.500       2.100      SLICE_X342Y190  u_array/g_pe[105].u_pe/query_base_reg_reg[2]/C
High Pulse Width  Slow    FDRE/C   n/a            0.350         2.500       2.150      SLICE_X425Y187  u_array/g_pe[0].u_pe/E_reg_reg[0]/C
High Pulse Width  Fast    FDRE/C   n/a            0.350         2.500       2.150      SLICE_X425Y187  u_array/g_pe[0].u_pe/E_reg_reg[0]/C
High Pulse Width  Slow    FDRE/C   n/a            0.350         2.500       2.150      SLICE_X421Y189  u_array/g_pe[0].u_pe/E_reg_reg[10]/C
High Pulse Width  Fast    FDRE/C   n/a            0.350         2.500       2.150      SLICE_X421Y189  u_array/g_pe[0].u_pe/E_reg_reg[10]/C
High Pulse Width  Slow    FDRE/C   n/a            0.350         2.500       2.150      SLICE_X425Y187  u_array/g_pe[0].u_pe/E_reg_reg[11]/C
High Pulse Width  Fast    FDRE/C   n/a            0.350         2.500       2.150      SLICE_X425Y187  u_array/g_pe[0].u_pe/E_reg_reg[11]/C
High Pulse Width  Slow    FDRE/C   n/a            0.350         2.500       2.150      SLICE_X425Y187  u_array/g_pe[0].u_pe/E_reg_reg[12]/C
High Pulse Width  Fast    FDRE/C   n/a            0.350         2.500       2.150      SLICE_X425Y187  u_array/g_pe[0].u_pe/E_reg_reg[12]/C
High Pulse Width  Slow    FDRE/C   n/a            0.350         2.500       2.150      SLICE_X425Y187  u_array/g_pe[0].u_pe/E_reg_reg[13]/C
High Pulse Width  Fast    FDRE/C   n/a            0.350         2.500       2.150      SLICE_X425Y187  u_array/g_pe[0].u_pe/E_reg_reg[13]/C
High Pulse Width  Slow    FDRE/C   n/a            0.350         2.500       2.150      SLICE_X421Y189  u_array/g_pe[0].u_pe/E_reg_reg[14]/C
High Pulse Width  Fast    FDRE/C   n/a            0.350         2.500       2.150      SLICE_X421Y189  u_array/g_pe[0].u_pe/E_reg_reg[14]/C
High Pulse Width  Slow    FDRE/C   n/a            0.350         2.500       2.150      SLICE_X421Y188  u_array/g_pe[0].u_pe/E_reg_reg[15]/C
High Pulse Width  Fast    FDRE/C   n/a            0.350         2.500       2.150      SLICE_X421Y188  u_array/g_pe[0].u_pe/E_reg_reg[15]/C
High Pulse Width  Slow    FDRE/C   n/a            0.350         2.500       2.150      SLICE_X420Y189  u_array/g_pe[0].u_pe/E_reg_reg[1]/C
High Pulse Width  Fast    FDRE/C   n/a            0.350         2.500       2.150      SLICE_X420Y189  u_array/g_pe[0].u_pe/E_reg_reg[1]/C
High Pulse Width  Slow    FDRE/C   n/a            0.350         2.500       2.150      SLICE_X421Y188  u_array/g_pe[0].u_pe/E_reg_reg[2]/C
High Pulse Width  Fast    FDRE/C   n/a            0.350         2.500       2.150      SLICE_X421Y188  u_array/g_pe[0].u_pe/E_reg_reg[2]/C
High Pulse Width  Slow    FDRE/C   n/a            0.350         2.500       2.150      SLICE_X420Y189  u_array/g_pe[0].u_pe/E_reg_reg[3]/C
High Pulse Width  Fast    FDRE/C   n/a            0.350         2.500       2.150      SLICE_X420Y189  u_array/g_pe[0].u_pe/E_reg_reg[3]/C



