Copyright 1986-2022 Xilinx, Inc. All Rights Reserved. Copyright 2022-2026 Advanced Micro Devices, Inc. All Rights Reserved.
-----------------------------------------------------------------------------------------------------------------------------------------------------------------------------
| Tool Version : Vivado v.2026.1 (win64) Build 6511674 Tue Jun 16 11:02:23 MDT 2026
| Date         : Sat Aug  1 19:17:53 2026
| Host         : MSI running 64-bit major release  (build 9200)
| Command      : report_timing_summary -delay_type max -max_paths 20 -file C:/Users/kanak/Downloads/FPGA-speed-up-Project-main/synth/ooc/reports/bsw_top_impl_ml3_timing.rpt
| Design       : bsw_top
| Device       : 7v2000t-fhg1761
| Speed File   : -2  PRODUCTION 1.10 2014-09-11
| Design State : Routed
-----------------------------------------------------------------------------------------------------------------------------------------------------------------------------

Timing Summary Report

------------------------------------------------------------------------------------------------
| Timer Settings
| --------------
------------------------------------------------------------------------------------------------

  Enable Multi Corner Analysis               :  Yes
  Enable Pessimism Removal                   :  Yes
  Pessimism Removal Resolution               :  Nearest Common Node
  Enable Input Delay Default Clock           :  No
  Enable Preset / Clear Arcs                 :  No
  Disable Flight Delays                      :  No
  Ignore I/O Paths                           :  No
  Timing Early Launch at Borrowing Latches   :  No
  Borrow Time for Max Delay Exceptions       :  Yes
  Merge Timing Exceptions                    :  Yes
  Inter-SLR Compensation                     :  Conservative

  Corner  Analyze    Analyze    
  Name    Max Paths  Min Paths  
  ------  ---------  ---------  
  Slow    Yes        Yes        
  Fast    Yes        Yes        


------------------------------------------------------------------------------------------------
| Report Methodology
| ------------------
------------------------------------------------------------------------------------------------

No report available as report_methodology has not been run prior. Run report_methodology on the current design for the summary of methodology violations.



check_timing report

Table of Contents
-----------------
1. checking no_clock (0)
2. checking constant_clock (0)
3. checking pulse_width_clock (0)
4. checking unconstrained_internal_endpoints (0)
5. checking no_input_delay (3684)
6. checking no_output_delay (99)
7. checking multiple_clock (0)
8. checking generated_clocks (0)
9. checking loops (0)
10. checking partial_input_delay (0)
11. checking partial_output_delay (0)
12. checking latch_loops (0)

1. checking no_clock (0)
------------------------
 There are 0 register/latch pins with no clock.


2. checking constant_clock (0)
------------------------------
 There are 0 register/latch pins with constant_clock.


3. checking pulse_width_clock (0)
---------------------------------
 There are 0 register/latch pins which need pulse_width check


4. checking unconstrained_internal_endpoints (0)
------------------------------------------------
 There are 0 pins that are not constrained for maximum delay.

 There are 0 pins that are not constrained for maximum delay due to constant clock.


5. checking no_input_delay (3684)
---------------------------------
 There are 3684 input ports with no input delay specified. (HIGH)

 There are 0 input ports with no input delay but user has a false path constraint.


6. checking no_output_delay (99)
--------------------------------
 There are 99 ports with no output delay specified. (HIGH)

 There are 0 ports with no output delay but user has a false path constraint

 There are 0 ports with no output delay but with a timing clock defined on it or propagating through it


7. checking multiple_clock (0)
------------------------------
 There are 0 register/latch pins with multiple clocks.


8. checking generated_clocks (0)
--------------------------------
 There are 0 generated clocks that are not connected to a clock source.


9. checking loops (0)
---------------------
 There are 0 combinational loops in the design.


10. checking partial_input_delay (0)
------------------------------------
 There are 0 input ports with partial input delay specified.


11. checking partial_output_delay (0)
-------------------------------------
 There are 0 ports with partial output delay specified.


12. checking latch_loops (0)
----------------------------
 There are 0 combinational latch loops in the design through latch input



------------------------------------------------------------------------------------------------
| Design Timing Summary
| ---------------------
------------------------------------------------------------------------------------------------

    WNS(ns)      TNS(ns)  TNS Failing Endpoints  TNS Total Endpoints     WPWS(ns)     TPWS(ns)  TPWS Failing Endpoints  TPWS Total Endpoints  
    -------      -------  ---------------------  -------------------     --------     --------  ----------------------  --------------------  
     -3.963   -29287.211                  18277                57670        2.100        0.000                       0                 27837  


Timing constraints are not met.


------------------------------------------------------------------------------------------------
| Clock Summary
| -------------
------------------------------------------------------------------------------------------------

Clock  Waveform(ns)         Period(ns)      Frequency(MHz)
-----  ------------         ----------      --------------
clk    {0.000 2.500}        5.000           200.000         


------------------------------------------------------------------------------------------------
| Intra Clock Table
| -----------------
------------------------------------------------------------------------------------------------

Clock             WNS(ns)      TNS(ns)  TNS Failing Endpoints  TNS Total Endpoints     WPWS(ns)     TPWS(ns)  TPWS Failing Endpoints  TPWS Total Endpoints  
-----             -------      -------  ---------------------  -------------------     --------     --------  ----------------------  --------------------  
clk                -3.963   -29287.211                  18277                57670        2.100        0.000                       0                 27837  


------------------------------------------------------------------------------------------------
| Inter Clock Table
| -----------------
------------------------------------------------------------------------------------------------

From Clock    To Clock          WNS(ns)      TNS(ns)  TNS Failing Endpoints  TNS Total Endpoints  
----------    --------          -------      -------  ---------------------  -------------------  


------------------------------------------------------------------------------------------------
| Other Path Groups Table
| -----------------------
------------------------------------------------------------------------------------------------

Path Group    From Clock    To Clock          WNS(ns)      TNS(ns)  TNS Failing Endpoints  TNS Total Endpoints  
----------    ----------    --------          -------      -------  ---------------------  -------------------  


------------------------------------------------------------------------------------------------
| Timing Details
| --------------
------------------------------------------------------------------------------------------------


---------------------------------------------------------------------------------------------------
From Clock:  clk
  To Clock:  clk

Setup :        18277  Failing Endpoints,  Worst Slack       -3.963ns,  Total Violation   -29287.212ns
Hold  :           NA  Failing Endpoints,  Worst Slack           NA  ,  Total Violation           NA
PW    :            0  Failing Endpoints,  Worst Slack        2.100ns,  Total Violation        0.000ns
---------------------------------------------------------------------------------------------------


Max Delay Paths
--------------------------------------------------------------------------------------
Slack (VIOLATED) :        -3.963ns  (required time - arrival time)
  Source:                 u_tracker/pr_h_reg[15][0]/C
                            (rising edge-triggered cell FDRE clocked by clk  {rise@0.000ns fall@2.500ns period=5.000ns})
  Destination:            u_tracker/cm_i_reg[12]/D
                            (rising edge-triggered cell FDRE clocked by clk  {rise@0.000ns fall@2.500ns period=5.000ns})
  Path Group:             clk
  Path Type:              Setup (Max at Slow Process Corner)
  Requirement:            5.000ns  (clk rise@5.000ns - clk rise@0.000ns)
  Data Path Delay:        8.934ns  (logic 2.269ns (25.397%)  route 6.665ns (74.603%))
  Logic Levels:           22  (CARRY4=9 LUT2=2 LUT3=2 LUT4=4 LUT6=5)
  Clock Path Skew:        -0.027ns (DCD - SCD + CPR)
    Destination Clock Delay (DCD):    0.510ns = ( 5.510 - 5.000 ) 
    Source Clock Delay      (SCD):    0.537ns
    Clock Pessimism Removal (CPR):    0.000ns
  Clock Uncertainty:      0.035ns  ((TSJ^2 + TIJ^2)^1/2 + DJ) / 2 + PE
    Total System Jitter     (TSJ):    0.071ns
    Total Input Jitter      (TIJ):    0.000ns
    Discrete Jitter          (DJ):    0.000ns
    Phase Error              (PE):    0.000ns

    Location             Delay type                Incr(ns)  Path(ns)    Netlist Resource(s)
  -------------------------------------------------------------------    -------------------
                         (clock clk rise edge)        0.000     0.000 r  <hidden>
                                                      0.000     0.000 r  clk
                         net (fo=27976, unset)        0.537     0.537    u_tracker/clk
    SLICE_X114Y513       FDRE                                         r  u_tracker/pr_h_reg[15][0]/C
  -------------------------------------------------------------------    -------------------
    SLICE_X114Y513       FDRE (Prop_fdre_C_Q)         0.259     0.796 r  u_tracker/pr_h_reg[15][0]/Q
                         net (fo=3, routed)           0.442     1.238    u_tracker/pr_h_reg[15]_42[0]
    SLICE_X113Y513       LUT4 (Prop_lut4_I2_O)        0.043     1.281 r  u_tracker/cm_i[2]_i_35/O
                         net (fo=1, routed)           0.000     1.281    u_tracker/cm_i[2]_i_35_n_0
    SLICE_X113Y513       CARRY4 (Prop_carry4_S[0]_CO[3])
                                                      0.259     1.540 r  u_tracker/cm_i_reg[2]_i_16/CO[3]
                         net (fo=1, routed)           0.000     1.540    u_tracker/cm_i_reg[2]_i_16_n_0
    SLICE_X113Y514       CARRY4 (Prop_carry4_CI_CO[3])
                                                      0.053     1.593 r  u_tracker/cm_i_reg[2]_i_13/CO[3]
                         net (fo=70, routed)          0.527     2.120    u_tracker/cm_i_reg[2]_i_13_n_0
    SLICE_X112Y512       LUT3 (Prop_lut3_I1_O)        0.043     2.163 f  u_tracker/cm_h[4]_i_13/O
                         net (fo=5, routed)           0.372     2.535    u_tracker/s2_h[1][7]_345[4]
    SLICE_X115Y511       LUT6 (Prop_lut6_I1_O)        0.043     2.578 r  u_tracker/cm_j[6]_i_91/O
                         net (fo=1, routed)           0.412     2.991    u_tracker/cm_j[6]_i_91_n_0
    SLICE_X114Y514       CARRY4 (Prop_carry4_DI[2]_CO[3])
                                                      0.202     3.193 r  u_tracker/cm_j_reg[6]_i_24/CO[3]
                         net (fo=1, routed)           0.000     3.193    u_tracker/cm_j_reg[6]_i_24_n_0
    SLICE_X114Y515       CARRY4 (Prop_carry4_CI_CO[3])
                                                      0.054     3.247 r  u_tracker/cm_j_reg[6]_i_9/CO[3]
                         net (fo=52, routed)          0.782     4.029    u_tracker/cm_j_reg[6]_i_9_n_0
    SLICE_X111Y516       LUT6 (Prop_lut6_I0_O)        0.043     4.072 r  u_tracker/cm_h[9]_i_10/O
                         net (fo=3, routed)           0.452     4.524    u_tracker/cm_h[9]_i_10_n_0
    SLICE_X111Y518       LUT4 (Prop_lut4_I2_O)        0.043     4.567 r  u_tracker/cm_i[15]_i_86/O
                         net (fo=1, routed)           0.000     4.567    u_tracker/cm_i[15]_i_86_n_0
    SLICE_X111Y518       CARRY4 (Prop_carry4_S[0]_CO[3])
                                                      0.259     4.826 r  u_tracker/cm_i_reg[15]_i_26/CO[3]
                         net (fo=64, routed)          0.519     5.345    u_tracker/cm_i_reg[15]_i_26_n_0
    SLICE_X110Y518       LUT3 (Prop_lut3_I1_O)        0.043     5.388 r  u_tracker/cm_h[1]_i_6/O
                         net (fo=5, routed)           0.613     6.001    u_tracker/s2_h[3][1]_344[1]
    SLICE_X105Y517       LUT4 (Prop_lut4_I1_O)        0.043     6.044 r  u_tracker/cm_i[11]_i_127/O
                         net (fo=1, routed)           0.000     6.044    u_tracker/cm_i[11]_i_127_n_0
    SLICE_X105Y517       CARRY4 (Prop_carry4_S[0]_CO[3])
                                                      0.259     6.303 r  u_tracker/cm_i_reg[11]_i_48/CO[3]
                         net (fo=1, routed)           0.000     6.303    u_tracker/cm_i_reg[11]_i_48_n_0
    SLICE_X105Y518       CARRY4 (Prop_carry4_CI_CO[3])
                                                      0.053     6.356 r  u_tracker/cm_i_reg[11]_i_9/CO[3]
                         net (fo=7, routed)           0.738     7.094    u_tracker/p_24_in
    SLICE_X103Y518       LUT2 (Prop_lut2_I0_O)        0.043     7.137 r  u_tracker/cm_j[5]_i_4/O
                         net (fo=36, routed)          0.482     7.618    u_tracker/cm_j[5]_i_4_n_0
    SLICE_X103Y519       LUT6 (Prop_lut6_I4_O)        0.043     7.661 r  u_tracker/cm_h[1]_i_2/O
                         net (fo=3, routed)           0.330     7.992    u_tracker/cm_h[1]_i_2_n_0
    SLICE_X100Y518       LUT4 (Prop_lut4_I1_O)        0.043     8.035 r  u_tracker/cm_i[15]_i_76/O
                         net (fo=1, routed)           0.000     8.035    u_tracker/cm_i[15]_i_76_n_0
    SLICE_X100Y518       CARRY4 (Prop_carry4_S[0]_CO[3])
                                                      0.259     8.294 r  u_tracker/cm_i_reg[15]_i_16/CO[3]
                         net (fo=1, routed)           0.000     8.294    u_tracker/cm_i_reg[15]_i_16_n_0
    SLICE_X100Y519       CARRY4 (Prop_carry4_CI_CO[3])
                                                      0.053     8.347 f  u_tracker/cm_i_reg[15]_i_5/CO[3]
                         net (fo=52, routed)          0.459     8.806    u_tracker/s2_h1
    SLICE_X99Y520        LUT2 (Prop_lut2_I0_O)        0.043     8.849 f  u_tracker/cm_j[7]_i_5/O
                         net (fo=19, routed)          0.357     9.206    u_tracker/cm_j[7]_i_5_n_0
    SLICE_X99Y516        LUT6 (Prop_lut6_I1_O)        0.043     9.249 r  u_tracker/cm_i[12]_i_6/O
                         net (fo=1, routed)           0.179     9.428    u_tracker/cm_i[12]_i_6_n_0
    SLICE_X97Y516        LUT6 (Prop_lut6_I5_O)        0.043     9.471 r  u_tracker/cm_i[12]_i_1/O
                         net (fo=1, routed)           0.000     9.471    u_tracker/s2_i[5][0]_347[12]
    SLICE_X97Y516        FDRE                                         r  u_tracker/cm_i_reg[12]/D
  -------------------------------------------------------------------    -------------------

                         (clock clk rise edge)        5.000     5.000 r  <hidden>
                                                      0.000     5.000 r  clk
                         net (fo=27976, unset)        0.510     5.510    u_tracker/clk
    SLICE_X97Y516        FDRE                                         r  u_tracker/cm_i_reg[12]/C
                         clock pessimism              0.000     5.510    <hidden>
                         clock uncertainty           -0.035     5.475    <hidden>
    SLICE_X97Y516        FDRE (Setup_fdre_C_D)        0.033     5.508    u_tracker/cm_i_reg[12]
  -------------------------------------------------------------------
                         required time                          5.508    <hidden>
                         arrival time                          -9.471    <hidden>
  -------------------------------------------------------------------
                         slack                                 -3.963    <hidden>

Slack (VIOLATED) :        -3.961ns  (required time - arrival time)
  Source:                 u_tracker/pr_h_reg[15][0]/C
                            (rising edge-triggered cell FDRE clocked by clk  {rise@0.000ns fall@2.500ns period=5.000ns})
  Destination:            u_tracker/cm_i_reg[0]/D
                            (rising edge-triggered cell FDRE clocked by clk  {rise@0.000ns fall@2.500ns period=5.000ns})
  Path Group:             clk
  Path Type:              Setup (Max at Slow Process Corner)
  Requirement:            5.000ns  (clk rise@5.000ns - clk rise@0.000ns)
  Data Path Delay:        8.933ns  (logic 2.269ns (25.399%)  route 6.664ns (74.601%))
  Logic Levels:           22  (CARRY4=9 LUT2=2 LUT3=2 LUT4=4 LUT6=5)
  Clock Path Skew:        -0.027ns (DCD - SCD + CPR)
    Destination Clock Delay (DCD):    0.510ns = ( 5.510 - 5.000 ) 
    Source Clock Delay      (SCD):    0.537ns
    Clock Pessimism Removal (CPR):    0.000ns
  Clock Uncertainty:      0.035ns  ((TSJ^2 + TIJ^2)^1/2 + DJ) / 2 + PE
    Total System Jitter     (TSJ):    0.071ns
    Total Input Jitter      (TIJ):    0.000ns
    Discrete Jitter          (DJ):    0.000ns
    Phase Error              (PE):    0.000ns

    Location             Delay type                Incr(ns)  Path(ns)    Netlist Resource(s)
  -------------------------------------------------------------------    -------------------
                         (clock clk rise edge)        0.000     0.000 r  <hidden>
                                                      0.000     0.000 r  clk
                         net (fo=27976, unset)        0.537     0.537    u_tracker/clk
    SLICE_X114Y513       FDRE                                         r  u_tracker/pr_h_reg[15][0]/C
  -------------------------------------------------------------------    -------------------
    SLICE_X114Y513       FDRE (Prop_fdre_C_Q)         0.259     0.796 r  u_tracker/pr_h_reg[15][0]/Q
                         net (fo=3, routed)           0.442     1.238    u_tracker/pr_h_reg[15]_42[0]
    SLICE_X113Y513       LUT4 (Prop_lut4_I2_O)        0.043     1.281 r  u_tracker/cm_i[2]_i_35/O
                         net (fo=1, routed)           0.000     1.281    u_tracker/cm_i[2]_i_35_n_0
    SLICE_X113Y513       CARRY4 (Prop_carry4_S[0]_CO[3])
                                                      0.259     1.540 r  u_tracker/cm_i_reg[2]_i_16/CO[3]
                         net (fo=1, routed)           0.000     1.540    u_tracker/cm_i_reg[2]_i_16_n_0
    SLICE_X113Y514       CARRY4 (Prop_carry4_CI_CO[3])
                                                      0.053     1.593 r  u_tracker/cm_i_reg[2]_i_13/CO[3]
                         net (fo=70, routed)          0.527     2.120    u_tracker/cm_i_reg[2]_i_13_n_0
    SLICE_X112Y512       LUT3 (Prop_lut3_I1_O)        0.043     2.163 f  u_tracker/cm_h[4]_i_13/O
                         net (fo=5, routed)           0.372     2.535    u_tracker/s2_h[1][7]_345[4]
    SLICE_X115Y511       LUT6 (Prop_lut6_I1_O)        0.043     2.578 r  u_tracker/cm_j[6]_i_91/O
                         net (fo=1, routed)           0.412     2.991    u_tracker/cm_j[6]_i_91_n_0
    SLICE_X114Y514       CARRY4 (Prop_carry4_DI[2]_CO[3])
                                                      0.202     3.193 r  u_tracker/cm_j_reg[6]_i_24/CO[3]
                         net (fo=1, routed)           0.000     3.193    u_tracker/cm_j_reg[6]_i_24_n_0
    SLICE_X114Y515       CARRY4 (Prop_carry4_CI_CO[3])
                                                      0.054     3.247 r  u_tracker/cm_j_reg[6]_i_9/CO[3]
                         net (fo=52, routed)          0.782     4.029    u_tracker/cm_j_reg[6]_i_9_n_0
    SLICE_X111Y516       LUT6 (Prop_lut6_I0_O)        0.043     4.072 r  u_tracker/cm_h[9]_i_10/O
                         net (fo=3, routed)           0.452     4.524    u_tracker/cm_h[9]_i_10_n_0
    SLICE_X111Y518       LUT4 (Prop_lut4_I2_O)        0.043     4.567 r  u_tracker/cm_i[15]_i_86/O
                         net (fo=1, routed)           0.000     4.567    u_tracker/cm_i[15]_i_86_n_0
    SLICE_X111Y518       CARRY4 (Prop_carry4_S[0]_CO[3])
                                                      0.259     4.826 r  u_tracker/cm_i_reg[15]_i_26/CO[3]
                         net (fo=64, routed)          0.519     5.345    u_tracker/cm_i_reg[15]_i_26_n_0
    SLICE_X110Y518       LUT3 (Prop_lut3_I1_O)        0.043     5.388 r  u_tracker/cm_h[1]_i_6/O
                         net (fo=5, routed)           0.613     6.001    u_tracker/s2_h[3][1]_344[1]
    SLICE_X105Y517       LUT4 (Prop_lut4_I1_O)        0.043     6.044 r  u_tracker/cm_i[11]_i_127/O
                         net (fo=1, routed)           0.000     6.044    u_tracker/cm_i[11]_i_127_n_0
    SLICE_X105Y517       CARRY4 (Prop_carry4_S[0]_CO[3])
                                                      0.259     6.303 r  u_tracker/cm_i_reg[11]_i_48/CO[3]
                         net (fo=1, routed)           0.000     6.303    u_tracker/cm_i_reg[11]_i_48_n_0
    SLICE_X105Y518       CARRY4 (Prop_carry4_CI_CO[3])
                                                      0.053     6.356 r  u_tracker/cm_i_reg[11]_i_9/CO[3]
                         net (fo=7, routed)           0.738     7.094    u_tracker/p_24_in
    SLICE_X103Y518       LUT2 (Prop_lut2_I0_O)        0.043     7.137 r  u_tracker/cm_j[5]_i_4/O
                         net (fo=36, routed)          0.482     7.618    u_tracker/cm_j[5]_i_4_n_0
    SLICE_X103Y519       LUT6 (Prop_lut6_I4_O)        0.043     7.661 r  u_tracker/cm_h[1]_i_2/O
                         net (fo=3, routed)           0.330     7.992    u_tracker/cm_h[1]_i_2_n_0
    SLICE_X100Y518       LUT4 (Prop_lut4_I1_O)        0.043     8.035 r  u_tracker/cm_i[15]_i_76/O
                         net (fo=1, routed)           0.000     8.035    u_tracker/cm_i[15]_i_76_n_0
    SLICE_X100Y518       CARRY4 (Prop_carry4_S[0]_CO[3])
                                                      0.259     8.294 r  u_tracker/cm_i_reg[15]_i_16/CO[3]
                         net (fo=1, routed)           0.000     8.294    u_tracker/cm_i_reg[15]_i_16_n_0
    SLICE_X100Y519       CARRY4 (Prop_carry4_CI_CO[3])
                                                      0.053     8.347 f  u_tracker/cm_i_reg[15]_i_5/CO[3]
                         net (fo=52, routed)          0.459     8.806    u_tracker/s2_h1
    SLICE_X99Y520        LUT2 (Prop_lut2_I0_O)        0.043     8.849 f  u_tracker/cm_j[7]_i_5/O
                         net (fo=19, routed)          0.347     9.196    u_tracker/cm_j[7]_i_5_n_0
    SLICE_X97Y518        LUT6 (Prop_lut6_I1_O)        0.043     9.239 r  u_tracker/cm_i[0]_i_5/O
                         net (fo=1, routed)           0.188     9.427    u_tracker/cm_i[0]_i_5_n_0
    SLICE_X99Y517        LUT6 (Prop_lut6_I5_O)        0.043     9.470 r  u_tracker/cm_i[0]_i_1/O
                         net (fo=1, routed)           0.000     9.470    u_tracker/s2_i[5][0]_347[0]
    SLICE_X99Y517        FDRE                                         r  u_tracker/cm_i_reg[0]/D
  -------------------------------------------------------------------    -------------------

                         (clock clk rise edge)        5.000     5.000 r  <hidden>
                                                      0.000     5.000 r  clk
                         net (fo=27976, unset)        0.510     5.510    u_tracker/clk
    SLICE_X99Y517        FDRE                                         r  u_tracker/cm_i_reg[0]/C
                         clock pessimism              0.000     5.510    <hidden>
                         clock uncertainty           -0.035     5.475    <hidden>
    SLICE_X99Y517        FDRE (Setup_fdre_C_D)        0.034     5.509    u_tracker/cm_i_reg[0]
  -------------------------------------------------------------------
                         required time                          5.509    <hidden>
                         arrival time                          -9.470    <hidden>
  -------------------------------------------------------------------
                         slack                                 -3.961    <hidden>

Slack (VIOLATED) :        -3.946ns  (required time - arrival time)
  Source:                 u_tracker/pr_h_reg[15][0]/C
                            (rising edge-triggered cell FDRE clocked by clk  {rise@0.000ns fall@2.500ns period=5.000ns})
  Destination:            u_tracker/cm_i_reg[2]/D
                            (rising edge-triggered cell FDRE clocked by clk  {rise@0.000ns fall@2.500ns period=5.000ns})
  Path Group:             clk
  Path Type:              Setup (Max at Slow Process Corner)
  Requirement:            5.000ns  (clk rise@5.000ns - clk rise@0.000ns)
  Data Path Delay:        8.948ns  (logic 2.269ns (25.357%)  route 6.679ns (74.643%))
  Logic Levels:           22  (CARRY4=9 LUT2=2 LUT3=2 LUT4=4 LUT6=5)
  Clock Path Skew:        -0.027ns (DCD - SCD + CPR)
    Destination Clock Delay (DCD):    0.510ns = ( 5.510 - 5.000 ) 
    Source Clock Delay      (SCD):    0.537ns
    Clock Pessimism Removal (CPR):    0.000ns
  Clock Uncertainty:      0.035ns  ((TSJ^2 + TIJ^2)^1/2 + DJ) / 2 + PE
    Total System Jitter     (TSJ):    0.071ns
    Total Input Jitter      (TIJ):    0.000ns
    Discrete Jitter          (DJ):    0.000ns
    Phase Error              (PE):    0.000ns

    Location             Delay type                Incr(ns)  Path(ns)    Netlist Resource(s)
  -------------------------------------------------------------------    -------------------
                         (clock clk rise edge)        0.000     0.000 r  <hidden>
                                                      0.000     0.000 r  clk
                         net (fo=27976, unset)        0.537     0.537    u_tracker/clk
    SLICE_X114Y513       FDRE                                         r  u_tracker/pr_h_reg[15][0]/C
  -------------------------------------------------------------------    -------------------
    SLICE_X114Y513       FDRE (Prop_fdre_C_Q)         0.259     0.796 r  u_tracker/pr_h_reg[15][0]/Q
                         net (fo=3, routed)           0.442     1.238    u_tracker/pr_h_reg[15]_42[0]
    SLICE_X113Y513       LUT4 (Prop_lut4_I2_O)        0.043     1.281 r  u_tracker/cm_i[2]_i_35/O
                         net (fo=1, routed)           0.000     1.281    u_tracker/cm_i[2]_i_35_n_0
    SLICE_X113Y513       CARRY4 (Prop_carry4_S[0]_CO[3])
                                                      0.259     1.540 r  u_tracker/cm_i_reg[2]_i_16/CO[3]
                         net (fo=1, routed)           0.000     1.540    u_tracker/cm_i_reg[2]_i_16_n_0
    SLICE_X113Y514       CARRY4 (Prop_carry4_CI_CO[3])
                                                      0.053     1.593 r  u_tracker/cm_i_reg[2]_i_13/CO[3]
                         net (fo=70, routed)          0.527     2.120    u_tracker/cm_i_reg[2]_i_13_n_0
    SLICE_X112Y512       LUT3 (Prop_lut3_I1_O)        0.043     2.163 f  u_tracker/cm_h[4]_i_13/O
                         net (fo=5, routed)           0.372     2.535    u_tracker/s2_h[1][7]_345[4]
    SLICE_X115Y511       LUT6 (Prop_lut6_I1_O)        0.043     2.578 r  u_tracker/cm_j[6]_i_91/O
                         net (fo=1, routed)           0.412     2.991    u_tracker/cm_j[6]_i_91_n_0
    SLICE_X114Y514       CARRY4 (Prop_carry4_DI[2]_CO[3])
                                                      0.202     3.193 r  u_tracker/cm_j_reg[6]_i_24/CO[3]
                         net (fo=1, routed)           0.000     3.193    u_tracker/cm_j_reg[6]_i_24_n_0
    SLICE_X114Y515       CARRY4 (Prop_carry4_CI_CO[3])
                                                      0.054     3.247 r  u_tracker/cm_j_reg[6]_i_9/CO[3]
                         net (fo=52, routed)          0.782     4.029    u_tracker/cm_j_reg[6]_i_9_n_0
    SLICE_X111Y516       LUT6 (Prop_lut6_I0_O)        0.043     4.072 r  u_tracker/cm_h[9]_i_10/O
                         net (fo=3, routed)           0.452     4.524    u_tracker/cm_h[9]_i_10_n_0
    SLICE_X111Y518       LUT4 (Prop_lut4_I2_O)        0.043     4.567 r  u_tracker/cm_i[15]_i_86/O
                         net (fo=1, routed)           0.000     4.567    u_tracker/cm_i[15]_i_86_n_0
    SLICE_X111Y518       CARRY4 (Prop_carry4_S[0]_CO[3])
                                                      0.259     4.826 r  u_tracker/cm_i_reg[15]_i_26/CO[3]
                         net (fo=64, routed)          0.519     5.345    u_tracker/cm_i_reg[15]_i_26_n_0
    SLICE_X110Y518       LUT3 (Prop_lut3_I1_O)        0.043     5.388 r  u_tracker/cm_h[1]_i_6/O
                         net (fo=5, routed)           0.613     6.001    u_tracker/s2_h[3][1]_344[1]
    SLICE_X105Y517       LUT4 (Prop_lut4_I1_O)        0.043     6.044 r  u_tracker/cm_i[11]_i_127/O
                         net (fo=1, routed)           0.000     6.044    u_tracker/cm_i[11]_i_127_n_0
    SLICE_X105Y517       CARRY4 (Prop_carry4_S[0]_CO[3])
                                                      0.259     6.303 r  u_tracker/cm_i_reg[11]_i_48/CO[3]
                         net (fo=1, routed)           0.000     6.303    u_tracker/cm_i_reg[11]_i_48_n_0
    SLICE_X105Y518       CARRY4 (Prop_carry4_CI_CO[3])
                                                      0.053     6.356 r  u_tracker/cm_i_reg[11]_i_9/CO[3]
                         net (fo=7, routed)           0.738     7.094    u_tracker/p_24_in
    SLICE_X103Y518       LUT2 (Prop_lut2_I0_O)        0.043     7.137 r  u_tracker/cm_j[5]_i_4/O
                         net (fo=36, routed)          0.482     7.618    u_tracker/cm_j[5]_i_4_n_0
    SLICE_X103Y519       LUT6 (Prop_lut6_I4_O)        0.043     7.661 r  u_tracker/cm_h[1]_i_2/O
                         net (fo=3, routed)           0.330     7.992    u_tracker/cm_h[1]_i_2_n_0
    SLICE_X100Y518       LUT4 (Prop_lut4_I1_O)        0.043     8.035 r  u_tracker/cm_i[15]_i_76/O
                         net (fo=1, routed)           0.000     8.035    u_tracker/cm_i[15]_i_76_n_0
    SLICE_X100Y518       CARRY4 (Prop_carry4_S[0]_CO[3])
                                                      0.259     8.294 r  u_tracker/cm_i_reg[15]_i_16/CO[3]
                         net (fo=1, routed)           0.000     8.294    u_tracker/cm_i_reg[15]_i_16_n_0
    SLICE_X100Y519       CARRY4 (Prop_carry4_CI_CO[3])
                                                      0.053     8.347 f  u_tracker/cm_i_reg[15]_i_5/CO[3]
                         net (fo=52, routed)          0.459     8.806    u_tracker/s2_h1
    SLICE_X99Y520        LUT2 (Prop_lut2_I0_O)        0.043     8.849 f  u_tracker/cm_j[7]_i_5/O
                         net (fo=19, routed)          0.443     9.291    u_tracker/cm_j[7]_i_5_n_0
    SLICE_X98Y520        LUT6 (Prop_lut6_I1_O)        0.043     9.334 r  u_tracker/cm_i[2]_i_6/O
                         net (fo=1, routed)           0.108     9.442    u_tracker/cm_i[2]_i_6_n_0
    SLICE_X98Y520        LUT6 (Prop_lut6_I5_O)        0.043     9.485 r  u_tracker/cm_i[2]_i_1/O
                         net (fo=1, routed)           0.000     9.485    u_tracker/s2_i[5][0]_347[2]
    SLICE_X98Y520        FDRE                                         r  u_tracker/cm_i_reg[2]/D
  -------------------------------------------------------------------    -------------------

                         (clock clk rise edge)        5.000     5.000 r  <hidden>
                                                      0.000     5.000 r  clk
                         net (fo=27976, unset)        0.510     5.510    u_tracker/clk
    SLICE_X98Y520        FDRE                                         r  u_tracker/cm_i_reg[2]/C
                         clock pessimism              0.000     5.510    <hidden>
                         clock uncertainty           -0.035     5.475    <hidden>
    SLICE_X98Y520        FDRE (Setup_fdre_C_D)        0.064     5.539    u_tracker/cm_i_reg[2]
  -------------------------------------------------------------------
                         required time                          5.539    <hidden>
                         arrival time                          -9.485    <hidden>
  -------------------------------------------------------------------
                         slack                                 -3.946    <hidden>

Slack (VIOLATED) :        -3.930ns  (required time - arrival time)
  Source:                 u_tracker/pr_h_reg[15][0]/C
                            (rising edge-triggered cell FDRE clocked by clk  {rise@0.000ns fall@2.500ns period=5.000ns})
  Destination:            u_tracker/cm_i_reg[9]/D
                            (rising edge-triggered cell FDRE clocked by clk  {rise@0.000ns fall@2.500ns period=5.000ns})
  Path Group:             clk
  Path Type:              Setup (Max at Slow Process Corner)
  Requirement:            5.000ns  (clk rise@5.000ns - clk rise@0.000ns)
  Data Path Delay:        8.902ns  (logic 2.269ns (25.489%)  route 6.633ns (74.511%))
  Logic Levels:           22  (CARRY4=9 LUT2=2 LUT3=2 LUT4=4 LUT6=5)
  Clock Path Skew:        -0.027ns (DCD - SCD + CPR)
    Destination Clock Delay (DCD):    0.510ns = ( 5.510 - 5.000 ) 
    Source Clock Delay      (SCD):    0.537ns
    Clock Pessimism Removal (CPR):    0.000ns
  Clock Uncertainty:      0.035ns  ((TSJ^2 + TIJ^2)^1/2 + DJ) / 2 + PE
    Total System Jitter     (TSJ):    0.071ns
    Total Input Jitter      (TIJ):    0.000ns
    Discrete Jitter          (DJ):    0.000ns
    Phase Error              (PE):    0.000ns

    Location             Delay type                Incr(ns)  Path(ns)    Netlist Resource(s)
  -------------------------------------------------------------------    -------------------
                         (clock clk rise edge)        0.000     0.000 r  <hidden>
                                                      0.000     0.000 r  clk
                         net (fo=27976, unset)        0.537     0.537    u_tracker/clk
    SLICE_X114Y513       FDRE                                         r  u_tracker/pr_h_reg[15][0]/C
  -------------------------------------------------------------------    -------------------
    SLICE_X114Y513       FDRE (Prop_fdre_C_Q)         0.259     0.796 r  u_tracker/pr_h_reg[15][0]/Q
                         net (fo=3, routed)           0.442     1.238    u_tracker/pr_h_reg[15]_42[0]
    SLICE_X113Y513       LUT4 (Prop_lut4_I2_O)        0.043     1.281 r  u_tracker/cm_i[2]_i_35/O
                         net (fo=1, routed)           0.000     1.281    u_tracker/cm_i[2]_i_35_n_0
    SLICE_X113Y513       CARRY4 (Prop_carry4_S[0]_CO[3])
                                                      0.259     1.540 r  u_tracker/cm_i_reg[2]_i_16/CO[3]
                         net (fo=1, routed)           0.000     1.540    u_tracker/cm_i_reg[2]_i_16_n_0
    SLICE_X113Y514       CARRY4 (Prop_carry4_CI_CO[3])
                                                      0.053     1.593 r  u_tracker/cm_i_reg[2]_i_13/CO[3]
                         net (fo=70, routed)          0.527     2.120    u_tracker/cm_i_reg[2]_i_13_n_0
    SLICE_X112Y512       LUT3 (Prop_lut3_I1_O)        0.043     2.163 f  u_tracker/cm_h[4]_i_13/O
                         net (fo=5, routed)           0.372     2.535    u_tracker/s2_h[1][7]_345[4]
    SLICE_X115Y511       LUT6 (Prop_lut6_I1_O)        0.043     2.578 r  u_tracker/cm_j[6]_i_91/O
                         net (fo=1, routed)           0.412     2.991    u_tracker/cm_j[6]_i_91_n_0
    SLICE_X114Y514       CARRY4 (Prop_carry4_DI[2]_CO[3])
                                                      0.202     3.193 r  u_tracker/cm_j_reg[6]_i_24/CO[3]
                         net (fo=1, routed)           0.000     3.193    u_tracker/cm_j_reg[6]_i_24_n_0
    SLICE_X114Y515       CARRY4 (Prop_carry4_CI_CO[3])
                                                      0.054     3.247 r  u_tracker/cm_j_reg[6]_i_9/CO[3]
                         net (fo=52, routed)          0.782     4.029    u_tracker/cm_j_reg[6]_i_9_n_0
    SLICE_X111Y516       LUT6 (Prop_lut6_I0_O)        0.043     4.072 r  u_tracker/cm_h[9]_i_10/O
                         net (fo=3, routed)           0.452     4.524    u_tracker/cm_h[9]_i_10_n_0
    SLICE_X111Y518       LUT4 (Prop_lut4_I2_O)        0.043     4.567 r  u_tracker/cm_i[15]_i_86/O
                         net (fo=1, routed)           0.000     4.567    u_tracker/cm_i[15]_i_86_n_0
    SLICE_X111Y518       CARRY4 (Prop_carry4_S[0]_CO[3])
                                                      0.259     4.826 r  u_tracker/cm_i_reg[15]_i_26/CO[3]
                         net (fo=64, routed)          0.519     5.345    u_tracker/cm_i_reg[15]_i_26_n_0
    SLICE_X110Y518       LUT3 (Prop_lut3_I1_O)        0.043     5.388 r  u_tracker/cm_h[1]_i_6/O
                         net (fo=5, routed)           0.613     6.001    u_tracker/s2_h[3][1]_344[1]
    SLICE_X105Y517       LUT4 (Prop_lut4_I1_O)        0.043     6.044 r  u_tracker/cm_i[11]_i_127/O
                         net (fo=1, routed)           0.000     6.044    u_tracker/cm_i[11]_i_127_n_0
    SLICE_X105Y517       CARRY4 (Prop_carry4_S[0]_CO[3])
                                                      0.259     6.303 r  u_tracker/cm_i_reg[11]_i_48/CO[3]
                         net (fo=1, routed)           0.000     6.303    u_tracker/cm_i_reg[11]_i_48_n_0
    SLICE_X105Y518       CARRY4 (Prop_carry4_CI_CO[3])
                                                      0.053     6.356 r  u_tracker/cm_i_reg[11]_i_9/CO[3]
                         net (fo=7, routed)           0.738     7.094    u_tracker/p_24_in
    SLICE_X103Y518       LUT2 (Prop_lut2_I0_O)        0.043     7.137 r  u_tracker/cm_j[5]_i_4/O
                         net (fo=36, routed)          0.482     7.618    u_tracker/cm_j[5]_i_4_n_0
    SLICE_X103Y519       LUT6 (Prop_lut6_I4_O)        0.043     7.661 r  u_tracker/cm_h[1]_i_2/O
                         net (fo=3, routed)           0.330     7.992    u_tracker/cm_h[1]_i_2_n_0
    SLICE_X100Y518       LUT4 (Prop_lut4_I1_O)        0.043     8.035 r  u_tracker/cm_i[15]_i_76/O
                         net (fo=1, routed)           0.000     8.035    u_tracker/cm_i[15]_i_76_n_0
    SLICE_X100Y518       CARRY4 (Prop_carry4_S[0]_CO[3])
                                                      0.259     8.294 r  u_tracker/cm_i_reg[15]_i_16/CO[3]
                         net (fo=1, routed)           0.000     8.294    u_tracker/cm_i_reg[15]_i_16_n_0
    SLICE_X100Y519       CARRY4 (Prop_carry4_CI_CO[3])
                                                      0.053     8.347 f  u_tracker/cm_i_reg[15]_i_5/CO[3]
                         net (fo=52, routed)          0.459     8.806    u_tracker/s2_h1
    SLICE_X99Y520        LUT2 (Prop_lut2_I0_O)        0.043     8.849 f  u_tracker/cm_j[7]_i_5/O
                         net (fo=19, routed)          0.354     9.203    u_tracker/cm_j[7]_i_5_n_0
    SLICE_X101Y520       LUT6 (Prop_lut6_I1_O)        0.043     9.246 r  u_tracker/cm_i[9]_i_6/O
                         net (fo=1, routed)           0.150     9.396    u_tracker/cm_i[9]_i_6_n_0
    SLICE_X101Y520       LUT6 (Prop_lut6_I5_O)        0.043     9.439 r  u_tracker/cm_i[9]_i_1/O
                         net (fo=1, routed)           0.000     9.439    u_tracker/s2_i[5][0]_347[9]
    SLICE_X101Y520       FDRE                                         r  u_tracker/cm_i_reg[9]/D
  -------------------------------------------------------------------    -------------------

                         (clock clk rise edge)        5.000     5.000 r  <hidden>
                                                      0.000     5.000 r  clk
                         net (fo=27976, unset)        0.510     5.510    u_tracker/clk
    SLICE_X101Y520       FDRE                                         r  u_tracker/cm_i_reg[9]/C
                         clock pessimism              0.000     5.510    <hidden>
                         clock uncertainty           -0.035     5.475    <hidden>
    SLICE_X101Y520       FDRE (Setup_fdre_C_D)        0.034     5.509    u_tracker/cm_i_reg[9]
  -------------------------------------------------------------------
                         required time                          5.509    <hidden>
                         arrival time                          -9.439    <hidden>
  -------------------------------------------------------------------
                         slack                                 -3.930    <hidden>

Slack (VIOLATED) :        -3.904ns  (required time - arrival time)
  Source:                 u_tracker/pr_h_reg[15][0]/C
                            (rising edge-triggered cell FDRE clocked by clk  {rise@0.000ns fall@2.500ns period=5.000ns})
  Destination:            u_tracker/cm_i_reg[15]/D
                            (rising edge-triggered cell FDRE clocked by clk  {rise@0.000ns fall@2.500ns period=5.000ns})
  Path Group:             clk
  Path Type:              Setup (Max at Slow Process Corner)
  Requirement:            5.000ns  (clk rise@5.000ns - clk rise@0.000ns)
  Data Path Delay:        8.874ns  (logic 2.226ns (25.084%)  route 6.648ns (74.916%))
  Logic Levels:           21  (CARRY4=9 LUT2=1 LUT3=2 LUT4=4 LUT6=5)
  Clock Path Skew:        -0.027ns (DCD - SCD + CPR)
    Destination Clock Delay (DCD):    0.510ns = ( 5.510 - 5.000 ) 
    Source Clock Delay      (SCD):    0.537ns
    Clock Pessimism Removal (CPR):    0.000ns
  Clock Uncertainty:      0.035ns  ((TSJ^2 + TIJ^2)^1/2 + DJ) / 2 + PE
    Total System Jitter     (TSJ):    0.071ns
    Total Input Jitter      (TIJ):    0.000ns
    Discrete Jitter          (DJ):    0.000ns
    Phase Error              (PE):    0.000ns

    Location             Delay type                Incr(ns)  Path(ns)    Netlist Resource(s)
  -------------------------------------------------------------------    -------------------
                         (clock clk rise edge)        0.000     0.000 r  <hidden>
                                                      0.000     0.000 r  clk
                         net (fo=27976, unset)        0.537     0.537    u_tracker/clk
    SLICE_X114Y513       FDRE                                         r  u_tracker/pr_h_reg[15][0]/C
  -------------------------------------------------------------------    -------------------
    SLICE_X114Y513       FDRE (Prop_fdre_C_Q)         0.259     0.796 r  u_tracker/pr_h_reg[15][0]/Q
                         net (fo=3, routed)           0.442     1.238    u_tracker/pr_h_reg[15]_42[0]
    SLICE_X113Y513       LUT4 (Prop_lut4_I2_O)        0.043     1.281 r  u_tracker/cm_i[2]_i_35/O
                         net (fo=1, routed)           0.000     1.281    u_tracker/cm_i[2]_i_35_n_0
    SLICE_X113Y513       CARRY4 (Prop_carry4_S[0]_CO[3])
                                                      0.259     1.540 r  u_tracker/cm_i_reg[2]_i_16/CO[3]
                         net (fo=1, routed)           0.000     1.540    u_tracker/cm_i_reg[2]_i_16_n_0
    SLICE_X113Y514       CARRY4 (Prop_carry4_CI_CO[3])
                                                      0.053     1.593 r  u_tracker/cm_i_reg[2]_i_13/CO[3]
                         net (fo=70, routed)          0.527     2.120    u_tracker/cm_i_reg[2]_i_13_n_0
    SLICE_X112Y512       LUT3 (Prop_lut3_I1_O)        0.043     2.163 f  u_tracker/cm_h[4]_i_13/O
                         net (fo=5, routed)           0.372     2.535    u_tracker/s2_h[1][7]_345[4]
    SLICE_X115Y511       LUT6 (Prop_lut6_I1_O)        0.043     2.578 r  u_tracker/cm_j[6]_i_91/O
                         net (fo=1, routed)           0.412     2.991    u_tracker/cm_j[6]_i_91_n_0
    SLICE_X114Y514       CARRY4 (Prop_carry4_DI[2]_CO[3])
                                                      0.202     3.193 r  u_tracker/cm_j_reg[6]_i_24/CO[3]
                         net (fo=1, routed)           0.000     3.193    u_tracker/cm_j_reg[6]_i_24_n_0
    SLICE_X114Y515       CARRY4 (Prop_carry4_CI_CO[3])
                                                      0.054     3.247 r  u_tracker/cm_j_reg[6]_i_9/CO[3]
                         net (fo=52, routed)          0.782     4.029    u_tracker/cm_j_reg[6]_i_9_n_0
    SLICE_X111Y516       LUT6 (Prop_lut6_I0_O)        0.043     4.072 r  u_tracker/cm_h[9]_i_10/O
                         net (fo=3, routed)           0.452     4.524    u_tracker/cm_h[9]_i_10_n_0
    SLICE_X111Y518       LUT4 (Prop_lut4_I2_O)        0.043     4.567 r  u_tracker/cm_i[15]_i_86/O
                         net (fo=1, routed)           0.000     4.567    u_tracker/cm_i[15]_i_86_n_0
    SLICE_X111Y518       CARRY4 (Prop_carry4_S[0]_CO[3])
                                                      0.259     4.826 r  u_tracker/cm_i_reg[15]_i_26/CO[3]
                         net (fo=64, routed)          0.519     5.345    u_tracker/cm_i_reg[15]_i_26_n_0
    SLICE_X110Y518       LUT3 (Prop_lut3_I1_O)        0.043     5.388 r  u_tracker/cm_h[1]_i_6/O
                         net (fo=5, routed)           0.613     6.001    u_tracker/s2_h[3][1]_344[1]
    SLICE_X105Y517       LUT4 (Prop_lut4_I1_O)        0.043     6.044 r  u_tracker/cm_i[11]_i_127/O
                         net (fo=1, routed)           0.000     6.044    u_tracker/cm_i[11]_i_127_n_0
    SLICE_X105Y517       CARRY4 (Prop_carry4_S[0]_CO[3])
                                                      0.259     6.303 r  u_tracker/cm_i_reg[11]_i_48/CO[3]
                         net (fo=1, routed)           0.000     6.303    u_tracker/cm_i_reg[11]_i_48_n_0
    SLICE_X105Y518       CARRY4 (Prop_carry4_CI_CO[3])
                                                      0.053     6.356 r  u_tracker/cm_i_reg[11]_i_9/CO[3]
                         net (fo=7, routed)           0.738     7.094    u_tracker/p_24_in
    SLICE_X103Y518       LUT2 (Prop_lut2_I0_O)        0.043     7.137 r  u_tracker/cm_j[5]_i_4/O
                         net (fo=36, routed)          0.482     7.618    u_tracker/cm_j[5]_i_4_n_0
    SLICE_X103Y519       LUT6 (Prop_lut6_I4_O)        0.043     7.661 r  u_tracker/cm_h[1]_i_2/O
                         net (fo=3, routed)           0.330     7.992    u_tracker/cm_h[1]_i_2_n_0
    SLICE_X100Y518       LUT4 (Prop_lut4_I1_O)        0.043     8.035 r  u_tracker/cm_i[15]_i_76/O
                         net (fo=1, routed)           0.000     8.035    u_tracker/cm_i[15]_i_76_n_0
    SLICE_X100Y518       CARRY4 (Prop_carry4_S[0]_CO[3])
                                                      0.259     8.294 r  u_tracker/cm_i_reg[15]_i_16/CO[3]
                         net (fo=1, routed)           0.000     8.294    u_tracker/cm_i_reg[15]_i_16_n_0
    SLICE_X100Y519       CARRY4 (Prop_carry4_CI_CO[3])
                                                      0.053     8.347 r  u_tracker/cm_i_reg[15]_i_5/CO[3]
                         net (fo=52, routed)          0.562     8.909    u_tracker/s2_h1
    SLICE_X102Y520       LUT6 (Prop_lut6_I3_O)        0.043     8.952 r  u_tracker/cm_i[15]_i_6/O
                         net (fo=1, routed)           0.417     9.368    u_tracker/cm_i[15]_i_6_n_0
    SLICE_X99Y518        LUT6 (Prop_lut6_I4_O)        0.043     9.411 r  u_tracker/cm_i[15]_i_1/O
                         net (fo=1, routed)           0.000     9.411    u_tracker/s2_i[5][0]_347[15]
    SLICE_X99Y518        FDRE                                         r  u_tracker/cm_i_reg[15]/D
  -------------------------------------------------------------------    -------------------

                         (clock clk rise edge)        5.000     5.000 r  <hidden>
                                                      0.000     5.000 r  clk
                         net (fo=27976, unset)        0.510     5.510    u_tracker/clk
    SLICE_X99Y518        FDRE                                         r  u_tracker/cm_i_reg[15]/C
                         clock pessimism              0.000     5.510    <hidden>
                         clock uncertainty           -0.035     5.475    <hidden>
    SLICE_X99Y518        FDRE (Setup_fdre_C_D)        0.033     5.508    u_tracker/cm_i_reg[15]
  -------------------------------------------------------------------
                         required time                          5.508    <hidden>
                         arrival time                          -9.411    <hidden>
  -------------------------------------------------------------------
                         slack                                 -3.904    <hidden>

Slack (VIOLATED) :        -3.903ns  (required time - arrival time)
  Source:                 u_tracker/pr_h_reg[15][0]/C
                            (rising edge-triggered cell FDRE clocked by clk  {rise@0.000ns fall@2.500ns period=5.000ns})
  Destination:            u_tracker/cm_i_reg[7]/D
                            (rising edge-triggered cell FDRE clocked by clk  {rise@0.000ns fall@2.500ns period=5.000ns})
  Path Group:             clk
  Path Type:              Setup (Max at Slow Process Corner)
  Requirement:            5.000ns  (clk rise@5.000ns - clk rise@0.000ns)
  Data Path Delay:        8.905ns  (logic 2.226ns (24.996%)  route 6.679ns (75.004%))
  Logic Levels:           21  (CARRY4=9 LUT2=1 LUT3=2 LUT4=4 LUT6=5)
  Clock Path Skew:        -0.027ns (DCD - SCD + CPR)
    Destination Clock Delay (DCD):    0.510ns = ( 5.510 - 5.000 ) 
    Source Clock Delay      (SCD):    0.537ns
    Clock Pessimism Removal (CPR):    0.000ns
  Clock Uncertainty:      0.035ns  ((TSJ^2 + TIJ^2)^1/2 + DJ) / 2 + PE
    Total System Jitter     (TSJ):    0.071ns
    Total Input Jitter      (TIJ):    0.000ns
    Discrete Jitter          (DJ):    0.000ns
    Phase Error              (PE):    0.000ns

    Location             Delay type                Incr(ns)  Path(ns)    Netlist Resource(s)
  -------------------------------------------------------------------    -------------------
                         (clock clk rise edge)        0.000     0.000 r  <hidden>
                                                      0.000     0.000 r  clk
                         net (fo=27976, unset)        0.537     0.537    u_tracker/clk
    SLICE_X114Y513       FDRE                                         r  u_tracker/pr_h_reg[15][0]/C
  -------------------------------------------------------------------    -------------------
    SLICE_X114Y513       FDRE (Prop_fdre_C_Q)         0.259     0.796 r  u_tracker/pr_h_reg[15][0]/Q
                         net (fo=3, routed)           0.442     1.238    u_tracker/pr_h_reg[15]_42[0]
    SLICE_X113Y513       LUT4 (Prop_lut4_I2_O)        0.043     1.281 r  u_tracker/cm_i[2]_i_35/O
                         net (fo=1, routed)           0.000     1.281    u_tracker/cm_i[2]_i_35_n_0
    SLICE_X113Y513       CARRY4 (Prop_carry4_S[0]_CO[3])
                                                      0.259     1.540 r  u_tracker/cm_i_reg[2]_i_16/CO[3]
                         net (fo=1, routed)           0.000     1.540    u_tracker/cm_i_reg[2]_i_16_n_0
    SLICE_X113Y514       CARRY4 (Prop_carry4_CI_CO[3])
                                                      0.053     1.593 r  u_tracker/cm_i_reg[2]_i_13/CO[3]
                         net (fo=70, routed)          0.527     2.120    u_tracker/cm_i_reg[2]_i_13_n_0
    SLICE_X112Y512       LUT3 (Prop_lut3_I1_O)        0.043     2.163 f  u_tracker/cm_h[4]_i_13/O
                         net (fo=5, routed)           0.372     2.535    u_tracker/s2_h[1][7]_345[4]
    SLICE_X115Y511       LUT6 (Prop_lut6_I1_O)        0.043     2.578 r  u_tracker/cm_j[6]_i_91/O
                         net (fo=1, routed)           0.412     2.991    u_tracker/cm_j[6]_i_91_n_0
    SLICE_X114Y514       CARRY4 (Prop_carry4_DI[2]_CO[3])
                                                      0.202     3.193 r  u_tracker/cm_j_reg[6]_i_24/CO[3]
                         net (fo=1, routed)           0.000     3.193    u_tracker/cm_j_reg[6]_i_24_n_0
    SLICE_X114Y515       CARRY4 (Prop_carry4_CI_CO[3])
                                                      0.054     3.247 r  u_tracker/cm_j_reg[6]_i_9/CO[3]
                         net (fo=52, routed)          0.782     4.029    u_tracker/cm_j_reg[6]_i_9_n_0
    SLICE_X111Y516       LUT6 (Prop_lut6_I0_O)        0.043     4.072 r  u_tracker/cm_h[9]_i_10/O
                         net (fo=3, routed)           0.452     4.524    u_tracker/cm_h[9]_i_10_n_0
    SLICE_X111Y518       LUT4 (Prop_lut4_I2_O)        0.043     4.567 r  u_tracker/cm_i[15]_i_86/O
                         net (fo=1, routed)           0.000     4.567    u_tracker/cm_i[15]_i_86_n_0
    SLICE_X111Y518       CARRY4 (Prop_carry4_S[0]_CO[3])
                                                      0.259     4.826 r  u_tracker/cm_i_reg[15]_i_26/CO[3]
                         net (fo=64, routed)          0.519     5.345    u_tracker/cm_i_reg[15]_i_26_n_0
    SLICE_X110Y518       LUT3 (Prop_lut3_I1_O)        0.043     5.388 r  u_tracker/cm_h[1]_i_6/O
                         net (fo=5, routed)           0.613     6.001    u_tracker/s2_h[3][1]_344[1]
    SLICE_X105Y517       LUT4 (Prop_lut4_I1_O)        0.043     6.044 r  u_tracker/cm_i[11]_i_127/O
                         net (fo=1, routed)           0.000     6.044    u_tracker/cm_i[11]_i_127_n_0
    SLICE_X105Y517       CARRY4 (Prop_carry4_S[0]_CO[3])
                                                      0.259     6.303 r  u_tracker/cm_i_reg[11]_i_48/CO[3]
                         net (fo=1, routed)           0.000     6.303    u_tracker/cm_i_reg[11]_i_48_n_0
    SLICE_X105Y518       CARRY4 (Prop_carry4_CI_CO[3])
                                                      0.053     6.356 r  u_tracker/cm_i_reg[11]_i_9/CO[3]
                         net (fo=7, routed)           0.738     7.094    u_tracker/p_24_in
    SLICE_X103Y518       LUT2 (Prop_lut2_I0_O)        0.043     7.137 r  u_tracker/cm_j[5]_i_4/O
                         net (fo=36, routed)          0.482     7.618    u_tracker/cm_j[5]_i_4_n_0
    SLICE_X103Y519       LUT6 (Prop_lut6_I4_O)        0.043     7.661 r  u_tracker/cm_h[1]_i_2/O
                         net (fo=3, routed)           0.330     7.992    u_tracker/cm_h[1]_i_2_n_0
    SLICE_X100Y518       LUT4 (Prop_lut4_I1_O)        0.043     8.035 r  u_tracker/cm_i[15]_i_76/O
                         net (fo=1, routed)           0.000     8.035    u_tracker/cm_i[15]_i_76_n_0
    SLICE_X100Y518       CARRY4 (Prop_carry4_S[0]_CO[3])
                                                      0.259     8.294 r  u_tracker/cm_i_reg[15]_i_16/CO[3]
                         net (fo=1, routed)           0.000     8.294    u_tracker/cm_i_reg[15]_i_16_n_0
    SLICE_X100Y519       CARRY4 (Prop_carry4_CI_CO[3])
                                                      0.053     8.347 r  u_tracker/cm_i_reg[15]_i_5/CO[3]
                         net (fo=52, routed)          0.587     8.933    u_tracker/s2_h1
    SLICE_X100Y522       LUT6 (Prop_lut6_I2_O)        0.043     8.976 r  u_tracker/cm_i[7]_i_2/O
                         net (fo=1, routed)           0.423     9.399    u_tracker/cm_i[7]_i_2_n_0
    SLICE_X98Y520        LUT6 (Prop_lut6_I0_O)        0.043     9.442 r  u_tracker/cm_i[7]_i_1/O
                         net (fo=1, routed)           0.000     9.442    u_tracker/s2_i[5][0]_347[7]
    SLICE_X98Y520        FDRE                                         r  u_tracker/cm_i_reg[7]/D
  -------------------------------------------------------------------    -------------------

                         (clock clk rise edge)        5.000     5.000 r  <hidden>
                                                      0.000     5.000 r  clk
                         net (fo=27976, unset)        0.510     5.510    u_tracker/clk
    SLICE_X98Y520        FDRE                                         r  u_tracker/cm_i_reg[7]/C
                         clock pessimism              0.000     5.510    <hidden>
                         clock uncertainty           -0.035     5.475    <hidden>
    SLICE_X98Y520        FDRE (Setup_fdre_C_D)        0.065     5.540    u_tracker/cm_i_reg[7]
  -------------------------------------------------------------------
                         required time                          5.540    <hidden>
                         arrival time                          -9.442    <hidden>
  -------------------------------------------------------------------
                         slack                                 -3.903    <hidden>

Slack (VIOLATED) :        -3.891ns  (required time - arrival time)
  Source:                 u_tracker/pr_h_reg[15][0]/C
                            (rising edge-triggered cell FDRE clocked by clk  {rise@0.000ns fall@2.500ns period=5.000ns})
  Destination:            u_tracker/cm_j_reg[3]/D
                            (rising edge-triggered cell FDRE clocked by clk  {rise@0.000ns fall@2.500ns period=5.000ns})
  Path Group:             clk
  Path Type:              Setup (Max at Slow Process Corner)
  Requirement:            5.000ns  (clk rise@5.000ns - clk rise@0.000ns)
  Data Path Delay:        8.862ns  (logic 2.269ns (25.604%)  route 6.593ns (74.396%))
  Logic Levels:           22  (CARRY4=9 LUT2=2 LUT3=2 LUT4=4 LUT6=5)
  Clock Path Skew:        -0.027ns (DCD - SCD + CPR)
    Destination Clock Delay (DCD):    0.510ns = ( 5.510 - 5.000 ) 
    Source Clock Delay      (SCD):    0.537ns
    Clock Pessimism Removal (CPR):    0.000ns
  Clock Uncertainty:      0.035ns  ((TSJ^2 + TIJ^2)^1/2 + DJ) / 2 + PE
    Total System Jitter     (TSJ):    0.071ns
    Total Input Jitter      (TIJ):    0.000ns
    Discrete Jitter          (DJ):    0.000ns
    Phase Error              (PE):    0.000ns

    Location             Delay type                Incr(ns)  Path(ns)    Netlist Resource(s)
  -------------------------------------------------------------------    -------------------
                         (clock clk rise edge)        0.000     0.000 r  <hidden>
                                                      0.000     0.000 r  clk
                         net (fo=27976, unset)        0.537     0.537    u_tracker/clk
    SLICE_X114Y513       FDRE                                         r  u_tracker/pr_h_reg[15][0]/C
  -------------------------------------------------------------------    -------------------
    SLICE_X114Y513       FDRE (Prop_fdre_C_Q)         0.259     0.796 r  u_tracker/pr_h_reg[15][0]/Q
                         net (fo=3, routed)           0.442     1.238    u_tracker/pr_h_reg[15]_42[0]
    SLICE_X113Y513       LUT4 (Prop_lut4_I2_O)        0.043     1.281 r  u_tracker/cm_i[2]_i_35/O
                         net (fo=1, routed)           0.000     1.281    u_tracker/cm_i[2]_i_35_n_0
    SLICE_X113Y513       CARRY4 (Prop_carry4_S[0]_CO[3])
                                                      0.259     1.540 r  u_tracker/cm_i_reg[2]_i_16/CO[3]
                         net (fo=1, routed)           0.000     1.540    u_tracker/cm_i_reg[2]_i_16_n_0
    SLICE_X113Y514       CARRY4 (Prop_carry4_CI_CO[3])
                                                      0.053     1.593 r  u_tracker/cm_i_reg[2]_i_13/CO[3]
                         net (fo=70, routed)          0.527     2.120    u_tracker/cm_i_reg[2]_i_13_n_0
    SLICE_X112Y512       LUT3 (Prop_lut3_I1_O)        0.043     2.163 f  u_tracker/cm_h[4]_i_13/O
                         net (fo=5, routed)           0.372     2.535    u_tracker/s2_h[1][7]_345[4]
    SLICE_X115Y511       LUT6 (Prop_lut6_I1_O)        0.043     2.578 r  u_tracker/cm_j[6]_i_91/O
                         net (fo=1, routed)           0.412     2.991    u_tracker/cm_j[6]_i_91_n_0
    SLICE_X114Y514       CARRY4 (Prop_carry4_DI[2]_CO[3])
                                                      0.202     3.193 r  u_tracker/cm_j_reg[6]_i_24/CO[3]
                         net (fo=1, routed)           0.000     3.193    u_tracker/cm_j_reg[6]_i_24_n_0
    SLICE_X114Y515       CARRY4 (Prop_carry4_CI_CO[3])
                                                      0.054     3.247 r  u_tracker/cm_j_reg[6]_i_9/CO[3]
                         net (fo=52, routed)          0.782     4.029    u_tracker/cm_j_reg[6]_i_9_n_0
    SLICE_X111Y516       LUT6 (Prop_lut6_I0_O)        0.043     4.072 r  u_tracker/cm_h[9]_i_10/O
                         net (fo=3, routed)           0.452     4.524    u_tracker/cm_h[9]_i_10_n_0
    SLICE_X111Y518       LUT4 (Prop_lut4_I2_O)        0.043     4.567 r  u_tracker/cm_i[15]_i_86/O
                         net (fo=1, routed)           0.000     4.567    u_tracker/cm_i[15]_i_86_n_0
    SLICE_X111Y518       CARRY4 (Prop_carry4_S[0]_CO[3])
                                                      0.259     4.826 r  u_tracker/cm_i_reg[15]_i_26/CO[3]
                         net (fo=64, routed)          0.519     5.345    u_tracker/cm_i_reg[15]_i_26_n_0
    SLICE_X110Y518       LUT3 (Prop_lut3_I1_O)        0.043     5.388 r  u_tracker/cm_h[1]_i_6/O
                         net (fo=5, routed)           0.613     6.001    u_tracker/s2_h[3][1]_344[1]
    SLICE_X105Y517       LUT4 (Prop_lut4_I1_O)        0.043     6.044 r  u_tracker/cm_i[11]_i_127/O
                         net (fo=1, routed)           0.000     6.044    u_tracker/cm_i[11]_i_127_n_0
    SLICE_X105Y517       CARRY4 (Prop_carry4_S[0]_CO[3])
                                                      0.259     6.303 r  u_tracker/cm_i_reg[11]_i_48/CO[3]
                         net (fo=1, routed)           0.000     6.303    u_tracker/cm_i_reg[11]_i_48_n_0
    SLICE_X105Y518       CARRY4 (Prop_carry4_CI_CO[3])
                                                      0.053     6.356 r  u_tracker/cm_i_reg[11]_i_9/CO[3]
                         net (fo=7, routed)           0.738     7.094    u_tracker/p_24_in
    SLICE_X103Y518       LUT2 (Prop_lut2_I0_O)        0.043     7.137 r  u_tracker/cm_j[5]_i_4/O
                         net (fo=36, routed)          0.482     7.618    u_tracker/cm_j[5]_i_4_n_0
    SLICE_X103Y519       LUT6 (Prop_lut6_I4_O)        0.043     7.661 r  u_tracker/cm_h[1]_i_2/O
                         net (fo=3, routed)           0.330     7.992    u_tracker/cm_h[1]_i_2_n_0
    SLICE_X100Y518       LUT4 (Prop_lut4_I1_O)        0.043     8.035 r  u_tracker/cm_i[15]_i_76/O
                         net (fo=1, routed)           0.000     8.035    u_tracker/cm_i[15]_i_76_n_0
    SLICE_X100Y518       CARRY4 (Prop_carry4_S[0]_CO[3])
                                                      0.259     8.294 r  u_tracker/cm_i_reg[15]_i_16/CO[3]
                         net (fo=1, routed)           0.000     8.294    u_tracker/cm_i_reg[15]_i_16_n_0
    SLICE_X100Y519       CARRY4 (Prop_carry4_CI_CO[3])
                                                      0.053     8.347 f  u_tracker/cm_i_reg[15]_i_5/CO[3]
                         net (fo=52, routed)          0.459     8.806    u_tracker/s2_h1
    SLICE_X99Y520        LUT2 (Prop_lut2_I0_O)        0.043     8.849 f  u_tracker/cm_j[7]_i_5/O
                         net (fo=19, routed)          0.360     9.209    u_tracker/cm_j[7]_i_5_n_0
    SLICE_X100Y517       LUT6 (Prop_lut6_I2_O)        0.043     9.252 r  u_tracker/cm_j[3]_i_6/O
                         net (fo=1, routed)           0.104     9.356    u_tracker/cm_j[3]_i_6_n_0
    SLICE_X100Y517       LUT6 (Prop_lut6_I5_O)        0.043     9.399 r  u_tracker/cm_j[3]_i_1/O
                         net (fo=1, routed)           0.000     9.399    u_tracker/s2_j[5][0]_348[3]
    SLICE_X100Y517       FDRE                                         r  u_tracker/cm_j_reg[3]/D
  -------------------------------------------------------------------    -------------------

                         (clock clk rise edge)        5.000     5.000 r  <hidden>
                                                      0.000     5.000 r  clk
                         net (fo=27976, unset)        0.510     5.510    u_tracker/clk
    SLICE_X100Y517       FDRE                                         r  u_tracker/cm_j_reg[3]/C
                         clock pessimism              0.000     5.510    <hidden>
                         clock uncertainty           -0.035     5.475    <hidden>
    SLICE_X100Y517       FDRE (Setup_fdre_C_D)        0.033     5.508    u_tracker/cm_j_reg[3]
  -------------------------------------------------------------------
                         required time                          5.508    <hidden>
                         arrival time                          -9.399    <hidden>
  -------------------------------------------------------------------
                         slack                                 -3.891    <hidden>

Slack (VIOLATED) :        -3.887ns  (required time - arrival time)
  Source:                 u_tracker/pr_h_reg[15][0]/C
                            (rising edge-triggered cell FDRE clocked by clk  {rise@0.000ns fall@2.500ns period=5.000ns})
  Destination:            u_tracker/cm_i_reg[4]/D
                            (rising edge-triggered cell FDRE clocked by clk  {rise@0.000ns fall@2.500ns period=5.000ns})
  Path Group:             clk
  Path Type:              Setup (Max at Slow Process Corner)
  Requirement:            5.000ns  (clk rise@5.000ns - clk rise@0.000ns)
  Data Path Delay:        8.859ns  (logic 2.269ns (25.612%)  route 6.590ns (74.388%))
  Logic Levels:           22  (CARRY4=9 LUT2=2 LUT3=2 LUT4=4 LUT6=5)
  Clock Path Skew:        -0.027ns (DCD - SCD + CPR)
    Destination Clock Delay (DCD):    0.510ns = ( 5.510 - 5.000 ) 
    Source Clock Delay      (SCD):    0.537ns
    Clock Pessimism Removal (CPR):    0.000ns
  Clock Uncertainty:      0.035ns  ((TSJ^2 + TIJ^2)^1/2 + DJ) / 2 + PE
    Total System Jitter     (TSJ):    0.071ns
    Total Input Jitter      (TIJ):    0.000ns
    Discrete Jitter          (DJ):    0.000ns
    Phase Error              (PE):    0.000ns

    Location             Delay type                Incr(ns)  Path(ns)    Netlist Resource(s)
  -------------------------------------------------------------------    -------------------
                         (clock clk rise edge)        0.000     0.000 r  <hidden>
                                                      0.000     0.000 r  clk
                         net (fo=27976, unset)        0.537     0.537    u_tracker/clk
    SLICE_X114Y513       FDRE                                         r  u_tracker/pr_h_reg[15][0]/C
  -------------------------------------------------------------------    -------------------
    SLICE_X114Y513       FDRE (Prop_fdre_C_Q)         0.259     0.796 r  u_tracker/pr_h_reg[15][0]/Q
                         net (fo=3, routed)           0.442     1.238    u_tracker/pr_h_reg[15]_42[0]
    SLICE_X113Y513       LUT4 (Prop_lut4_I2_O)        0.043     1.281 r  u_tracker/cm_i[2]_i_35/O
                         net (fo=1, routed)           0.000     1.281    u_tracker/cm_i[2]_i_35_n_0
    SLICE_X113Y513       CARRY4 (Prop_carry4_S[0]_CO[3])
                                                      0.259     1.540 r  u_tracker/cm_i_reg[2]_i_16/CO[3]
                         net (fo=1, routed)           0.000     1.540    u_tracker/cm_i_reg[2]_i_16_n_0
    SLICE_X113Y514       CARRY4 (Prop_carry4_CI_CO[3])
                                                      0.053     1.593 r  u_tracker/cm_i_reg[2]_i_13/CO[3]
                         net (fo=70, routed)          0.527     2.120    u_tracker/cm_i_reg[2]_i_13_n_0
    SLICE_X112Y512       LUT3 (Prop_lut3_I1_O)        0.043     2.163 f  u_tracker/cm_h[4]_i_13/O
                         net (fo=5, routed)           0.372     2.535    u_tracker/s2_h[1][7]_345[4]
    SLICE_X115Y511       LUT6 (Prop_lut6_I1_O)        0.043     2.578 r  u_tracker/cm_j[6]_i_91/O
                         net (fo=1, routed)           0.412     2.991    u_tracker/cm_j[6]_i_91_n_0
    SLICE_X114Y514       CARRY4 (Prop_carry4_DI[2]_CO[3])
                                                      0.202     3.193 r  u_tracker/cm_j_reg[6]_i_24/CO[3]
                         net (fo=1, routed)           0.000     3.193    u_tracker/cm_j_reg[6]_i_24_n_0
    SLICE_X114Y515       CARRY4 (Prop_carry4_CI_CO[3])
                                                      0.054     3.247 r  u_tracker/cm_j_reg[6]_i_9/CO[3]
                         net (fo=52, routed)          0.782     4.029    u_tracker/cm_j_reg[6]_i_9_n_0
    SLICE_X111Y516       LUT6 (Prop_lut6_I0_O)        0.043     4.072 r  u_tracker/cm_h[9]_i_10/O
                         net (fo=3, routed)           0.452     4.524    u_tracker/cm_h[9]_i_10_n_0
    SLICE_X111Y518       LUT4 (Prop_lut4_I2_O)        0.043     4.567 r  u_tracker/cm_i[15]_i_86/O
                         net (fo=1, routed)           0.000     4.567    u_tracker/cm_i[15]_i_86_n_0
    SLICE_X111Y518       CARRY4 (Prop_carry4_S[0]_CO[3])
                                                      0.259     4.826 r  u_tracker/cm_i_reg[15]_i_26/CO[3]
                         net (fo=64, routed)          0.519     5.345    u_tracker/cm_i_reg[15]_i_26_n_0
    SLICE_X110Y518       LUT3 (Prop_lut3_I1_O)        0.043     5.388 r  u_tracker/cm_h[1]_i_6/O
                         net (fo=5, routed)           0.613     6.001    u_tracker/s2_h[3][1]_344[1]
    SLICE_X105Y517       LUT4 (Prop_lut4_I1_O)        0.043     6.044 r  u_tracker/cm_i[11]_i_127/O
                         net (fo=1, routed)           0.000     6.044    u_tracker/cm_i[11]_i_127_n_0
    SLICE_X105Y517       CARRY4 (Prop_carry4_S[0]_CO[3])
                                                      0.259     6.303 r  u_tracker/cm_i_reg[11]_i_48/CO[3]
                         net (fo=1, routed)           0.000     6.303    u_tracker/cm_i_reg[11]_i_48_n_0
    SLICE_X105Y518       CARRY4 (Prop_carry4_CI_CO[3])
                                                      0.053     6.356 r  u_tracker/cm_i_reg[11]_i_9/CO[3]
                         net (fo=7, routed)           0.738     7.094    u_tracker/p_24_in
    SLICE_X103Y518       LUT2 (Prop_lut2_I0_O)        0.043     7.137 r  u_tracker/cm_j[5]_i_4/O
                         net (fo=36, routed)          0.482     7.618    u_tracker/cm_j[5]_i_4_n_0
    SLICE_X103Y519       LUT6 (Prop_lut6_I4_O)        0.043     7.661 r  u_tracker/cm_h[1]_i_2/O
                         net (fo=3, routed)           0.330     7.992    u_tracker/cm_h[1]_i_2_n_0
    SLICE_X100Y518       LUT4 (Prop_lut4_I1_O)        0.043     8.035 r  u_tracker/cm_i[15]_i_76/O
                         net (fo=1, routed)           0.000     8.035    u_tracker/cm_i[15]_i_76_n_0
    SLICE_X100Y518       CARRY4 (Prop_carry4_S[0]_CO[3])
                                                      0.259     8.294 r  u_tracker/cm_i_reg[15]_i_16/CO[3]
                         net (fo=1, routed)           0.000     8.294    u_tracker/cm_i_reg[15]_i_16_n_0
    SLICE_X100Y519       CARRY4 (Prop_carry4_CI_CO[3])
                                                      0.053     8.347 f  u_tracker/cm_i_reg[15]_i_5/CO[3]
                         net (fo=52, routed)          0.459     8.806    u_tracker/s2_h1
    SLICE_X99Y520        LUT2 (Prop_lut2_I0_O)        0.043     8.849 f  u_tracker/cm_j[7]_i_5/O
                         net (fo=19, routed)          0.356     9.205    u_tracker/cm_j[7]_i_5_n_0
    SLICE_X100Y520       LUT6 (Prop_lut6_I1_O)        0.043     9.248 r  u_tracker/cm_i[4]_i_6/O
                         net (fo=1, routed)           0.105     9.353    u_tracker/cm_i[4]_i_6_n_0
    SLICE_X100Y520       LUT6 (Prop_lut6_I5_O)        0.043     9.396 r  u_tracker/cm_i[4]_i_1/O
                         net (fo=1, routed)           0.000     9.396    u_tracker/s2_i[5][0]_347[4]
    SLICE_X100Y520       FDRE                                         r  u_tracker/cm_i_reg[4]/D
  -------------------------------------------------------------------    -------------------

                         (clock clk rise edge)        5.000     5.000 r  <hidden>
                                                      0.000     5.000 r  clk
                         net (fo=27976, unset)        0.510     5.510    u_tracker/clk
    SLICE_X100Y520       FDRE                                         r  u_tracker/cm_i_reg[4]/C
                         clock pessimism              0.000     5.510    <hidden>
                         clock uncertainty           -0.035     5.475    <hidden>
    SLICE_X100Y520       FDRE (Setup_fdre_C_D)        0.034     5.509    u_tracker/cm_i_reg[4]
  -------------------------------------------------------------------
                         required time                          5.509    <hidden>
                         arrival time                          -9.396    <hidden>
  -------------------------------------------------------------------
                         slack                                 -3.887    <hidden>

Slack (VIOLATED) :        -3.887ns  (required time - arrival time)
  Source:                 u_tracker/pr_h_reg[15][0]/C
                            (rising edge-triggered cell FDRE clocked by clk  {rise@0.000ns fall@2.500ns period=5.000ns})
  Destination:            u_tracker/cm_i_reg[10]/D
                            (rising edge-triggered cell FDRE clocked by clk  {rise@0.000ns fall@2.500ns period=5.000ns})
  Path Group:             clk
  Path Type:              Setup (Max at Slow Process Corner)
  Requirement:            5.000ns  (clk rise@5.000ns - clk rise@0.000ns)
  Data Path Delay:        8.858ns  (logic 2.269ns (25.614%)  route 6.589ns (74.386%))
  Logic Levels:           22  (CARRY4=9 LUT2=2 LUT3=2 LUT4=4 LUT6=5)
  Clock Path Skew:        -0.027ns (DCD - SCD + CPR)
    Destination Clock Delay (DCD):    0.510ns = ( 5.510 - 5.000 ) 
    Source Clock Delay      (SCD):    0.537ns
    Clock Pessimism Removal (CPR):    0.000ns
  Clock Uncertainty:      0.035ns  ((TSJ^2 + TIJ^2)^1/2 + DJ) / 2 + PE
    Total System Jitter     (TSJ):    0.071ns
    Total Input Jitter      (TIJ):    0.000ns
    Discrete Jitter          (DJ):    0.000ns
    Phase Error              (PE):    0.000ns

    Location             Delay type                Incr(ns)  Path(ns)    Netlist Resource(s)
  -------------------------------------------------------------------    -------------------
                         (clock clk rise edge)        0.000     0.000 r  <hidden>
                                                      0.000     0.000 r  clk
                         net (fo=27976, unset)        0.537     0.537    u_tracker/clk
    SLICE_X114Y513       FDRE                                         r  u_tracker/pr_h_reg[15][0]/C
  -------------------------------------------------------------------    -------------------
    SLICE_X114Y513       FDRE (Prop_fdre_C_Q)         0.259     0.796 r  u_tracker/pr_h_reg[15][0]/Q
                         net (fo=3, routed)           0.442     1.238    u_tracker/pr_h_reg[15]_42[0]
    SLICE_X113Y513       LUT4 (Prop_lut4_I2_O)        0.043     1.281 r  u_tracker/cm_i[2]_i_35/O
                         net (fo=1, routed)           0.000     1.281    u_tracker/cm_i[2]_i_35_n_0
    SLICE_X113Y513       CARRY4 (Prop_carry4_S[0]_CO[3])
                                                      0.259     1.540 r  u_tracker/cm_i_reg[2]_i_16/CO[3]
                         net (fo=1, routed)           0.000     1.540    u_tracker/cm_i_reg[2]_i_16_n_0
    SLICE_X113Y514       CARRY4 (Prop_carry4_CI_CO[3])
                                                      0.053     1.593 r  u_tracker/cm_i_reg[2]_i_13/CO[3]
                         net (fo=70, routed)          0.527     2.120    u_tracker/cm_i_reg[2]_i_13_n_0
    SLICE_X112Y512       LUT3 (Prop_lut3_I1_O)        0.043     2.163 f  u_tracker/cm_h[4]_i_13/O
                         net (fo=5, routed)           0.372     2.535    u_tracker/s2_h[1][7]_345[4]
    SLICE_X115Y511       LUT6 (Prop_lut6_I1_O)        0.043     2.578 r  u_tracker/cm_j[6]_i_91/O
                         net (fo=1, routed)           0.412     2.991    u_tracker/cm_j[6]_i_91_n_0
    SLICE_X114Y514       CARRY4 (Prop_carry4_DI[2]_CO[3])
                                                      0.202     3.193 r  u_tracker/cm_j_reg[6]_i_24/CO[3]
                         net (fo=1, routed)           0.000     3.193    u_tracker/cm_j_reg[6]_i_24_n_0
    SLICE_X114Y515       CARRY4 (Prop_carry4_CI_CO[3])
                                                      0.054     3.247 r  u_tracker/cm_j_reg[6]_i_9/CO[3]
                         net (fo=52, routed)          0.782     4.029    u_tracker/cm_j_reg[6]_i_9_n_0
    SLICE_X111Y516       LUT6 (Prop_lut6_I0_O)        0.043     4.072 r  u_tracker/cm_h[9]_i_10/O
                         net (fo=3, routed)           0.452     4.524    u_tracker/cm_h[9]_i_10_n_0
    SLICE_X111Y518       LUT4 (Prop_lut4_I2_O)        0.043     4.567 r  u_tracker/cm_i[15]_i_86/O
                         net (fo=1, routed)           0.000     4.567    u_tracker/cm_i[15]_i_86_n_0
    SLICE_X111Y518       CARRY4 (Prop_carry4_S[0]_CO[3])
                                                      0.259     4.826 r  u_tracker/cm_i_reg[15]_i_26/CO[3]
                         net (fo=64, routed)          0.519     5.345    u_tracker/cm_i_reg[15]_i_26_n_0
    SLICE_X110Y518       LUT3 (Prop_lut3_I1_O)        0.043     5.388 r  u_tracker/cm_h[1]_i_6/O
                         net (fo=5, routed)           0.613     6.001    u_tracker/s2_h[3][1]_344[1]
    SLICE_X105Y517       LUT4 (Prop_lut4_I1_O)        0.043     6.044 r  u_tracker/cm_i[11]_i_127/O
                         net (fo=1, routed)           0.000     6.044    u_tracker/cm_i[11]_i_127_n_0
    SLICE_X105Y517       CARRY4 (Prop_carry4_S[0]_CO[3])
                                                      0.259     6.303 r  u_tracker/cm_i_reg[11]_i_48/CO[3]
                         net (fo=1, routed)           0.000     6.303    u_tracker/cm_i_reg[11]_i_48_n_0
    SLICE_X105Y518       CARRY4 (Prop_carry4_CI_CO[3])
                                                      0.053     6.356 r  u_tracker/cm_i_reg[11]_i_9/CO[3]
                         net (fo=7, routed)           0.738     7.094    u_tracker/p_24_in
    SLICE_X103Y518       LUT2 (Prop_lut2_I0_O)        0.043     7.137 r  u_tracker/cm_j[5]_i_4/O
                         net (fo=36, routed)          0.482     7.618    u_tracker/cm_j[5]_i_4_n_0
    SLICE_X103Y519       LUT6 (Prop_lut6_I4_O)        0.043     7.661 r  u_tracker/cm_h[1]_i_2/O
                         net (fo=3, routed)           0.330     7.992    u_tracker/cm_h[1]_i_2_n_0
    SLICE_X100Y518       LUT4 (Prop_lut4_I1_O)        0.043     8.035 r  u_tracker/cm_i[15]_i_76/O
                         net (fo=1, routed)           0.000     8.035    u_tracker/cm_i[15]_i_76_n_0
    SLICE_X100Y518       CARRY4 (Prop_carry4_S[0]_CO[3])
                                                      0.259     8.294 r  u_tracker/cm_i_reg[15]_i_16/CO[3]
                         net (fo=1, routed)           0.000     8.294    u_tracker/cm_i_reg[15]_i_16_n_0
    SLICE_X100Y519       CARRY4 (Prop_carry4_CI_CO[3])
                                                      0.053     8.347 f  u_tracker/cm_i_reg[15]_i_5/CO[3]
                         net (fo=52, routed)          0.459     8.806    u_tracker/s2_h1
    SLICE_X99Y520        LUT2 (Prop_lut2_I0_O)        0.043     8.849 f  u_tracker/cm_j[7]_i_5/O
                         net (fo=19, routed)          0.245     9.094    u_tracker/cm_j[7]_i_5_n_0
    SLICE_X97Y520        LUT6 (Prop_lut6_I1_O)        0.043     9.137 r  u_tracker/cm_i[10]_i_6/O
                         net (fo=1, routed)           0.215     9.352    u_tracker/cm_i[10]_i_6_n_0
    SLICE_X96Y520        LUT6 (Prop_lut6_I5_O)        0.043     9.395 r  u_tracker/cm_i[10]_i_1/O
                         net (fo=1, routed)           0.000     9.395    u_tracker/s2_i[5][0]_347[10]
    SLICE_X96Y520        FDRE                                         r  u_tracker/cm_i_reg[10]/D
  -------------------------------------------------------------------    -------------------

                         (clock clk rise edge)        5.000     5.000 r  <hidden>
                                                      0.000     5.000 r  clk
                         net (fo=27976, unset)        0.510     5.510    u_tracker/clk
    SLICE_X96Y520        FDRE                                         r  u_tracker/cm_i_reg[10]/C
                         clock pessimism              0.000     5.510    <hidden>
                         clock uncertainty           -0.035     5.475    <hidden>
    SLICE_X96Y520        FDRE (Setup_fdre_C_D)        0.034     5.509    u_tracker/cm_i_reg[10]
  -------------------------------------------------------------------
                         required time                          5.509    <hidden>
                         arrival time                          -9.395    <hidden>
  -------------------------------------------------------------------
                         slack                                 -3.887    <hidden>

Slack (VIOLATED) :        -3.873ns  (required time - arrival time)
  Source:                 u_tracker/pr_h_reg[15][0]/C
                            (rising edge-triggered cell FDRE clocked by clk  {rise@0.000ns fall@2.500ns period=5.000ns})
  Destination:            u_tracker/cm_i_reg[5]/D
                            (rising edge-triggered cell FDRE clocked by clk  {rise@0.000ns fall@2.500ns period=5.000ns})
  Path Group:             clk
  Path Type:              Setup (Max at Slow Process Corner)
  Requirement:            5.000ns  (clk rise@5.000ns - clk rise@0.000ns)
  Data Path Delay:        8.845ns  (logic 2.269ns (25.652%)  route 6.576ns (74.348%))
  Logic Levels:           22  (CARRY4=9 LUT2=2 LUT3=2 LUT4=4 LUT6=5)
  Clock Path Skew:        -0.027ns (DCD - SCD + CPR)
    Destination Clock Delay (DCD):    0.510ns = ( 5.510 - 5.000 ) 
    Source Clock Delay      (SCD):    0.537ns
    Clock Pessimism Removal (CPR):    0.000ns
  Clock Uncertainty:      0.035ns  ((TSJ^2 + TIJ^2)^1/2 + DJ) / 2 + PE
    Total System Jitter     (TSJ):    0.071ns
    Total Input Jitter      (TIJ):    0.000ns
    Discrete Jitter          (DJ):    0.000ns
    Phase Error              (PE):    0.000ns

    Location             Delay type                Incr(ns)  Path(ns)    Netlist Resource(s)
  -------------------------------------------------------------------    -------------------
                         (clock clk rise edge)        0.000     0.000 r  <hidden>
                                                      0.000     0.000 r  clk
                         net (fo=27976, unset)        0.537     0.537    u_tracker/clk
    SLICE_X114Y513       FDRE                                         r  u_tracker/pr_h_reg[15][0]/C
  -------------------------------------------------------------------    -------------------
    SLICE_X114Y513       FDRE (Prop_fdre_C_Q)         0.259     0.796 r  u_tracker/pr_h_reg[15][0]/Q
                         net (fo=3, routed)           0.442     1.238    u_tracker/pr_h_reg[15]_42[0]
    SLICE_X113Y513       LUT4 (Prop_lut4_I2_O)        0.043     1.281 r  u_tracker/cm_i[2]_i_35/O
                         net (fo=1, routed)           0.000     1.281    u_tracker/cm_i[2]_i_35_n_0
    SLICE_X113Y513       CARRY4 (Prop_carry4_S[0]_CO[3])
                                                      0.259     1.540 r  u_tracker/cm_i_reg[2]_i_16/CO[3]
                         net (fo=1, routed)           0.000     1.540    u_tracker/cm_i_reg[2]_i_16_n_0
    SLICE_X113Y514       CARRY4 (Prop_carry4_CI_CO[3])
                                                      0.053     1.593 r  u_tracker/cm_i_reg[2]_i_13/CO[3]
                         net (fo=70, routed)          0.527     2.120    u_tracker/cm_i_reg[2]_i_13_n_0
    SLICE_X112Y512       LUT3 (Prop_lut3_I1_O)        0.043     2.163 f  u_tracker/cm_h[4]_i_13/O
                         net (fo=5, routed)           0.372     2.535    u_tracker/s2_h[1][7]_345[4]
    SLICE_X115Y511       LUT6 (Prop_lut6_I1_O)        0.043     2.578 r  u_tracker/cm_j[6]_i_91/O
                         net (fo=1, routed)           0.412     2.991    u_tracker/cm_j[6]_i_91_n_0
    SLICE_X114Y514       CARRY4 (Prop_carry4_DI[2]_CO[3])
                                                      0.202     3.193 r  u_tracker/cm_j_reg[6]_i_24/CO[3]
                         net (fo=1, routed)           0.000     3.193    u_tracker/cm_j_reg[6]_i_24_n_0
    SLICE_X114Y515       CARRY4 (Prop_carry4_CI_CO[3])
                                                      0.054     3.247 r  u_tracker/cm_j_reg[6]_i_9/CO[3]
                         net (fo=52, routed)          0.782     4.029    u_tracker/cm_j_reg[6]_i_9_n_0
    SLICE_X111Y516       LUT6 (Prop_lut6_I0_O)        0.043     4.072 r  u_tracker/cm_h[9]_i_10/O
                         net (fo=3, routed)           0.452     4.524    u_tracker/cm_h[9]_i_10_n_0
    SLICE_X111Y518       LUT4 (Prop_lut4_I2_O)        0.043     4.567 r  u_tracker/cm_i[15]_i_86/O
                         net (fo=1, routed)           0.000     4.567    u_tracker/cm_i[15]_i_86_n_0
    SLICE_X111Y518       CARRY4 (Prop_carry4_S[0]_CO[3])
                                                      0.259     4.826 r  u_tracker/cm_i_reg[15]_i_26/CO[3]
                         net (fo=64, routed)          0.519     5.345    u_tracker/cm_i_reg[15]_i_26_n_0
    SLICE_X110Y518       LUT3 (Prop_lut3_I1_O)        0.043     5.388 r  u_tracker/cm_h[1]_i_6/O
                         net (fo=5, routed)           0.613     6.001    u_tracker/s2_h[3][1]_344[1]
    SLICE_X105Y517       LUT4 (Prop_lut4_I1_O)        0.043     6.044 r  u_tracker/cm_i[11]_i_127/O
                         net (fo=1, routed)           0.000     6.044    u_tracker/cm_i[11]_i_127_n_0
    SLICE_X105Y517       CARRY4 (Prop_carry4_S[0]_CO[3])
                                                      0.259     6.303 r  u_tracker/cm_i_reg[11]_i_48/CO[3]
                         net (fo=1, routed)           0.000     6.303    u_tracker/cm_i_reg[11]_i_48_n_0
    SLICE_X105Y518       CARRY4 (Prop_carry4_CI_CO[3])
                                                      0.053     6.356 r  u_tracker/cm_i_reg[11]_i_9/CO[3]
                         net (fo=7, routed)           0.738     7.094    u_tracker/p_24_in
    SLICE_X103Y518       LUT2 (Prop_lut2_I0_O)        0.043     7.137 r  u_tracker/cm_j[5]_i_4/O
                         net (fo=36, routed)          0.482     7.618    u_tracker/cm_j[5]_i_4_n_0
    SLICE_X103Y519       LUT6 (Prop_lut6_I4_O)        0.043     7.661 r  u_tracker/cm_h[1]_i_2/O
                         net (fo=3, routed)           0.330     7.992    u_tracker/cm_h[1]_i_2_n_0
    SLICE_X100Y518       LUT4 (Prop_lut4_I1_O)        0.043     8.035 r  u_tracker/cm_i[15]_i_76/O
                         net (fo=1, routed)           0.000     8.035    u_tracker/cm_i[15]_i_76_n_0
    SLICE_X100Y518       CARRY4 (Prop_carry4_S[0]_CO[3])
                                                      0.259     8.294 r  u_tracker/cm_i_reg[15]_i_16/CO[3]
                         net (fo=1, routed)           0.000     8.294    u_tracker/cm_i_reg[15]_i_16_n_0
    SLICE_X100Y519       CARRY4 (Prop_carry4_CI_CO[3])
                                                      0.053     8.347 f  u_tracker/cm_i_reg[15]_i_5/CO[3]
                         net (fo=52, routed)          0.459     8.806    u_tracker/s2_h1
    SLICE_X99Y520        LUT2 (Prop_lut2_I0_O)        0.043     8.849 f  u_tracker/cm_j[7]_i_5/O
                         net (fo=19, routed)          0.347     9.195    u_tracker/cm_j[7]_i_5_n_0
    SLICE_X97Y520        LUT6 (Prop_lut6_I1_O)        0.043     9.238 r  u_tracker/cm_i[5]_i_6/O
                         net (fo=1, routed)           0.101     9.339    u_tracker/cm_i[5]_i_6_n_0
    SLICE_X97Y520        LUT6 (Prop_lut6_I5_O)        0.043     9.382 r  u_tracker/cm_i[5]_i_1/O
                         net (fo=1, routed)           0.000     9.382    u_tracker/s2_i[5][0]_347[5]
    SLICE_X97Y520        FDRE                                         r  u_tracker/cm_i_reg[5]/D
  -------------------------------------------------------------------    -------------------

                         (clock clk rise edge)        5.000     5.000 r  <hidden>
                                                      0.000     5.000 r  clk
                         net (fo=27976, unset)        0.510     5.510    u_tracker/clk
    SLICE_X97Y520        FDRE                                         r  u_tracker/cm_i_reg[5]/C
                         clock pessimism              0.000     5.510    <hidden>
                         clock uncertainty           -0.035     5.475    <hidden>
    SLICE_X97Y520        FDRE (Setup_fdre_C_D)        0.034     5.509    u_tracker/cm_i_reg[5]
  -------------------------------------------------------------------
                         required time                          5.509    <hidden>
                         arrival time                          -9.382    <hidden>
  -------------------------------------------------------------------
                         slack                                 -3.873    <hidden>

Slack (VIOLATED) :        -3.872ns  (required time - arrival time)
  Source:                 u_tracker/pr_h_reg[15][0]/C
                            (rising edge-triggered cell FDRE clocked by clk  {rise@0.000ns fall@2.500ns period=5.000ns})
  Destination:            u_tracker/cm_i_reg[3]/D
                            (rising edge-triggered cell FDRE clocked by clk  {rise@0.000ns fall@2.500ns period=5.000ns})
  Path Group:             clk
  Path Type:              Setup (Max at Slow Process Corner)
  Requirement:            5.000ns  (clk rise@5.000ns - clk rise@0.000ns)
  Data Path Delay:        8.844ns  (logic 2.226ns (25.171%)  route 6.618ns (74.829%))
  Logic Levels:           21  (CARRY4=9 LUT2=1 LUT3=2 LUT4=4 LUT6=5)
  Clock Path Skew:        -0.027ns (DCD - SCD + CPR)
    Destination Clock Delay (DCD):    0.510ns = ( 5.510 - 5.000 ) 
    Source Clock Delay      (SCD):    0.537ns
    Clock Pessimism Removal (CPR):    0.000ns
  Clock Uncertainty:      0.035ns  ((TSJ^2 + TIJ^2)^1/2 + DJ) / 2 + PE
    Total System Jitter     (TSJ):    0.071ns
    Total Input Jitter      (TIJ):    0.000ns
    Discrete Jitter          (DJ):    0.000ns
    Phase Error              (PE):    0.000ns

    Location             Delay type                Incr(ns)  Path(ns)    Netlist Resource(s)
  -------------------------------------------------------------------    -------------------
                         (clock clk rise edge)        0.000     0.000 r  <hidden>
                                                      0.000     0.000 r  clk
                         net (fo=27976, unset)        0.537     0.537    u_tracker/clk
    SLICE_X114Y513       FDRE                                         r  u_tracker/pr_h_reg[15][0]/C
  -------------------------------------------------------------------    -------------------
    SLICE_X114Y513       FDRE (Prop_fdre_C_Q)         0.259     0.796 r  u_tracker/pr_h_reg[15][0]/Q
                         net (fo=3, routed)           0.442     1.238    u_tracker/pr_h_reg[15]_42[0]
    SLICE_X113Y513       LUT4 (Prop_lut4_I2_O)        0.043     1.281 r  u_tracker/cm_i[2]_i_35/O
                         net (fo=1, routed)           0.000     1.281    u_tracker/cm_i[2]_i_35_n_0
    SLICE_X113Y513       CARRY4 (Prop_carry4_S[0]_CO[3])
                                                      0.259     1.540 r  u_tracker/cm_i_reg[2]_i_16/CO[3]
                         net (fo=1, routed)           0.000     1.540    u_tracker/cm_i_reg[2]_i_16_n_0
    SLICE_X113Y514       CARRY4 (Prop_carry4_CI_CO[3])
                                                      0.053     1.593 r  u_tracker/cm_i_reg[2]_i_13/CO[3]
                         net (fo=70, routed)          0.527     2.120    u_tracker/cm_i_reg[2]_i_13_n_0
    SLICE_X112Y512       LUT3 (Prop_lut3_I1_O)        0.043     2.163 f  u_tracker/cm_h[4]_i_13/O
                         net (fo=5, routed)           0.372     2.535    u_tracker/s2_h[1][7]_345[4]
    SLICE_X115Y511       LUT6 (Prop_lut6_I1_O)        0.043     2.578 r  u_tracker/cm_j[6]_i_91/O
                         net (fo=1, routed)           0.412     2.991    u_tracker/cm_j[6]_i_91_n_0
    SLICE_X114Y514       CARRY4 (Prop_carry4_DI[2]_CO[3])
                                                      0.202     3.193 r  u_tracker/cm_j_reg[6]_i_24/CO[3]
                         net (fo=1, routed)           0.000     3.193    u_tracker/cm_j_reg[6]_i_24_n_0
    SLICE_X114Y515       CARRY4 (Prop_carry4_CI_CO[3])
                                                      0.054     3.247 r  u_tracker/cm_j_reg[6]_i_9/CO[3]
                         net (fo=52, routed)          0.782     4.029    u_tracker/cm_j_reg[6]_i_9_n_0
    SLICE_X111Y516       LUT6 (Prop_lut6_I0_O)        0.043     4.072 r  u_tracker/cm_h[9]_i_10/O
                         net (fo=3, routed)           0.452     4.524    u_tracker/cm_h[9]_i_10_n_0
    SLICE_X111Y518       LUT4 (Prop_lut4_I2_O)        0.043     4.567 r  u_tracker/cm_i[15]_i_86/O
                         net (fo=1, routed)           0.000     4.567    u_tracker/cm_i[15]_i_86_n_0
    SLICE_X111Y518       CARRY4 (Prop_carry4_S[0]_CO[3])
                                                      0.259     4.826 r  u_tracker/cm_i_reg[15]_i_26/CO[3]
                         net (fo=64, routed)          0.519     5.345    u_tracker/cm_i_reg[15]_i_26_n_0
    SLICE_X110Y518       LUT3 (Prop_lut3_I1_O)        0.043     5.388 r  u_tracker/cm_h[1]_i_6/O
                         net (fo=5, routed)           0.613     6.001    u_tracker/s2_h[3][1]_344[1]
    SLICE_X105Y517       LUT4 (Prop_lut4_I1_O)        0.043     6.044 r  u_tracker/cm_i[11]_i_127/O
                         net (fo=1, routed)           0.000     6.044    u_tracker/cm_i[11]_i_127_n_0
    SLICE_X105Y517       CARRY4 (Prop_carry4_S[0]_CO[3])
                                                      0.259     6.303 r  u_tracker/cm_i_reg[11]_i_48/CO[3]
                         net (fo=1, routed)           0.000     6.303    u_tracker/cm_i_reg[11]_i_48_n_0
    SLICE_X105Y518       CARRY4 (Prop_carry4_CI_CO[3])
                                                      0.053     6.356 r  u_tracker/cm_i_reg[11]_i_9/CO[3]
                         net (fo=7, routed)           0.738     7.094    u_tracker/p_24_in
    SLICE_X103Y518       LUT2 (Prop_lut2_I0_O)        0.043     7.137 r  u_tracker/cm_j[5]_i_4/O
                         net (fo=36, routed)          0.482     7.618    u_tracker/cm_j[5]_i_4_n_0
    SLICE_X103Y519       LUT6 (Prop_lut6_I4_O)        0.043     7.661 r  u_tracker/cm_h[1]_i_2/O
                         net (fo=3, routed)           0.330     7.992    u_tracker/cm_h[1]_i_2_n_0
    SLICE_X100Y518       LUT4 (Prop_lut4_I1_O)        0.043     8.035 r  u_tracker/cm_i[15]_i_76/O
                         net (fo=1, routed)           0.000     8.035    u_tracker/cm_i[15]_i_76_n_0
    SLICE_X100Y518       CARRY4 (Prop_carry4_S[0]_CO[3])
                                                      0.259     8.294 r  u_tracker/cm_i_reg[15]_i_16/CO[3]
                         net (fo=1, routed)           0.000     8.294    u_tracker/cm_i_reg[15]_i_16_n_0
    SLICE_X100Y519       CARRY4 (Prop_carry4_CI_CO[3])
                                                      0.053     8.347 r  u_tracker/cm_i_reg[15]_i_5/CO[3]
                         net (fo=52, routed)          0.595     8.942    u_tracker/s2_h1
    SLICE_X101Y517       LUT6 (Prop_lut6_I2_O)        0.043     8.985 r  u_tracker/cm_i[3]_i_5/O
                         net (fo=1, routed)           0.353     9.338    u_tracker/cm_i[3]_i_5_n_0
    SLICE_X97Y518        LUT6 (Prop_lut6_I4_O)        0.043     9.381 r  u_tracker/cm_i[3]_i_1/O
                         net (fo=1, routed)           0.000     9.381    u_tracker/s2_i[5][0]_347[3]
    SLICE_X97Y518        FDRE                                         r  u_tracker/cm_i_reg[3]/D
  -------------------------------------------------------------------    -------------------

                         (clock clk rise edge)        5.000     5.000 r  <hidden>
                                                      0.000     5.000 r  clk
                         net (fo=27976, unset)        0.510     5.510    u_tracker/clk
    SLICE_X97Y518        FDRE                                         r  u_tracker/cm_i_reg[3]/C
                         clock pessimism              0.000     5.510    <hidden>
                         clock uncertainty           -0.035     5.475    <hidden>
    SLICE_X97Y518        FDRE (Setup_fdre_C_D)        0.034     5.509    u_tracker/cm_i_reg[3]
  -------------------------------------------------------------------
                         required time                          5.509    <hidden>
                         arrival time                          -9.381    <hidden>
  -------------------------------------------------------------------
                         slack                                 -3.872    <hidden>

Slack (VIOLATED) :        -3.853ns  (required time - arrival time)
  Source:                 u_tracker/pr_h_reg[15][0]/C
                            (rising edge-triggered cell FDRE clocked by clk  {rise@0.000ns fall@2.500ns period=5.000ns})
  Destination:            u_tracker/cm_j_reg[1]/D
                            (rising edge-triggered cell FDRE clocked by clk  {rise@0.000ns fall@2.500ns period=5.000ns})
  Path Group:             clk
  Path Type:              Setup (Max at Slow Process Corner)
  Requirement:            5.000ns  (clk rise@5.000ns - clk rise@0.000ns)
  Data Path Delay:        8.825ns  (logic 2.269ns (25.711%)  route 6.556ns (74.289%))
  Logic Levels:           22  (CARRY4=9 LUT2=2 LUT3=2 LUT4=4 LUT6=5)
  Clock Path Skew:        -0.027ns (DCD - SCD + CPR)
    Destination Clock Delay (DCD):    0.510ns = ( 5.510 - 5.000 ) 
    Source Clock Delay      (SCD):    0.537ns
    Clock Pessimism Removal (CPR):    0.000ns
  Clock Uncertainty:      0.035ns  ((TSJ^2 + TIJ^2)^1/2 + DJ) / 2 + PE
    Total System Jitter     (TSJ):    0.071ns
    Total Input Jitter      (TIJ):    0.000ns
    Discrete Jitter          (DJ):    0.000ns
    Phase Error              (PE):    0.000ns

    Location             Delay type                Incr(ns)  Path(ns)    Netlist Resource(s)
  -------------------------------------------------------------------    -------------------
                         (clock clk rise edge)        0.000     0.000 r  <hidden>
                                                      0.000     0.000 r  clk
                         net (fo=27976, unset)        0.537     0.537    u_tracker/clk
    SLICE_X114Y513       FDRE                                         r  u_tracker/pr_h_reg[15][0]/C
  -------------------------------------------------------------------    -------------------
    SLICE_X114Y513       FDRE (Prop_fdre_C_Q)         0.259     0.796 r  u_tracker/pr_h_reg[15][0]/Q
                         net (fo=3, routed)           0.442     1.238    u_tracker/pr_h_reg[15]_42[0]
    SLICE_X113Y513       LUT4 (Prop_lut4_I2_O)        0.043     1.281 r  u_tracker/cm_i[2]_i_35/O
                         net (fo=1, routed)           0.000     1.281    u_tracker/cm_i[2]_i_35_n_0
    SLICE_X113Y513       CARRY4 (Prop_carry4_S[0]_CO[3])
                                                      0.259     1.540 r  u_tracker/cm_i_reg[2]_i_16/CO[3]
                         net (fo=1, routed)           0.000     1.540    u_tracker/cm_i_reg[2]_i_16_n_0
    SLICE_X113Y514       CARRY4 (Prop_carry4_CI_CO[3])
                                                      0.053     1.593 r  u_tracker/cm_i_reg[2]_i_13/CO[3]
                         net (fo=70, routed)          0.527     2.120    u_tracker/cm_i_reg[2]_i_13_n_0
    SLICE_X112Y512       LUT3 (Prop_lut3_I1_O)        0.043     2.163 f  u_tracker/cm_h[4]_i_13/O
                         net (fo=5, routed)           0.372     2.535    u_tracker/s2_h[1][7]_345[4]
    SLICE_X115Y511       LUT6 (Prop_lut6_I1_O)        0.043     2.578 r  u_tracker/cm_j[6]_i_91/O
                         net (fo=1, routed)           0.412     2.991    u_tracker/cm_j[6]_i_91_n_0
    SLICE_X114Y514       CARRY4 (Prop_carry4_DI[2]_CO[3])
                                                      0.202     3.193 r  u_tracker/cm_j_reg[6]_i_24/CO[3]
                         net (fo=1, routed)           0.000     3.193    u_tracker/cm_j_reg[6]_i_24_n_0
    SLICE_X114Y515       CARRY4 (Prop_carry4_CI_CO[3])
                                                      0.054     3.247 r  u_tracker/cm_j_reg[6]_i_9/CO[3]
                         net (fo=52, routed)          0.782     4.029    u_tracker/cm_j_reg[6]_i_9_n_0
    SLICE_X111Y516       LUT6 (Prop_lut6_I0_O)        0.043     4.072 r  u_tracker/cm_h[9]_i_10/O
                         net (fo=3, routed)           0.452     4.524    u_tracker/cm_h[9]_i_10_n_0
    SLICE_X111Y518       LUT4 (Prop_lut4_I2_O)        0.043     4.567 r  u_tracker/cm_i[15]_i_86/O
                         net (fo=1, routed)           0.000     4.567    u_tracker/cm_i[15]_i_86_n_0
    SLICE_X111Y518       CARRY4 (Prop_carry4_S[0]_CO[3])
                                                      0.259     4.826 r  u_tracker/cm_i_reg[15]_i_26/CO[3]
                         net (fo=64, routed)          0.519     5.345    u_tracker/cm_i_reg[15]_i_26_n_0
    SLICE_X110Y518       LUT3 (Prop_lut3_I1_O)        0.043     5.388 r  u_tracker/cm_h[1]_i_6/O
                         net (fo=5, routed)           0.613     6.001    u_tracker/s2_h[3][1]_344[1]
    SLICE_X105Y517       LUT4 (Prop_lut4_I1_O)        0.043     6.044 r  u_tracker/cm_i[11]_i_127/O
                         net (fo=1, routed)           0.000     6.044    u_tracker/cm_i[11]_i_127_n_0
    SLICE_X105Y517       CARRY4 (Prop_carry4_S[0]_CO[3])
                                                      0.259     6.303 r  u_tracker/cm_i_reg[11]_i_48/CO[3]
                         net (fo=1, routed)           0.000     6.303    u_tracker/cm_i_reg[11]_i_48_n_0
    SLICE_X105Y518       CARRY4 (Prop_carry4_CI_CO[3])
                                                      0.053     6.356 r  u_tracker/cm_i_reg[11]_i_9/CO[3]
                         net (fo=7, routed)           0.738     7.094    u_tracker/p_24_in
    SLICE_X103Y518       LUT2 (Prop_lut2_I0_O)        0.043     7.137 r  u_tracker/cm_j[5]_i_4/O
                         net (fo=36, routed)          0.482     7.618    u_tracker/cm_j[5]_i_4_n_0
    SLICE_X103Y519       LUT6 (Prop_lut6_I4_O)        0.043     7.661 r  u_tracker/cm_h[1]_i_2/O
                         net (fo=3, routed)           0.330     7.992    u_tracker/cm_h[1]_i_2_n_0
    SLICE_X100Y518       LUT4 (Prop_lut4_I1_O)        0.043     8.035 r  u_tracker/cm_i[15]_i_76/O
                         net (fo=1, routed)           0.000     8.035    u_tracker/cm_i[15]_i_76_n_0
    SLICE_X100Y518       CARRY4 (Prop_carry4_S[0]_CO[3])
                                                      0.259     8.294 r  u_tracker/cm_i_reg[15]_i_16/CO[3]
                         net (fo=1, routed)           0.000     8.294    u_tracker/cm_i_reg[15]_i_16_n_0
    SLICE_X100Y519       CARRY4 (Prop_carry4_CI_CO[3])
                                                      0.053     8.347 f  u_tracker/cm_i_reg[15]_i_5/CO[3]
                         net (fo=52, routed)          0.459     8.806    u_tracker/s2_h1
    SLICE_X99Y520        LUT2 (Prop_lut2_I0_O)        0.043     8.849 f  u_tracker/cm_j[7]_i_5/O
                         net (fo=19, routed)          0.326     9.175    u_tracker/cm_j[7]_i_5_n_0
    SLICE_X97Y521        LUT6 (Prop_lut6_I1_O)        0.043     9.218 r  u_tracker/cm_j[1]_i_5/O
                         net (fo=1, routed)           0.101     9.319    u_tracker/cm_j[1]_i_5_n_0
    SLICE_X97Y521        LUT6 (Prop_lut6_I5_O)        0.043     9.362 r  u_tracker/cm_j[1]_i_1/O
                         net (fo=1, routed)           0.000     9.362    u_tracker/s2_j[5][0]_348[1]
    SLICE_X97Y521        FDRE                                         r  u_tracker/cm_j_reg[1]/D
  -------------------------------------------------------------------    -------------------

                         (clock clk rise edge)        5.000     5.000 r  <hidden>
                                                      0.000     5.000 r  clk
                         net (fo=27976, unset)        0.510     5.510    u_tracker/clk
    SLICE_X97Y521        FDRE                                         r  u_tracker/cm_j_reg[1]/C
                         clock pessimism              0.000     5.510    <hidden>
                         clock uncertainty           -0.035     5.475    <hidden>
    SLICE_X97Y521        FDRE (Setup_fdre_C_D)        0.034     5.509    u_tracker/cm_j_reg[1]
  -------------------------------------------------------------------
                         required time                          5.509    <hidden>
                         arrival time                          -9.362    <hidden>
  -------------------------------------------------------------------
                         slack                                 -3.853    <hidden>

Slack (VIOLATED) :        -3.853ns  (required time - arrival time)
  Source:                 u_tracker/pr_h_reg[15][0]/C
                            (rising edge-triggered cell FDRE clocked by clk  {rise@0.000ns fall@2.500ns period=5.000ns})
  Destination:            u_tracker/cm_j_reg[0]/D
                            (rising edge-triggered cell FDRE clocked by clk  {rise@0.000ns fall@2.500ns period=5.000ns})
  Path Group:             clk
  Path Type:              Setup (Max at Slow Process Corner)
  Requirement:            5.000ns  (clk rise@5.000ns - clk rise@0.000ns)
  Data Path Delay:        8.823ns  (logic 2.269ns (25.716%)  route 6.554ns (74.284%))
  Logic Levels:           22  (CARRY4=9 LUT2=2 LUT3=2 LUT4=4 LUT6=5)
  Clock Path Skew:        -0.027ns (DCD - SCD + CPR)
    Destination Clock Delay (DCD):    0.510ns = ( 5.510 - 5.000 ) 
    Source Clock Delay      (SCD):    0.537ns
    Clock Pessimism Removal (CPR):    0.000ns
  Clock Uncertainty:      0.035ns  ((TSJ^2 + TIJ^2)^1/2 + DJ) / 2 + PE
    Total System Jitter     (TSJ):    0.071ns
    Total Input Jitter      (TIJ):    0.000ns
    Discrete Jitter          (DJ):    0.000ns
    Phase Error              (PE):    0.000ns

    Location             Delay type                Incr(ns)  Path(ns)    Netlist Resource(s)
  -------------------------------------------------------------------    -------------------
                         (clock clk rise edge)        0.000     0.000 r  <hidden>
                                                      0.000     0.000 r  clk
                         net (fo=27976, unset)        0.537     0.537    u_tracker/clk
    SLICE_X114Y513       FDRE                                         r  u_tracker/pr_h_reg[15][0]/C
  -------------------------------------------------------------------    -------------------
    SLICE_X114Y513       FDRE (Prop_fdre_C_Q)         0.259     0.796 r  u_tracker/pr_h_reg[15][0]/Q
                         net (fo=3, routed)           0.442     1.238    u_tracker/pr_h_reg[15]_42[0]
    SLICE_X113Y513       LUT4 (Prop_lut4_I2_O)        0.043     1.281 r  u_tracker/cm_i[2]_i_35/O
                         net (fo=1, routed)           0.000     1.281    u_tracker/cm_i[2]_i_35_n_0
    SLICE_X113Y513       CARRY4 (Prop_carry4_S[0]_CO[3])
                                                      0.259     1.540 r  u_tracker/cm_i_reg[2]_i_16/CO[3]
                         net (fo=1, routed)           0.000     1.540    u_tracker/cm_i_reg[2]_i_16_n_0
    SLICE_X113Y514       CARRY4 (Prop_carry4_CI_CO[3])
                                                      0.053     1.593 r  u_tracker/cm_i_reg[2]_i_13/CO[3]
                         net (fo=70, routed)          0.527     2.120    u_tracker/cm_i_reg[2]_i_13_n_0
    SLICE_X112Y512       LUT3 (Prop_lut3_I1_O)        0.043     2.163 f  u_tracker/cm_h[4]_i_13/O
                         net (fo=5, routed)           0.372     2.535    u_tracker/s2_h[1][7]_345[4]
    SLICE_X115Y511       LUT6 (Prop_lut6_I1_O)        0.043     2.578 r  u_tracker/cm_j[6]_i_91/O
                         net (fo=1, routed)           0.412     2.991    u_tracker/cm_j[6]_i_91_n_0
    SLICE_X114Y514       CARRY4 (Prop_carry4_DI[2]_CO[3])
                                                      0.202     3.193 r  u_tracker/cm_j_reg[6]_i_24/CO[3]
                         net (fo=1, routed)           0.000     3.193    u_tracker/cm_j_reg[6]_i_24_n_0
    SLICE_X114Y515       CARRY4 (Prop_carry4_CI_CO[3])
                                                      0.054     3.247 r  u_tracker/cm_j_reg[6]_i_9/CO[3]
                         net (fo=52, routed)          0.782     4.029    u_tracker/cm_j_reg[6]_i_9_n_0
    SLICE_X111Y516       LUT6 (Prop_lut6_I0_O)        0.043     4.072 r  u_tracker/cm_h[9]_i_10/O
                         net (fo=3, routed)           0.452     4.524    u_tracker/cm_h[9]_i_10_n_0
    SLICE_X111Y518       LUT4 (Prop_lut4_I2_O)        0.043     4.567 r  u_tracker/cm_i[15]_i_86/O
                         net (fo=1, routed)           0.000     4.567    u_tracker/cm_i[15]_i_86_n_0
    SLICE_X111Y518       CARRY4 (Prop_carry4_S[0]_CO[3])
                                                      0.259     4.826 r  u_tracker/cm_i_reg[15]_i_26/CO[3]
                         net (fo=64, routed)          0.519     5.345    u_tracker/cm_i_reg[15]_i_26_n_0
    SLICE_X110Y518       LUT3 (Prop_lut3_I1_O)        0.043     5.388 r  u_tracker/cm_h[1]_i_6/O
                         net (fo=5, routed)           0.613     6.001    u_tracker/s2_h[3][1]_344[1]
    SLICE_X105Y517       LUT4 (Prop_lut4_I1_O)        0.043     6.044 r  u_tracker/cm_i[11]_i_127/O
                         net (fo=1, routed)           0.000     6.044    u_tracker/cm_i[11]_i_127_n_0
    SLICE_X105Y517       CARRY4 (Prop_carry4_S[0]_CO[3])
                                                      0.259     6.303 r  u_tracker/cm_i_reg[11]_i_48/CO[3]
                         net (fo=1, routed)           0.000     6.303    u_tracker/cm_i_reg[11]_i_48_n_0
    SLICE_X105Y518       CARRY4 (Prop_carry4_CI_CO[3])
                                                      0.053     6.356 r  u_tracker/cm_i_reg[11]_i_9/CO[3]
                         net (fo=7, routed)           0.738     7.094    u_tracker/p_24_in
    SLICE_X103Y518       LUT2 (Prop_lut2_I0_O)        0.043     7.137 r  u_tracker/cm_j[5]_i_4/O
                         net (fo=36, routed)          0.482     7.618    u_tracker/cm_j[5]_i_4_n_0
    SLICE_X103Y519       LUT6 (Prop_lut6_I4_O)        0.043     7.661 r  u_tracker/cm_h[1]_i_2/O
                         net (fo=3, routed)           0.330     7.992    u_tracker/cm_h[1]_i_2_n_0
    SLICE_X100Y518       LUT4 (Prop_lut4_I1_O)        0.043     8.035 r  u_tracker/cm_i[15]_i_76/O
                         net (fo=1, routed)           0.000     8.035    u_tracker/cm_i[15]_i_76_n_0
    SLICE_X100Y518       CARRY4 (Prop_carry4_S[0]_CO[3])
                                                      0.259     8.294 r  u_tracker/cm_i_reg[15]_i_16/CO[3]
                         net (fo=1, routed)           0.000     8.294    u_tracker/cm_i_reg[15]_i_16_n_0
    SLICE_X100Y519       CARRY4 (Prop_carry4_CI_CO[3])
                                                      0.053     8.347 f  u_tracker/cm_i_reg[15]_i_5/CO[3]
                         net (fo=52, routed)          0.459     8.806    u_tracker/s2_h1
    SLICE_X99Y520        LUT2 (Prop_lut2_I0_O)        0.043     8.849 f  u_tracker/cm_j[7]_i_5/O
                         net (fo=19, routed)          0.246     9.095    u_tracker/cm_j[7]_i_5_n_0
    SLICE_X97Y519        LUT6 (Prop_lut6_I1_O)        0.043     9.138 r  u_tracker/cm_j[0]_i_5/O
                         net (fo=1, routed)           0.179     9.317    u_tracker/cm_j[0]_i_5_n_0
    SLICE_X97Y518        LUT6 (Prop_lut6_I5_O)        0.043     9.360 r  u_tracker/cm_j[0]_i_1/O
                         net (fo=1, routed)           0.000     9.360    u_tracker/s2_j[5][0]_348[0]
    SLICE_X97Y518        FDRE                                         r  u_tracker/cm_j_reg[0]/D
  -------------------------------------------------------------------    -------------------

                         (clock clk rise edge)        5.000     5.000 r  <hidden>
                                                      0.000     5.000 r  clk
                         net (fo=27976, unset)        0.510     5.510    u_tracker/clk
    SLICE_X97Y518        FDRE                                         r  u_tracker/cm_j_reg[0]/C
                         clock pessimism              0.000     5.510    <hidden>
                         clock uncertainty           -0.035     5.475    <hidden>
    SLICE_X97Y518        FDRE (Setup_fdre_C_D)        0.033     5.508    u_tracker/cm_j_reg[0]
  -------------------------------------------------------------------
                         required time                          5.508    <hidden>
                         arrival time                          -9.360    <hidden>
  -------------------------------------------------------------------
                         slack                                 -3.853    <hidden>

Slack (VIOLATED) :        -3.836ns  (required time - arrival time)
  Source:                 u_fsm/t_idx_reg[2]/C
                            (rising edge-triggered cell FDRE clocked by clk  {rise@0.000ns fall@2.500ns period=5.000ns})
  Destination:            u_array/g_pe[0].u_pe/E_reg_reg[4]/D
                            (rising edge-triggered cell FDRE clocked by clk  {rise@0.000ns fall@2.500ns period=5.000ns})
  Path Group:             clk
  Path Type:              Setup (Max at Slow Process Corner)
  Requirement:            5.000ns  (clk rise@5.000ns - clk rise@0.000ns)
  Data Path Delay:        8.808ns  (logic 2.592ns (29.429%)  route 6.216ns (70.571%))
  Logic Levels:           21  (CARRY4=7 LUT2=3 LUT3=1 LUT5=2 LUT6=4 MUXF7=2 MUXF8=2)
  Clock Path Skew:        -0.027ns (DCD - SCD + CPR)
    Destination Clock Delay (DCD):    0.510ns = ( 5.510 - 5.000 ) 
    Source Clock Delay      (SCD):    0.537ns
    Clock Pessimism Removal (CPR):    0.000ns
  Clock Uncertainty:      0.035ns  ((TSJ^2 + TIJ^2)^1/2 + DJ) / 2 + PE
    Total System Jitter     (TSJ):    0.071ns
    Total Input Jitter      (TIJ):    0.000ns
    Discrete Jitter          (DJ):    0.000ns
    Phase Error              (PE):    0.000ns

    Location             Delay type                Incr(ns)  Path(ns)    Netlist Resource(s)
  -------------------------------------------------------------------    -------------------
                         (clock clk rise edge)        0.000     0.000 r  <hidden>
                                                      0.000     0.000 r  clk
                         net (fo=27976, unset)        0.537     0.537    u_fsm/clk
    SLICE_X203Y456       FDRE                                         r  u_fsm/t_idx_reg[2]/C
  -------------------------------------------------------------------    -------------------
    SLICE_X203Y456       FDRE (Prop_fdre_C_Q)         0.223     0.760 r  u_fsm/t_idx_reg[2]/Q
                         net (fo=388, routed)         0.793     1.553    u_fsm/t_idx_reg_n_0_[2]
    SLICE_X225Y453       MUXF7 (Prop_muxf7_S_O)       0.163     1.716 r  u_fsm/target_q_reg[0]_i_213/O
                         net (fo=1, routed)           0.000     1.716    u_fsm/target_q_reg[0]_i_213_n_0
    SLICE_X225Y453       MUXF8 (Prop_muxf8_I0_O)      0.045     1.761 r  u_fsm/target_q_reg[0]_i_90/O
                         net (fo=1, routed)           0.534     2.295    u_fsm/target_q_reg[0]_i_90_n_0
    SLICE_X213Y457       LUT6 (Prop_lut6_I5_O)        0.126     2.421 r  u_fsm/target_q[0]_i_29/O
                         net (fo=1, routed)           0.000     2.421    u_fsm/target_q[0]_i_29_n_0
    SLICE_X213Y457       MUXF7 (Prop_muxf7_I0_O)      0.107     2.528 r  u_fsm/target_q_reg[0]_i_14/O
                         net (fo=1, routed)           0.000     2.528    u_fsm/target_q_reg[0]_i_14_n_0
    SLICE_X213Y457       MUXF8 (Prop_muxf8_I1_O)      0.043     2.571 r  u_fsm/target_q_reg[0]_i_6/O
                         net (fo=1, routed)           0.808     3.379    u_fsm/target_q_reg[0]_i_6_n_0
    SLICE_X193Y470       LUT6 (Prop_lut6_I5_O)        0.126     3.505 r  u_fsm/target_q[0]_i_2/O
                         net (fo=1, routed)           0.178     3.684    u_fsm/target_q[0]
    SLICE_X191Y470       LUT2 (Prop_lut2_I1_O)        0.043     3.727 r  u_fsm/target_q[0]_i_1/O
                         net (fo=3, routed)           0.785     4.512    u_array/g_pe[0].u_pe/D[0]
    SLICE_X155Y470       LUT6 (Prop_lut6_I3_O)        0.043     4.555 r  u_array/g_pe[0].u_pe/H_curr_reg[3]_i_5__157/O
                         net (fo=3, routed)           0.202     4.757    u_array/g_pe[0].u_pe/query_base_reg_reg[1]_0[0]
    SLICE_X154Y471       LUT2 (Prop_lut2_I0_O)        0.043     4.800 r  u_array/g_pe[0].u_pe/H_curr_reg[3]_i_6__157/O
                         net (fo=1, routed)           0.000     4.800    u_fsm/S[1]
    SLICE_X154Y471       CARRY4 (Prop_carry4_S[3]_CO[3])
                                                      0.180     4.980 r  u_fsm/H_curr_reg_reg[3]_i_3/CO[3]
                         net (fo=1, routed)           0.000     4.980    u_fsm/H_curr_reg_reg[3]_i_3_n_0
    SLICE_X154Y472       CARRY4 (Prop_carry4_CI_CO[3])
                                                      0.054     5.034 r  u_fsm/H_curr_reg_reg[7]_i_3/CO[3]
                         net (fo=1, routed)           0.000     5.034    u_fsm/H_curr_reg_reg[7]_i_3_n_0
    SLICE_X154Y473       CARRY4 (Prop_carry4_CI_O[1])
                                                      0.165     5.199 r  u_fsm/H_curr_reg_reg[11]_i_3/O[1]
                         net (fo=8, routed)           0.441     5.640    u_fsm/H_curr_reg_reg[11]_i_3_n_6
    SLICE_X153Y472       LUT5 (Prop_lut5_I2_O)        0.125     5.765 r  u_fsm/H_curr_reg[15]_i_47/O
                         net (fo=1, routed)           0.000     5.765    u_fsm/H_curr_reg[15]_i_47_n_0
    SLICE_X153Y472       CARRY4 (Prop_carry4_S[0]_CO[3])
                                                      0.259     6.024 r  u_fsm/H_curr_reg_reg[15]_i_10/CO[3]
                         net (fo=49, routed)          0.533     6.557    u_fsm/E_reg_reg[15][0]
    SLICE_X152Y471       LUT3 (Prop_lut3_I1_O)        0.043     6.600 r  u_fsm/H_curr_reg[15]_i_4/O
                         net (fo=63, routed)          0.248     6.848    u_fsm/H_curr_reg[15]_i_4_n_0
    SLICE_X152Y472       LUT5 (Prop_lut5_I4_O)        0.043     6.891 r  u_fsm/E_reg[11]_i_7/O
                         net (fo=2, routed)           0.517     7.408    u_fsm/u_array/g_pe[0].u_pe/E_reg7[8]
    SLICE_X149Y475       CARRY4 (Prop_carry4_DI[0]_CO[3])
                                                      0.269     7.677 r  u_fsm/E_reg_reg[11]_i_2/CO[3]
                         net (fo=1, routed)           0.000     7.677    u_fsm/E_reg_reg[11]_i_2_n_0
    SLICE_X149Y476       CARRY4 (Prop_carry4_CI_O[3])
                                                      0.149     7.826 f  u_fsm/E_reg_reg[15]_i_3/O[3]
                         net (fo=5, routed)           0.542     8.368    u_fsm/E_reg_reg[14][1]
    SLICE_X150Y473       LUT2 (Prop_lut2_I1_O)        0.120     8.488 r  u_fsm/E_reg[15]_i_21/O
                         net (fo=1, routed)           0.000     8.488    u_fsm/E_reg[15]_i_21_n_0
    SLICE_X150Y473       CARRY4 (Prop_carry4_S[3]_CO[3])
                                                      0.180     8.668 r  u_fsm/E_reg_reg[15]_i_4/CO[3]
                         net (fo=16, routed)          0.633     9.302    u_fsm/E_reg_reg[15]_i_4_n_0
    SLICE_X148Y475       LUT6 (Prop_lut6_I1_O)        0.043     9.345 r  u_fsm/E_reg[4]_i_1/O
                         net (fo=1, routed)           0.000     9.345    u_array/g_pe[0].u_pe/E_reg_reg[15]_2[4]
    SLICE_X148Y475       FDRE                                         r  u_array/g_pe[0].u_pe/E_reg_reg[4]/D
  -------------------------------------------------------------------    -------------------

                         (clock clk rise edge)        5.000     5.000 r  <hidden>
                                                      0.000     5.000 r  clk
                         net (fo=27976, unset)        0.510     5.510    u_array/g_pe[0].u_pe/clk
    SLICE_X148Y475       FDRE                                         r  u_array/g_pe[0].u_pe/E_reg_reg[4]/C
                         clock pessimism              0.000     5.510    <hidden>
                         clock uncertainty           -0.035     5.475    <hidden>
    SLICE_X148Y475       FDRE (Setup_fdre_C_D)        0.034     5.509    u_array/g_pe[0].u_pe/E_reg_reg[4]
  -------------------------------------------------------------------
                         required time                          5.509    <hidden>
                         arrival time                          -9.345    <hidden>
  -------------------------------------------------------------------
                         slack                                 -3.836    <hidden>

Slack (VIOLATED) :        -3.834ns  (required time - arrival time)
  Source:                 u_fsm/t_idx_reg[2]/C
                            (rising edge-triggered cell FDRE clocked by clk  {rise@0.000ns fall@2.500ns period=5.000ns})
  Destination:            u_array/g_pe[0].u_pe/E_reg_reg[9]/D
                            (rising edge-triggered cell FDRE clocked by clk  {rise@0.000ns fall@2.500ns period=5.000ns})
  Path Group:             clk
  Path Type:              Setup (Max at Slow Process Corner)
  Requirement:            5.000ns  (clk rise@5.000ns - clk rise@0.000ns)
  Data Path Delay:        8.806ns  (logic 2.592ns (29.435%)  route 6.214ns (70.565%))
  Logic Levels:           21  (CARRY4=7 LUT2=3 LUT3=1 LUT5=2 LUT6=4 MUXF7=2 MUXF8=2)
  Clock Path Skew:        -0.027ns (DCD - SCD + CPR)
    Destination Clock Delay (DCD):    0.510ns = ( 5.510 - 5.000 ) 
    Source Clock Delay      (SCD):    0.537ns
    Clock Pessimism Removal (CPR):    0.000ns
  Clock Uncertainty:      0.035ns  ((TSJ^2 + TIJ^2)^1/2 + DJ) / 2 + PE
    Total System Jitter     (TSJ):    0.071ns
    Total Input Jitter      (TIJ):    0.000ns
    Discrete Jitter          (DJ):    0.000ns
    Phase Error              (PE):    0.000ns

    Location             Delay type                Incr(ns)  Path(ns)    Netlist Resource(s)
  -------------------------------------------------------------------    -------------------
                         (clock clk rise edge)        0.000     0.000 r  <hidden>
                                                      0.000     0.000 r  clk
                         net (fo=27976, unset)        0.537     0.537    u_fsm/clk
    SLICE_X203Y456       FDRE                                         r  u_fsm/t_idx_reg[2]/C
  -------------------------------------------------------------------    -------------------
    SLICE_X203Y456       FDRE (Prop_fdre_C_Q)         0.223     0.760 r  u_fsm/t_idx_reg[2]/Q
                         net (fo=388, routed)         0.793     1.553    u_fsm/t_idx_reg_n_0_[2]
    SLICE_X225Y453       MUXF7 (Prop_muxf7_S_O)       0.163     1.716 r  u_fsm/target_q_reg[0]_i_213/O
                         net (fo=1, routed)           0.000     1.716    u_fsm/target_q_reg[0]_i_213_n_0
    SLICE_X225Y453       MUXF8 (Prop_muxf8_I0_O)      0.045     1.761 r  u_fsm/target_q_reg[0]_i_90/O
                         net (fo=1, routed)           0.534     2.295    u_fsm/target_q_reg[0]_i_90_n_0
    SLICE_X213Y457       LUT6 (Prop_lut6_I5_O)        0.126     2.421 r  u_fsm/target_q[0]_i_29/O
                         net (fo=1, routed)           0.000     2.421    u_fsm/target_q[0]_i_29_n_0
    SLICE_X213Y457       MUXF7 (Prop_muxf7_I0_O)      0.107     2.528 r  u_fsm/target_q_reg[0]_i_14/O
                         net (fo=1, routed)           0.000     2.528    u_fsm/target_q_reg[0]_i_14_n_0
    SLICE_X213Y457       MUXF8 (Prop_muxf8_I1_O)      0.043     2.571 r  u_fsm/target_q_reg[0]_i_6/O
                         net (fo=1, routed)           0.808     3.379    u_fsm/target_q_reg[0]_i_6_n_0
    SLICE_X193Y470       LUT6 (Prop_lut6_I5_O)        0.126     3.505 r  u_fsm/target_q[0]_i_2/O
                         net (fo=1, routed)           0.178     3.684    u_fsm/target_q[0]
    SLICE_X191Y470       LUT2 (Prop_lut2_I1_O)        0.043     3.727 r  u_fsm/target_q[0]_i_1/O
                         net (fo=3, routed)           0.785     4.512    u_array/g_pe[0].u_pe/D[0]
    SLICE_X155Y470       LUT6 (Prop_lut6_I3_O)        0.043     4.555 r  u_array/g_pe[0].u_pe/H_curr_reg[3]_i_5__157/O
                         net (fo=3, routed)           0.202     4.757    u_array/g_pe[0].u_pe/query_base_reg_reg[1]_0[0]
    SLICE_X154Y471       LUT2 (Prop_lut2_I0_O)        0.043     4.800 r  u_array/g_pe[0].u_pe/H_curr_reg[3]_i_6__157/O
                         net (fo=1, routed)           0.000     4.800    u_fsm/S[1]
    SLICE_X154Y471       CARRY4 (Prop_carry4_S[3]_CO[3])
                                                      0.180     4.980 r  u_fsm/H_curr_reg_reg[3]_i_3/CO[3]
                         net (fo=1, routed)           0.000     4.980    u_fsm/H_curr_reg_reg[3]_i_3_n_0
    SLICE_X154Y472       CARRY4 (Prop_carry4_CI_CO[3])
                                                      0.054     5.034 r  u_fsm/H_curr_reg_reg[7]_i_3/CO[3]
                         net (fo=1, routed)           0.000     5.034    u_fsm/H_curr_reg_reg[7]_i_3_n_0
    SLICE_X154Y473       CARRY4 (Prop_carry4_CI_O[1])
                                                      0.165     5.199 r  u_fsm/H_curr_reg_reg[11]_i_3/O[1]
                         net (fo=8, routed)           0.441     5.640    u_fsm/H_curr_reg_reg[11]_i_3_n_6
    SLICE_X153Y472       LUT5 (Prop_lut5_I2_O)        0.125     5.765 r  u_fsm/H_curr_reg[15]_i_47/O
                         net (fo=1, routed)           0.000     5.765    u_fsm/H_curr_reg[15]_i_47_n_0
    SLICE_X153Y472       CARRY4 (Prop_carry4_S[0]_CO[3])
                                                      0.259     6.024 r  u_fsm/H_curr_reg_reg[15]_i_10/CO[3]
                         net (fo=49, routed)          0.533     6.557    u_fsm/E_reg_reg[15][0]
    SLICE_X152Y471       LUT3 (Prop_lut3_I1_O)        0.043     6.600 r  u_fsm/H_curr_reg[15]_i_4/O
                         net (fo=63, routed)          0.248     6.848    u_fsm/H_curr_reg[15]_i_4_n_0
    SLICE_X152Y472       LUT5 (Prop_lut5_I4_O)        0.043     6.891 r  u_fsm/E_reg[11]_i_7/O
                         net (fo=2, routed)           0.517     7.408    u_fsm/u_array/g_pe[0].u_pe/E_reg7[8]
    SLICE_X149Y475       CARRY4 (Prop_carry4_DI[0]_CO[3])
                                                      0.269     7.677 r  u_fsm/E_reg_reg[11]_i_2/CO[3]
                         net (fo=1, routed)           0.000     7.677    u_fsm/E_reg_reg[11]_i_2_n_0
    SLICE_X149Y476       CARRY4 (Prop_carry4_CI_O[3])
                                                      0.149     7.826 f  u_fsm/E_reg_reg[15]_i_3/O[3]
                         net (fo=5, routed)           0.542     8.368    u_fsm/E_reg_reg[14][1]
    SLICE_X150Y473       LUT2 (Prop_lut2_I1_O)        0.120     8.488 r  u_fsm/E_reg[15]_i_21/O
                         net (fo=1, routed)           0.000     8.488    u_fsm/E_reg[15]_i_21_n_0
    SLICE_X150Y473       CARRY4 (Prop_carry4_S[3]_CO[3])
                                                      0.180     8.668 r  u_fsm/E_reg_reg[15]_i_4/CO[3]
                         net (fo=16, routed)          0.631     9.300    u_fsm/E_reg_reg[15]_i_4_n_0
    SLICE_X148Y475       LUT6 (Prop_lut6_I1_O)        0.043     9.343 r  u_fsm/E_reg[9]_i_1/O
                         net (fo=1, routed)           0.000     9.343    u_array/g_pe[0].u_pe/E_reg_reg[15]_2[9]
    SLICE_X148Y475       FDRE                                         r  u_array/g_pe[0].u_pe/E_reg_reg[9]/D
  -------------------------------------------------------------------    -------------------

                         (clock clk rise edge)        5.000     5.000 r  <hidden>
                                                      0.000     5.000 r  clk
                         net (fo=27976, unset)        0.510     5.510    u_array/g_pe[0].u_pe/clk
    SLICE_X148Y475       FDRE                                         r  u_array/g_pe[0].u_pe/E_reg_reg[9]/C
                         clock pessimism              0.000     5.510    <hidden>
                         clock uncertainty           -0.035     5.475    <hidden>
    SLICE_X148Y475       FDRE (Setup_fdre_C_D)        0.034     5.509    u_array/g_pe[0].u_pe/E_reg_reg[9]
  -------------------------------------------------------------------
                         required time                          5.509    <hidden>
                         arrival time                          -9.343    <hidden>
  -------------------------------------------------------------------
                         slack                                 -3.834    <hidden>

Slack (VIOLATED) :        -3.815ns  (required time - arrival time)
  Source:                 u_tracker/pr_h_reg[15][0]/C
                            (rising edge-triggered cell FDRE clocked by clk  {rise@0.000ns fall@2.500ns period=5.000ns})
  Destination:            u_tracker/cm_j_reg[2]/D
                            (rising edge-triggered cell FDRE clocked by clk  {rise@0.000ns fall@2.500ns period=5.000ns})
  Path Group:             clk
  Path Type:              Setup (Max at Slow Process Corner)
  Requirement:            5.000ns  (clk rise@5.000ns - clk rise@0.000ns)
  Data Path Delay:        8.786ns  (logic 2.269ns (25.824%)  route 6.517ns (74.176%))
  Logic Levels:           22  (CARRY4=9 LUT2=2 LUT3=2 LUT4=4 LUT6=5)
  Clock Path Skew:        -0.027ns (DCD - SCD + CPR)
    Destination Clock Delay (DCD):    0.510ns = ( 5.510 - 5.000 ) 
    Source Clock Delay      (SCD):    0.537ns
    Clock Pessimism Removal (CPR):    0.000ns
  Clock Uncertainty:      0.035ns  ((TSJ^2 + TIJ^2)^1/2 + DJ) / 2 + PE
    Total System Jitter     (TSJ):    0.071ns
    Total Input Jitter      (TIJ):    0.000ns
    Discrete Jitter          (DJ):    0.000ns
    Phase Error              (PE):    0.000ns

    Location             Delay type                Incr(ns)  Path(ns)    Netlist Resource(s)
  -------------------------------------------------------------------    -------------------
                         (clock clk rise edge)        0.000     0.000 r  <hidden>
                                                      0.000     0.000 r  clk
                         net (fo=27976, unset)        0.537     0.537    u_tracker/clk
    SLICE_X114Y513       FDRE                                         r  u_tracker/pr_h_reg[15][0]/C
  -------------------------------------------------------------------    -------------------
    SLICE_X114Y513       FDRE (Prop_fdre_C_Q)         0.259     0.796 r  u_tracker/pr_h_reg[15][0]/Q
                         net (fo=3, routed)           0.442     1.238    u_tracker/pr_h_reg[15]_42[0]
    SLICE_X113Y513       LUT4 (Prop_lut4_I2_O)        0.043     1.281 r  u_tracker/cm_i[2]_i_35/O
                         net (fo=1, routed)           0.000     1.281    u_tracker/cm_i[2]_i_35_n_0
    SLICE_X113Y513       CARRY4 (Prop_carry4_S[0]_CO[3])
                                                      0.259     1.540 r  u_tracker/cm_i_reg[2]_i_16/CO[3]
                         net (fo=1, routed)           0.000     1.540    u_tracker/cm_i_reg[2]_i_16_n_0
    SLICE_X113Y514       CARRY4 (Prop_carry4_CI_CO[3])
                                                      0.053     1.593 r  u_tracker/cm_i_reg[2]_i_13/CO[3]
                         net (fo=70, routed)          0.527     2.120    u_tracker/cm_i_reg[2]_i_13_n_0
    SLICE_X112Y512       LUT3 (Prop_lut3_I1_O)        0.043     2.163 f  u_tracker/cm_h[4]_i_13/O
                         net (fo=5, routed)           0.372     2.535    u_tracker/s2_h[1][7]_345[4]
    SLICE_X115Y511       LUT6 (Prop_lut6_I1_O)        0.043     2.578 r  u_tracker/cm_j[6]_i_91/O
                         net (fo=1, routed)           0.412     2.991    u_tracker/cm_j[6]_i_91_n_0
    SLICE_X114Y514       CARRY4 (Prop_carry4_DI[2]_CO[3])
                                                      0.202     3.193 r  u_tracker/cm_j_reg[6]_i_24/CO[3]
                         net (fo=1, routed)           0.000     3.193    u_tracker/cm_j_reg[6]_i_24_n_0
    SLICE_X114Y515       CARRY4 (Prop_carry4_CI_CO[3])
                                                      0.054     3.247 r  u_tracker/cm_j_reg[6]_i_9/CO[3]
                         net (fo=52, routed)          0.782     4.029    u_tracker/cm_j_reg[6]_i_9_n_0
    SLICE_X111Y516       LUT6 (Prop_lut6_I0_O)        0.043     4.072 r  u_tracker/cm_h[9]_i_10/O
                         net (fo=3, routed)           0.452     4.524    u_tracker/cm_h[9]_i_10_n_0
    SLICE_X111Y518       LUT4 (Prop_lut4_I2_O)        0.043     4.567 r  u_tracker/cm_i[15]_i_86/O
                         net (fo=1, routed)           0.000     4.567    u_tracker/cm_i[15]_i_86_n_0
    SLICE_X111Y518       CARRY4 (Prop_carry4_S[0]_CO[3])
                                                      0.259     4.826 r  u_tracker/cm_i_reg[15]_i_26/CO[3]
                         net (fo=64, routed)          0.519     5.345    u_tracker/cm_i_reg[15]_i_26_n_0
    SLICE_X110Y518       LUT3 (Prop_lut3_I1_O)        0.043     5.388 r  u_tracker/cm_h[1]_i_6/O
                         net (fo=5, routed)           0.613     6.001    u_tracker/s2_h[3][1]_344[1]
    SLICE_X105Y517       LUT4 (Prop_lut4_I1_O)        0.043     6.044 r  u_tracker/cm_i[11]_i_127/O
                         net (fo=1, routed)           0.000     6.044    u_tracker/cm_i[11]_i_127_n_0
    SLICE_X105Y517       CARRY4 (Prop_carry4_S[0]_CO[3])
                                                      0.259     6.303 r  u_tracker/cm_i_reg[11]_i_48/CO[3]
                         net (fo=1, routed)           0.000     6.303    u_tracker/cm_i_reg[11]_i_48_n_0
    SLICE_X105Y518       CARRY4 (Prop_carry4_CI_CO[3])
                                                      0.053     6.356 r  u_tracker/cm_i_reg[11]_i_9/CO[3]
                         net (fo=7, routed)           0.738     7.094    u_tracker/p_24_in
    SLICE_X103Y518       LUT2 (Prop_lut2_I0_O)        0.043     7.137 r  u_tracker/cm_j[5]_i_4/O
                         net (fo=36, routed)          0.482     7.618    u_tracker/cm_j[5]_i_4_n_0
    SLICE_X103Y519       LUT6 (Prop_lut6_I4_O)        0.043     7.661 r  u_tracker/cm_h[1]_i_2/O
                         net (fo=3, routed)           0.330     7.992    u_tracker/cm_h[1]_i_2_n_0
    SLICE_X100Y518       LUT4 (Prop_lut4_I1_O)        0.043     8.035 r  u_tracker/cm_i[15]_i_76/O
                         net (fo=1, routed)           0.000     8.035    u_tracker/cm_i[15]_i_76_n_0
    SLICE_X100Y518       CARRY4 (Prop_carry4_S[0]_CO[3])
                                                      0.259     8.294 r  u_tracker/cm_i_reg[15]_i_16/CO[3]
                         net (fo=1, routed)           0.000     8.294    u_tracker/cm_i_reg[15]_i_16_n_0
    SLICE_X100Y519       CARRY4 (Prop_carry4_CI_CO[3])
                                                      0.053     8.347 f  u_tracker/cm_i_reg[15]_i_5/CO[3]
                         net (fo=52, routed)          0.459     8.806    u_tracker/s2_h1
    SLICE_X99Y520        LUT2 (Prop_lut2_I0_O)        0.043     8.849 f  u_tracker/cm_j[7]_i_5/O
                         net (fo=19, routed)          0.160     9.009    u_tracker/cm_j[7]_i_5_n_0
    SLICE_X99Y520        LUT6 (Prop_lut6_I1_O)        0.043     9.052 r  u_tracker/cm_j[2]_i_5/O
                         net (fo=1, routed)           0.228     9.280    u_tracker/cm_j[2]_i_5_n_0
    SLICE_X99Y519        LUT6 (Prop_lut6_I5_O)        0.043     9.323 r  u_tracker/cm_j[2]_i_1/O
                         net (fo=1, routed)           0.000     9.323    u_tracker/s2_j[5][0]_348[2]
    SLICE_X99Y519        FDRE                                         r  u_tracker/cm_j_reg[2]/D
  -------------------------------------------------------------------    -------------------

                         (clock clk rise edge)        5.000     5.000 r  <hidden>
                                                      0.000     5.000 r  clk
                         net (fo=27976, unset)        0.510     5.510    u_tracker/clk
    SLICE_X99Y519        FDRE                                         r  u_tracker/cm_j_reg[2]/C
                         clock pessimism              0.000     5.510    <hidden>
                         clock uncertainty           -0.035     5.475    <hidden>
    SLICE_X99Y519        FDRE (Setup_fdre_C_D)        0.034     5.509    u_tracker/cm_j_reg[2]
  -------------------------------------------------------------------
                         required time                          5.509    <hidden>
                         arrival time                          -9.323    <hidden>
  -------------------------------------------------------------------
                         slack                                 -3.815    <hidden>

Slack (VIOLATED) :        -3.809ns  (required time - arrival time)
  Source:                 u_fsm/t_idx_reg[2]/C
                            (rising edge-triggered cell FDRE clocked by clk  {rise@0.000ns fall@2.500ns period=5.000ns})
  Destination:            u_array/g_pe[0].u_pe/F_out_reg_reg[10]/D
                            (rising edge-triggered cell FDRE clocked by clk  {rise@0.000ns fall@2.500ns period=5.000ns})
  Path Group:             clk
  Path Type:              Setup (Max at Slow Process Corner)
  Requirement:            5.000ns  (clk rise@5.000ns - clk rise@0.000ns)
  Data Path Delay:        8.781ns  (logic 2.533ns (28.846%)  route 6.248ns (71.154%))
  Logic Levels:           21  (CARRY4=7 LUT2=2 LUT3=1 LUT4=1 LUT5=2 LUT6=4 MUXF7=2 MUXF8=2)
  Clock Path Skew:        -0.027ns (DCD - SCD + CPR)
    Destination Clock Delay (DCD):    0.510ns = ( 5.510 - 5.000 ) 
    Source Clock Delay      (SCD):    0.537ns
    Clock Pessimism Removal (CPR):    0.000ns
  Clock Uncertainty:      0.035ns  ((TSJ^2 + TIJ^2)^1/2 + DJ) / 2 + PE
    Total System Jitter     (TSJ):    0.071ns
    Total Input Jitter      (TIJ):    0.000ns
    Discrete Jitter          (DJ):    0.000ns
    Phase Error              (PE):    0.000ns

    Location             Delay type                Incr(ns)  Path(ns)    Netlist Resource(s)
  -------------------------------------------------------------------    -------------------
                         (clock clk rise edge)        0.000     0.000 r  <hidden>
                                                      0.000     0.000 r  clk
                         net (fo=27976, unset)        0.537     0.537    u_fsm/clk
    SLICE_X203Y456       FDRE                                         r  u_fsm/t_idx_reg[2]/C
  -------------------------------------------------------------------    -------------------
    SLICE_X203Y456       FDRE (Prop_fdre_C_Q)         0.223     0.760 r  u_fsm/t_idx_reg[2]/Q
                         net (fo=388, routed)         0.793     1.553    u_fsm/t_idx_reg_n_0_[2]
    SLICE_X225Y453       MUXF7 (Prop_muxf7_S_O)       0.163     1.716 r  u_fsm/target_q_reg[0]_i_213/O
                         net (fo=1, routed)           0.000     1.716    u_fsm/target_q_reg[0]_i_213_n_0
    SLICE_X225Y453       MUXF8 (Prop_muxf8_I0_O)      0.045     1.761 r  u_fsm/target_q_reg[0]_i_90/O
                         net (fo=1, routed)           0.534     2.295    u_fsm/target_q_reg[0]_i_90_n_0
    SLICE_X213Y457       LUT6 (Prop_lut6_I5_O)        0.126     2.421 r  u_fsm/target_q[0]_i_29/O
                         net (fo=1, routed)           0.000     2.421    u_fsm/target_q[0]_i_29_n_0
    SLICE_X213Y457       MUXF7 (Prop_muxf7_I0_O)      0.107     2.528 r  u_fsm/target_q_reg[0]_i_14/O
                         net (fo=1, routed)           0.000     2.528    u_fsm/target_q_reg[0]_i_14_n_0
    SLICE_X213Y457       MUXF8 (Prop_muxf8_I1_O)      0.043     2.571 r  u_fsm/target_q_reg[0]_i_6/O
                         net (fo=1, routed)           0.808     3.379    u_fsm/target_q_reg[0]_i_6_n_0
    SLICE_X193Y470       LUT6 (Prop_lut6_I5_O)        0.126     3.505 r  u_fsm/target_q[0]_i_2/O
                         net (fo=1, routed)           0.178     3.684    u_fsm/target_q[0]
    SLICE_X191Y470       LUT2 (Prop_lut2_I1_O)        0.043     3.727 r  u_fsm/target_q[0]_i_1/O
                         net (fo=3, routed)           0.785     4.512    u_array/g_pe[0].u_pe/D[0]
    SLICE_X155Y470       LUT6 (Prop_lut6_I3_O)        0.043     4.555 r  u_array/g_pe[0].u_pe/H_curr_reg[3]_i_5__157/O
                         net (fo=3, routed)           0.202     4.757    u_array/g_pe[0].u_pe/query_base_reg_reg[1]_0[0]
    SLICE_X154Y471       LUT2 (Prop_lut2_I0_O)        0.043     4.800 r  u_array/g_pe[0].u_pe/H_curr_reg[3]_i_6__157/O
                         net (fo=1, routed)           0.000     4.800    u_fsm/S[1]
    SLICE_X154Y471       CARRY4 (Prop_carry4_S[3]_CO[3])
                                                      0.180     4.980 r  u_fsm/H_curr_reg_reg[3]_i_3/CO[3]
                         net (fo=1, routed)           0.000     4.980    u_fsm/H_curr_reg_reg[3]_i_3_n_0
    SLICE_X154Y472       CARRY4 (Prop_carry4_CI_CO[3])
                                                      0.054     5.034 r  u_fsm/H_curr_reg_reg[7]_i_3/CO[3]
                         net (fo=1, routed)           0.000     5.034    u_fsm/H_curr_reg_reg[7]_i_3_n_0
    SLICE_X154Y473       CARRY4 (Prop_carry4_CI_O[1])
                                                      0.165     5.199 r  u_fsm/H_curr_reg_reg[11]_i_3/O[1]
                         net (fo=8, routed)           0.441     5.640    u_fsm/H_curr_reg_reg[11]_i_3_n_6
    SLICE_X153Y472       LUT5 (Prop_lut5_I2_O)        0.125     5.765 r  u_fsm/H_curr_reg[15]_i_47/O
                         net (fo=1, routed)           0.000     5.765    u_fsm/H_curr_reg[15]_i_47_n_0
    SLICE_X153Y472       CARRY4 (Prop_carry4_S[0]_CO[3])
                                                      0.259     6.024 r  u_fsm/H_curr_reg_reg[15]_i_10/CO[3]
                         net (fo=49, routed)          0.533     6.557    u_fsm/E_reg_reg[15][0]
    SLICE_X152Y471       LUT3 (Prop_lut3_I1_O)        0.043     6.600 r  u_fsm/H_curr_reg[15]_i_4/O
                         net (fo=63, routed)          0.406     7.006    u_fsm/H_curr_reg[15]_i_4_n_0
    SLICE_X149Y471       LUT5 (Prop_lut5_I4_O)        0.043     7.049 r  u_fsm/E_reg[11]_i_5/O
                         net (fo=2, routed)           0.496     7.545    u_fsm/u_array/g_pe[0].u_pe/E_reg7[10]
    SLICE_X151Y476       CARRY4 (Prop_carry4_DI[2]_CO[3])
                                                      0.197     7.742 r  u_fsm/F_out_reg_reg[11]_i_2/CO[3]
                         net (fo=1, routed)           0.000     7.742    u_fsm/F_out_reg_reg[11]_i_2_n_0
    SLICE_X151Y477       CARRY4 (Prop_carry4_CI_O[3])
                                                      0.149     7.891 r  u_fsm/F_out_reg_reg[15]_i_2/O[3]
                         net (fo=5, routed)           0.532     8.423    u_fsm/E_reg_reg[14]_0[1]
    SLICE_X152Y479       LUT4 (Prop_lut4_I0_O)        0.120     8.543 r  u_fsm/F_out_reg[15]_i_29/O
                         net (fo=1, routed)           0.000     8.543    u_fsm/F_out_reg[15]_i_29_n_0
    SLICE_X152Y479       CARRY4 (Prop_carry4_S[3]_CO[3])
                                                      0.193     8.736 r  u_fsm/F_out_reg_reg[15]_i_5/CO[3]
                         net (fo=16, routed)          0.539     9.275    u_fsm/u_array/g_pe[0].u_pe/F_out_reg5
    SLICE_X152Y480       LUT6 (Prop_lut6_I3_O)        0.043     9.318 r  u_fsm/F_out_reg[10]_i_1/O
                         net (fo=1, routed)           0.000     9.318    u_array/g_pe[0].u_pe/F_out_reg_reg[15]_1[10]
    SLICE_X152Y480       FDRE                                         r  u_array/g_pe[0].u_pe/F_out_reg_reg[10]/D
  -------------------------------------------------------------------    -------------------

                         (clock clk rise edge)        5.000     5.000 r  <hidden>
                                                      0.000     5.000 r  clk
                         net (fo=27976, unset)        0.510     5.510    u_array/g_pe[0].u_pe/clk
    SLICE_X152Y480       FDRE                                         r  u_array/g_pe[0].u_pe/F_out_reg_reg[10]/C
                         clock pessimism              0.000     5.510    <hidden>
                         clock uncertainty           -0.035     5.475    <hidden>
    SLICE_X152Y480       FDRE (Setup_fdre_C_D)        0.034     5.509    u_array/g_pe[0].u_pe/F_out_reg_reg[10]
  -------------------------------------------------------------------
                         required time                          5.509    <hidden>
                         arrival time                          -9.318    <hidden>
  -------------------------------------------------------------------
                         slack                                 -3.809    <hidden>

Slack (VIOLATED) :        -3.802ns  (required time - arrival time)
  Source:                 u_fsm/t_idx_reg[2]/C
                            (rising edge-triggered cell FDRE clocked by clk  {rise@0.000ns fall@2.500ns period=5.000ns})
  Destination:            u_array/g_pe[0].u_pe/E_reg_reg[13]/D
                            (rising edge-triggered cell FDRE clocked by clk  {rise@0.000ns fall@2.500ns period=5.000ns})
  Path Group:             clk
  Path Type:              Setup (Max at Slow Process Corner)
  Requirement:            5.000ns  (clk rise@5.000ns - clk rise@0.000ns)
  Data Path Delay:        8.804ns  (logic 2.592ns (29.440%)  route 6.212ns (70.560%))
  Logic Levels:           21  (CARRY4=7 LUT2=3 LUT3=1 LUT5=2 LUT6=4 MUXF7=2 MUXF8=2)
  Clock Path Skew:        -0.027ns (DCD - SCD + CPR)
    Destination Clock Delay (DCD):    0.510ns = ( 5.510 - 5.000 ) 
    Source Clock Delay      (SCD):    0.537ns
    Clock Pessimism Removal (CPR):    0.000ns
  Clock Uncertainty:      0.035ns  ((TSJ^2 + TIJ^2)^1/2 + DJ) / 2 + PE
    Total System Jitter     (TSJ):    0.071ns
    Total Input Jitter      (TIJ):    0.000ns
    Discrete Jitter          (DJ):    0.000ns
    Phase Error              (PE):    0.000ns

    Location             Delay type                Incr(ns)  Path(ns)    Netlist Resource(s)
  -------------------------------------------------------------------    -------------------
                         (clock clk rise edge)        0.000     0.000 r  <hidden>
                                                      0.000     0.000 r  clk
                         net (fo=27976, unset)        0.537     0.537    u_fsm/clk
    SLICE_X203Y456       FDRE                                         r  u_fsm/t_idx_reg[2]/C
  -------------------------------------------------------------------    -------------------
    SLICE_X203Y456       FDRE (Prop_fdre_C_Q)         0.223     0.760 r  u_fsm/t_idx_reg[2]/Q
                         net (fo=388, routed)         0.793     1.553    u_fsm/t_idx_reg_n_0_[2]
    SLICE_X225Y453       MUXF7 (Prop_muxf7_S_O)       0.163     1.716 r  u_fsm/target_q_reg[0]_i_213/O
                         net (fo=1, routed)           0.000     1.716    u_fsm/target_q_reg[0]_i_213_n_0
    SLICE_X225Y453       MUXF8 (Prop_muxf8_I0_O)      0.045     1.761 r  u_fsm/target_q_reg[0]_i_90/O
                         net (fo=1, routed)           0.534     2.295    u_fsm/target_q_reg[0]_i_90_n_0
    SLICE_X213Y457       LUT6 (Prop_lut6_I5_O)        0.126     2.421 r  u_fsm/target_q[0]_i_29/O
                         net (fo=1, routed)           0.000     2.421    u_fsm/target_q[0]_i_29_n_0
    SLICE_X213Y457       MUXF7 (Prop_muxf7_I0_O)      0.107     2.528 r  u_fsm/target_q_reg[0]_i_14/O
                         net (fo=1, routed)           0.000     2.528    u_fsm/target_q_reg[0]_i_14_n_0
    SLICE_X213Y457       MUXF8 (Prop_muxf8_I1_O)      0.043     2.571 r  u_fsm/target_q_reg[0]_i_6/O
                         net (fo=1, routed)           0.808     3.379    u_fsm/target_q_reg[0]_i_6_n_0
    SLICE_X193Y470       LUT6 (Prop_lut6_I5_O)        0.126     3.505 r  u_fsm/target_q[0]_i_2/O
                         net (fo=1, routed)           0.178     3.684    u_fsm/target_q[0]
    SLICE_X191Y470       LUT2 (Prop_lut2_I1_O)        0.043     3.727 r  u_fsm/target_q[0]_i_1/O
                         net (fo=3, routed)           0.785     4.512    u_array/g_pe[0].u_pe/D[0]
    SLICE_X155Y470       LUT6 (Prop_lut6_I3_O)        0.043     4.555 r  u_array/g_pe[0].u_pe/H_curr_reg[3]_i_5__157/O
                         net (fo=3, routed)           0.202     4.757    u_array/g_pe[0].u_pe/query_base_reg_reg[1]_0[0]
    SLICE_X154Y471       LUT2 (Prop_lut2_I0_O)        0.043     4.800 r  u_array/g_pe[0].u_pe/H_curr_reg[3]_i_6__157/O
                         net (fo=1, routed)           0.000     4.800    u_fsm/S[1]
    SLICE_X154Y471       CARRY4 (Prop_carry4_S[3]_CO[3])
                                                      0.180     4.980 r  u_fsm/H_curr_reg_reg[3]_i_3/CO[3]
                         net (fo=1, routed)           0.000     4.980    u_fsm/H_curr_reg_reg[3]_i_3_n_0
    SLICE_X154Y472       CARRY4 (Prop_carry4_CI_CO[3])
                                                      0.054     5.034 r  u_fsm/H_curr_reg_reg[7]_i_3/CO[3]
                         net (fo=1, routed)           0.000     5.034    u_fsm/H_curr_reg_reg[7]_i_3_n_0
    SLICE_X154Y473       CARRY4 (Prop_carry4_CI_O[1])
                                                      0.165     5.199 r  u_fsm/H_curr_reg_reg[11]_i_3/O[1]
                         net (fo=8, routed)           0.441     5.640    u_fsm/H_curr_reg_reg[11]_i_3_n_6
    SLICE_X153Y472       LUT5 (Prop_lut5_I2_O)        0.125     5.765 r  u_fsm/H_curr_reg[15]_i_47/O
                         net (fo=1, routed)           0.000     5.765    u_fsm/H_curr_reg[15]_i_47_n_0
    SLICE_X153Y472       CARRY4 (Prop_carry4_S[0]_CO[3])
                                                      0.259     6.024 r  u_fsm/H_curr_reg_reg[15]_i_10/CO[3]
                         net (fo=49, routed)          0.533     6.557    u_fsm/E_reg_reg[15][0]
    SLICE_X152Y471       LUT3 (Prop_lut3_I1_O)        0.043     6.600 r  u_fsm/H_curr_reg[15]_i_4/O
                         net (fo=63, routed)          0.248     6.848    u_fsm/H_curr_reg[15]_i_4_n_0
    SLICE_X152Y472       LUT5 (Prop_lut5_I4_O)        0.043     6.891 r  u_fsm/E_reg[11]_i_7/O
                         net (fo=2, routed)           0.517     7.408    u_fsm/u_array/g_pe[0].u_pe/E_reg7[8]
    SLICE_X149Y475       CARRY4 (Prop_carry4_DI[0]_CO[3])
                                                      0.269     7.677 r  u_fsm/E_reg_reg[11]_i_2/CO[3]
                         net (fo=1, routed)           0.000     7.677    u_fsm/E_reg_reg[11]_i_2_n_0
    SLICE_X149Y476       CARRY4 (Prop_carry4_CI_O[3])
                                                      0.149     7.826 f  u_fsm/E_reg_reg[15]_i_3/O[3]
                         net (fo=5, routed)           0.542     8.368    u_fsm/E_reg_reg[14][1]
    SLICE_X150Y473       LUT2 (Prop_lut2_I1_O)        0.120     8.488 r  u_fsm/E_reg[15]_i_21/O
                         net (fo=1, routed)           0.000     8.488    u_fsm/E_reg[15]_i_21_n_0
    SLICE_X150Y473       CARRY4 (Prop_carry4_S[3]_CO[3])
                                                      0.180     8.668 r  u_fsm/E_reg_reg[15]_i_4/CO[3]
                         net (fo=16, routed)          0.630     9.298    u_fsm/E_reg_reg[15]_i_4_n_0
    SLICE_X150Y477       LUT6 (Prop_lut6_I1_O)        0.043     9.341 r  u_fsm/E_reg[13]_i_1/O
                         net (fo=1, routed)           0.000     9.341    u_array/g_pe[0].u_pe/E_reg_reg[15]_2[13]
    SLICE_X150Y477       FDRE                                         r  u_array/g_pe[0].u_pe/E_reg_reg[13]/D
  -------------------------------------------------------------------    -------------------

                         (clock clk rise edge)        5.000     5.000 r  <hidden>
                                                      0.000     5.000 r  clk
                         net (fo=27976, unset)        0.510     5.510    u_array/g_pe[0].u_pe/clk
    SLICE_X150Y477       FDRE                                         r  u_array/g_pe[0].u_pe/E_reg_reg[13]/C
                         clock pessimism              0.000     5.510    <hidden>
                         clock uncertainty           -0.035     5.475    <hidden>
    SLICE_X150Y477       FDRE (Setup_fdre_C_D)        0.064     5.539    u_array/g_pe[0].u_pe/E_reg_reg[13]
  -------------------------------------------------------------------
                         required time                          5.539    <hidden>
                         arrival time                          -9.341    <hidden>
  -------------------------------------------------------------------
                         slack                                 -3.802    <hidden>

Slack (VIOLATED) :        -3.794ns  (required time - arrival time)
  Source:                 u_fsm/t_idx_reg[2]/C
                            (rising edge-triggered cell FDRE clocked by clk  {rise@0.000ns fall@2.500ns period=5.000ns})
  Destination:            u_array/g_pe[0].u_pe/E_reg_reg[6]/D
                            (rising edge-triggered cell FDRE clocked by clk  {rise@0.000ns fall@2.500ns period=5.000ns})
  Path Group:             clk
  Path Type:              Setup (Max at Slow Process Corner)
  Requirement:            5.000ns  (clk rise@5.000ns - clk rise@0.000ns)
  Data Path Delay:        8.766ns  (logic 2.592ns (29.570%)  route 6.174ns (70.430%))
  Logic Levels:           21  (CARRY4=7 LUT2=3 LUT3=1 LUT5=2 LUT6=4 MUXF7=2 MUXF8=2)
  Clock Path Skew:        -0.027ns (DCD - SCD + CPR)
    Destination Clock Delay (DCD):    0.510ns = ( 5.510 - 5.000 ) 
    Source Clock Delay      (SCD):    0.537ns
    Clock Pessimism Removal (CPR):    0.000ns
  Clock Uncertainty:      0.035ns  ((TSJ^2 + TIJ^2)^1/2 + DJ) / 2 + PE
    Total System Jitter     (TSJ):    0.071ns
    Total Input Jitter      (TIJ):    0.000ns
    Discrete Jitter          (DJ):    0.000ns
    Phase Error              (PE):    0.000ns

    Location             Delay type                Incr(ns)  Path(ns)    Netlist Resource(s)
  -------------------------------------------------------------------    -------------------
                         (clock clk rise edge)        0.000     0.000 r  <hidden>
                                                      0.000     0.000 r  clk
                         net (fo=27976, unset)        0.537     0.537    u_fsm/clk
    SLICE_X203Y456       FDRE                                         r  u_fsm/t_idx_reg[2]/C
  -------------------------------------------------------------------    -------------------
    SLICE_X203Y456       FDRE (Prop_fdre_C_Q)         0.223     0.760 r  u_fsm/t_idx_reg[2]/Q
                         net (fo=388, routed)         0.793     1.553    u_fsm/t_idx_reg_n_0_[2]
    SLICE_X225Y453       MUXF7 (Prop_muxf7_S_O)       0.163     1.716 r  u_fsm/target_q_reg[0]_i_213/O
                         net (fo=1, routed)           0.000     1.716    u_fsm/target_q_reg[0]_i_213_n_0
    SLICE_X225Y453       MUXF8 (Prop_muxf8_I0_O)      0.045     1.761 r  u_fsm/target_q_reg[0]_i_90/O
                         net (fo=1, routed)           0.534     2.295    u_fsm/target_q_reg[0]_i_90_n_0
    SLICE_X213Y457       LUT6 (Prop_lut6_I5_O)        0.126     2.421 r  u_fsm/target_q[0]_i_29/O
                         net (fo=1, routed)           0.000     2.421    u_fsm/target_q[0]_i_29_n_0
    SLICE_X213Y457       MUXF7 (Prop_muxf7_I0_O)      0.107     2.528 r  u_fsm/target_q_reg[0]_i_14/O
                         net (fo=1, routed)           0.000     2.528    u_fsm/target_q_reg[0]_i_14_n_0
    SLICE_X213Y457       MUXF8 (Prop_muxf8_I1_O)      0.043     2.571 r  u_fsm/target_q_reg[0]_i_6/O
                         net (fo=1, routed)           0.808     3.379    u_fsm/target_q_reg[0]_i_6_n_0
    SLICE_X193Y470       LUT6 (Prop_lut6_I5_O)        0.126     3.505 r  u_fsm/target_q[0]_i_2/O
                         net (fo=1, routed)           0.178     3.684    u_fsm/target_q[0]
    SLICE_X191Y470       LUT2 (Prop_lut2_I1_O)        0.043     3.727 r  u_fsm/target_q[0]_i_1/O
                         net (fo=3, routed)           0.785     4.512    u_array/g_pe[0].u_pe/D[0]
    SLICE_X155Y470       LUT6 (Prop_lut6_I3_O)        0.043     4.555 r  u_array/g_pe[0].u_pe/H_curr_reg[3]_i_5__157/O
                         net (fo=3, routed)           0.202     4.757    u_array/g_pe[0].u_pe/query_base_reg_reg[1]_0[0]
    SLICE_X154Y471       LUT2 (Prop_lut2_I0_O)        0.043     4.800 r  u_array/g_pe[0].u_pe/H_curr_reg[3]_i_6__157/O
                         net (fo=1, routed)           0.000     4.800    u_fsm/S[1]
    SLICE_X154Y471       CARRY4 (Prop_carry4_S[3]_CO[3])
                                                      0.180     4.980 r  u_fsm/H_curr_reg_reg[3]_i_3/CO[3]
                         net (fo=1, routed)           0.000     4.980    u_fsm/H_curr_reg_reg[3]_i_3_n_0
    SLICE_X154Y472       CARRY4 (Prop_carry4_CI_CO[3])
                                                      0.054     5.034 r  u_fsm/H_curr_reg_reg[7]_i_3/CO[3]
                         net (fo=1, routed)           0.000     5.034    u_fsm/H_curr_reg_reg[7]_i_3_n_0
    SLICE_X154Y473       CARRY4 (Prop_carry4_CI_O[1])
                                                      0.165     5.199 r  u_fsm/H_curr_reg_reg[11]_i_3/O[1]
                         net (fo=8, routed)           0.441     5.640    u_fsm/H_curr_reg_reg[11]_i_3_n_6
    SLICE_X153Y472       LUT5 (Prop_lut5_I2_O)        0.125     5.765 r  u_fsm/H_curr_reg[15]_i_47/O
                         net (fo=1, routed)           0.000     5.765    u_fsm/H_curr_reg[15]_i_47_n_0
    SLICE_X153Y472       CARRY4 (Prop_carry4_S[0]_CO[3])
                                                      0.259     6.024 r  u_fsm/H_curr_reg_reg[15]_i_10/CO[3]
                         net (fo=49, routed)          0.533     6.557    u_fsm/E_reg_reg[15][0]
    SLICE_X152Y471       LUT3 (Prop_lut3_I1_O)        0.043     6.600 r  u_fsm/H_curr_reg[15]_i_4/O
                         net (fo=63, routed)          0.248     6.848    u_fsm/H_curr_reg[15]_i_4_n_0
    SLICE_X152Y472       LUT5 (Prop_lut5_I4_O)        0.043     6.891 r  u_fsm/E_reg[11]_i_7/O
                         net (fo=2, routed)           0.517     7.408    u_fsm/u_array/g_pe[0].u_pe/E_reg7[8]
    SLICE_X149Y475       CARRY4 (Prop_carry4_DI[0]_CO[3])
                                                      0.269     7.677 r  u_fsm/E_reg_reg[11]_i_2/CO[3]
                         net (fo=1, routed)           0.000     7.677    u_fsm/E_reg_reg[11]_i_2_n_0
    SLICE_X149Y476       CARRY4 (Prop_carry4_CI_O[3])
                                                      0.149     7.826 f  u_fsm/E_reg_reg[15]_i_3/O[3]
                         net (fo=5, routed)           0.542     8.368    u_fsm/E_reg_reg[14][1]
    SLICE_X150Y473       LUT2 (Prop_lut2_I1_O)        0.120     8.488 r  u_fsm/E_reg[15]_i_21/O
                         net (fo=1, routed)           0.000     8.488    u_fsm/E_reg[15]_i_21_n_0
    SLICE_X150Y473       CARRY4 (Prop_carry4_S[3]_CO[3])
                                                      0.180     8.668 r  u_fsm/E_reg_reg[15]_i_4/CO[3]
                         net (fo=16, routed)          0.591     9.260    u_fsm/E_reg_reg[15]_i_4_n_0
    SLICE_X149Y477       LUT6 (Prop_lut6_I1_O)        0.043     9.303 r  u_fsm/E_reg[6]_i_1/O
                         net (fo=1, routed)           0.000     9.303    u_array/g_pe[0].u_pe/E_reg_reg[15]_2[6]
    SLICE_X149Y477       FDRE                                         r  u_array/g_pe[0].u_pe/E_reg_reg[6]/D
  -------------------------------------------------------------------    -------------------

                         (clock clk rise edge)        5.000     5.000 r  <hidden>
                                                      0.000     5.000 r  clk
                         net (fo=27976, unset)        0.510     5.510    u_array/g_pe[0].u_pe/clk
    SLICE_X149Y477       FDRE                                         r  u_array/g_pe[0].u_pe/E_reg_reg[6]/C
                         clock pessimism              0.000     5.510    <hidden>
                         clock uncertainty           -0.035     5.475    <hidden>
    SLICE_X149Y477       FDRE (Setup_fdre_C_D)        0.034     5.509    u_array/g_pe[0].u_pe/E_reg_reg[6]
  -------------------------------------------------------------------
                         required time                          5.509    <hidden>
                         arrival time                          -9.303    <hidden>
  -------------------------------------------------------------------
                         slack                                 -3.794    <hidden>

Slack (VIOLATED) :        -3.788ns  (required time - arrival time)
  Source:                 u_fsm/t_idx_reg[2]/C
                            (rising edge-triggered cell FDRE clocked by clk  {rise@0.000ns fall@2.500ns period=5.000ns})
  Destination:            u_array/g_pe[0].u_pe/F_out_reg_reg[7]/D
                            (rising edge-triggered cell FDRE clocked by clk  {rise@0.000ns fall@2.500ns period=5.000ns})
  Path Group:             clk
  Path Type:              Setup (Max at Slow Process Corner)
  Requirement:            5.000ns  (clk rise@5.000ns - clk rise@0.000ns)
  Data Path Delay:        8.759ns  (logic 2.497ns (28.507%)  route 6.262ns (71.493%))
  Logic Levels:           21  (CARRY4=7 LUT2=3 LUT3=1 LUT5=2 LUT6=4 MUXF7=2 MUXF8=2)
  Clock Path Skew:        -0.027ns (DCD - SCD + CPR)
    Destination Clock Delay (DCD):    0.510ns = ( 5.510 - 5.000 ) 
    Source Clock Delay      (SCD):    0.537ns
    Clock Pessimism Removal (CPR):    0.000ns
  Clock Uncertainty:      0.035ns  ((TSJ^2 + TIJ^2)^1/2 + DJ) / 2 + PE
    Total System Jitter     (TSJ):    0.071ns
    Total Input Jitter      (TIJ):    0.000ns
    Discrete Jitter          (DJ):    0.000ns
    Phase Error              (PE):    0.000ns

    Location             Delay type                Incr(ns)  Path(ns)    Netlist Resource(s)
  -------------------------------------------------------------------    -------------------
                         (clock clk rise edge)        0.000     0.000 r  <hidden>
                                                      0.000     0.000 r  clk
                         net (fo=27976, unset)        0.537     0.537    u_fsm/clk
    SLICE_X203Y456       FDRE                                         r  u_fsm/t_idx_reg[2]/C
  -------------------------------------------------------------------    -------------------
    SLICE_X203Y456       FDRE (Prop_fdre_C_Q)         0.223     0.760 r  u_fsm/t_idx_reg[2]/Q
                         net (fo=388, routed)         0.793     1.553    u_fsm/t_idx_reg_n_0_[2]
    SLICE_X225Y453       MUXF7 (Prop_muxf7_S_O)       0.163     1.716 r  u_fsm/target_q_reg[0]_i_213/O
                         net (fo=1, routed)           0.000     1.716    u_fsm/target_q_reg[0]_i_213_n_0
    SLICE_X225Y453       MUXF8 (Prop_muxf8_I0_O)      0.045     1.761 r  u_fsm/target_q_reg[0]_i_90/O
                         net (fo=1, routed)           0.534     2.295    u_fsm/target_q_reg[0]_i_90_n_0
    SLICE_X213Y457       LUT6 (Prop_lut6_I5_O)        0.126     2.421 r  u_fsm/target_q[0]_i_29/O
                         net (fo=1, routed)           0.000     2.421    u_fsm/target_q[0]_i_29_n_0
    SLICE_X213Y457       MUXF7 (Prop_muxf7_I0_O)      0.107     2.528 r  u_fsm/target_q_reg[0]_i_14/O
                         net (fo=1, routed)           0.000     2.528    u_fsm/target_q_reg[0]_i_14_n_0
    SLICE_X213Y457       MUXF8 (Prop_muxf8_I1_O)      0.043     2.571 r  u_fsm/target_q_reg[0]_i_6/O
                         net (fo=1, routed)           0.808     3.379    u_fsm/target_q_reg[0]_i_6_n_0
    SLICE_X193Y470       LUT6 (Prop_lut6_I5_O)        0.126     3.505 r  u_fsm/target_q[0]_i_2/O
                         net (fo=1, routed)           0.178     3.684    u_fsm/target_q[0]
    SLICE_X191Y470       LUT2 (Prop_lut2_I1_O)        0.043     3.727 r  u_fsm/target_q[0]_i_1/O
                         net (fo=3, routed)           0.785     4.512    u_array/g_pe[0].u_pe/D[0]
    SLICE_X155Y470       LUT6 (Prop_lut6_I3_O)        0.043     4.555 r  u_array/g_pe[0].u_pe/H_curr_reg[3]_i_5__157/O
                         net (fo=3, routed)           0.202     4.757    u_array/g_pe[0].u_pe/query_base_reg_reg[1]_0[0]
    SLICE_X154Y471       LUT2 (Prop_lut2_I0_O)        0.043     4.800 r  u_array/g_pe[0].u_pe/H_curr_reg[3]_i_6__157/O
                         net (fo=1, routed)           0.000     4.800    u_fsm/S[1]
    SLICE_X154Y471       CARRY4 (Prop_carry4_S[3]_CO[3])
                                                      0.180     4.980 r  u_fsm/H_curr_reg_reg[3]_i_3/CO[3]
                         net (fo=1, routed)           0.000     4.980    u_fsm/H_curr_reg_reg[3]_i_3_n_0
    SLICE_X154Y472       CARRY4 (Prop_carry4_CI_CO[3])
                                                      0.054     5.034 r  u_fsm/H_curr_reg_reg[7]_i_3/CO[3]
                         net (fo=1, routed)           0.000     5.034    u_fsm/H_curr_reg_reg[7]_i_3_n_0
    SLICE_X154Y473       CARRY4 (Prop_carry4_CI_O[1])
                                                      0.165     5.199 r  u_fsm/H_curr_reg_reg[11]_i_3/O[1]
                         net (fo=8, routed)           0.441     5.640    u_fsm/H_curr_reg_reg[11]_i_3_n_6
    SLICE_X153Y472       LUT5 (Prop_lut5_I2_O)        0.125     5.765 r  u_fsm/H_curr_reg[15]_i_47/O
                         net (fo=1, routed)           0.000     5.765    u_fsm/H_curr_reg[15]_i_47_n_0
    SLICE_X153Y472       CARRY4 (Prop_carry4_S[0]_CO[3])
                                                      0.259     6.024 r  u_fsm/H_curr_reg_reg[15]_i_10/CO[3]
                         net (fo=49, routed)          0.533     6.557    u_fsm/E_reg_reg[15][0]
    SLICE_X152Y471       LUT3 (Prop_lut3_I1_O)        0.043     6.600 r  u_fsm/H_curr_reg[15]_i_4/O
                         net (fo=63, routed)          0.406     7.006    u_fsm/H_curr_reg[15]_i_4_n_0
    SLICE_X149Y471       LUT5 (Prop_lut5_I4_O)        0.043     7.049 r  u_fsm/E_reg[11]_i_5/O
                         net (fo=2, routed)           0.496     7.545    u_fsm/u_array/g_pe[0].u_pe/E_reg7[10]
    SLICE_X151Y476       CARRY4 (Prop_carry4_DI[2]_CO[3])
                                                      0.197     7.742 r  u_fsm/F_out_reg_reg[11]_i_2/CO[3]
                         net (fo=1, routed)           0.000     7.742    u_fsm/F_out_reg_reg[11]_i_2_n_0
    SLICE_X151Y477       CARRY4 (Prop_carry4_CI_O[2])
                                                      0.111     7.853 f  u_fsm/F_out_reg_reg[15]_i_2/O[2]
                         net (fo=5, routed)           0.469     8.323    u_fsm/E_reg_reg[14]_0[0]
    SLICE_X151Y480       LUT2 (Prop_lut2_I0_O)        0.122     8.445 r  u_fsm/F_out_reg[15]_i_16/O
                         net (fo=1, routed)           0.000     8.445    u_fsm/F_out_reg[15]_i_16_n_0
    SLICE_X151Y480       CARRY4 (Prop_carry4_S[3]_CO[3])
                                                      0.193     8.638 r  u_fsm/F_out_reg_reg[15]_i_3/CO[3]
                         net (fo=16, routed)          0.616     9.253    u_fsm/F_out_reg_reg[15]_i_3_n_0
    SLICE_X152Y480       LUT6 (Prop_lut6_I1_O)        0.043     9.296 r  u_fsm/F_out_reg[7]_i_1/O
                         net (fo=1, routed)           0.000     9.296    u_array/g_pe[0].u_pe/F_out_reg_reg[15]_1[7]
    SLICE_X152Y480       FDRE                                         r  u_array/g_pe[0].u_pe/F_out_reg_reg[7]/D
  -------------------------------------------------------------------    -------------------

                         (clock clk rise edge)        5.000     5.000 r  <hidden>
                                                      0.000     5.000 r  clk
                         net (fo=27976, unset)        0.510     5.510    u_array/g_pe[0].u_pe/clk
    SLICE_X152Y480       FDRE                                         r  u_array/g_pe[0].u_pe/F_out_reg_reg[7]/C
                         clock pessimism              0.000     5.510    <hidden>
                         clock uncertainty           -0.035     5.475    <hidden>
    SLICE_X152Y480       FDRE (Setup_fdre_C_D)        0.034     5.509    u_array/g_pe[0].u_pe/F_out_reg_reg[7]
  -------------------------------------------------------------------
                         required time                          5.509    <hidden>
                         arrival time                          -9.296    <hidden>
  -------------------------------------------------------------------
                         slack                                 -3.788    <hidden>





Pulse Width Checks
--------------------------------------------------------------------------------------
Clock Name:         clk
Waveform(ns):       { 0.000 2.500 }
Period(ns):         5.000
Sources:            { clk }

Check Type        Corner  Lib Pin  Reference Pin  Required(ns)  Actual(ns)  Slack(ns)  Location        Pin
Min Period        n/a     FDRE/C   n/a            0.750         5.000       4.250      SLICE_X110Y487  u_array/g_pe[0].u_pe/H_prev_reg_reg[3]/C
Min Period        n/a     FDRE/C   n/a            0.750         5.000       4.250      SLICE_X110Y487  u_array/g_pe[0].u_pe/H_prev_reg_reg[6]/C
Min Period        n/a     FDRE/C   n/a            0.750         5.000       4.250      SLICE_X110Y487  u_array/g_pe[0].u_pe/H_prev_reg_reg[7]/C
Min Period        n/a     FDRE/C   n/a            0.750         5.000       4.250      SLICE_X44Y471   u_array/g_pe[0].u_pe/e_del_reg_reg[0]/C
Min Period        n/a     FDRE/C   n/a            0.750         5.000       4.250      SLICE_X156Y472  u_array/g_pe[0].u_pe/query_base_reg_reg[1]/C
Min Period        n/a     FDRE/C   n/a            0.750         5.000       4.250      SLICE_X175Y518  u_array/g_pe[100].u_pe/H_prev_reg_reg[9]/C
Min Period        n/a     FDRE/C   n/a            0.750         5.000       4.250      SLICE_X172Y514  u_array/g_pe[100].u_pe/query_base_reg_reg[1]/C
Min Period        n/a     FDRE/C   n/a            0.750         5.000       4.250      SLICE_X166Y521  u_array/g_pe[101].u_pe/H_prev_reg_reg[8]/C
Min Period        n/a     FDRE/C   n/a            0.750         5.000       4.250      SLICE_X175Y513  u_array/g_pe[101].u_pe/query_base_reg_reg[2]/C
Min Period        n/a     FDRE/C   n/a            0.750         5.000       4.250      SLICE_X169Y521  u_array/g_pe[102].u_pe/query_base_reg_reg[2]/C
Min Period        n/a     FDRE/C   n/a            0.750         5.000       4.250      SLICE_X171Y516  u_array/g_pe[103].u_pe/query_base_reg_reg[2]/C
Min Period        n/a     FDRE/C   n/a            0.750         5.000       4.250      SLICE_X165Y510  u_array/g_pe[104].u_pe/query_base_reg_reg[1]/C
Min Period        n/a     FDRE/C   n/a            0.750         5.000       4.250      SLICE_X163Y508  u_array/g_pe[105].u_pe/query_base_reg_reg[2]/C
Min Period        n/a     FDRE/C   n/a            0.750         5.000       4.250      SLICE_X165Y507  u_array/g_pe[106].u_pe/query_base_reg_reg[1]/C
Min Period        n/a     FDRE/C   n/a            0.750         5.000       4.250      SLICE_X175Y504  u_array/g_pe[107].u_pe/query_base_reg_reg[2]/C
Min Period        n/a     FDRE/C   n/a            0.750         5.000       4.250      SLICE_X188Y498  u_array/g_pe[108].u_pe/query_base_reg_reg[1]/C
Min Period        n/a     FDRE/C   n/a            0.750         5.000       4.250      SLICE_X173Y492  u_array/g_pe[109].u_pe/query_base_reg_reg[2]/C
Min Period        n/a     FDRE/C   n/a            0.750         5.000       4.250      SLICE_X54Y493   u_array/g_pe[10].u_pe/query_base_reg_reg[2]/C
Min Period        n/a     FDRE/C   n/a            0.750         5.000       4.250      SLICE_X166Y497  u_array/g_pe[110].u_pe/query_base_reg_reg[1]/C
Min Period        n/a     FDRE/C   n/a            0.750         5.000       4.250      SLICE_X153Y498  u_array/g_pe[111].u_pe/query_base_reg_reg[2]/C
Low Pulse Width   Slow    FDRE/C   n/a            0.400         2.500       2.100      SLICE_X110Y487  u_array/g_pe[0].u_pe/H_prev_reg_reg[3]/C
Low Pulse Width   Fast    FDRE/C   n/a            0.400         2.500       2.100      SLICE_X110Y487  u_array/g_pe[0].u_pe/H_prev_reg_reg[3]/C
Low Pulse Width   Slow    FDRE/C   n/a            0.400         2.500       2.100      SLICE_X110Y487  u_array/g_pe[0].u_pe/H_prev_reg_reg[6]/C
Low Pulse Width   Fast    FDRE/C   n/a            0.400         2.500       2.100      SLICE_X110Y487  u_array/g_pe[0].u_pe/H_prev_reg_reg[6]/C
Low Pulse Width   Slow    FDRE/C   n/a            0.400         2.500       2.100      SLICE_X110Y487  u_array/g_pe[0].u_pe/H_prev_reg_reg[7]/C
Low Pulse Width   Fast    FDRE/C   n/a            0.400         2.500       2.100      SLICE_X110Y487  u_array/g_pe[0].u_pe/H_prev_reg_reg[7]/C
Low Pulse Width   Slow    FDRE/C   n/a            0.400         2.500       2.100      SLICE_X44Y471   u_array/g_pe[0].u_pe/e_del_reg_reg[0]/C
Low Pulse Width   Fast    FDRE/C   n/a            0.400         2.500       2.100      SLICE_X44Y471   u_array/g_pe[0].u_pe/e_del_reg_reg[0]/C
Low Pulse Width   Slow    FDRE/C   n/a            0.400         2.500       2.100      SLICE_X156Y472  u_array/g_pe[0].u_pe/query_base_reg_reg[1]/C
Low Pulse Width   Fast    FDRE/C   n/a            0.400         2.500       2.100      SLICE_X156Y472  u_array/g_pe[0].u_pe/query_base_reg_reg[1]/C
Low Pulse Width   Slow    FDRE/C   n/a            0.400         2.500       2.100      SLICE_X175Y518  u_array/g_pe[100].u_pe/H_prev_reg_reg[9]/C
Low Pulse Width   Fast    FDRE/C   n/a            0.400         2.500       2.100      SLICE_X175Y518  u_array/g_pe[100].u_pe/H_prev_reg_reg[9]/C
Low Pulse Width   Slow    FDRE/C   n/a            0.400         2.500       2.100      SLICE_X172Y514  u_array/g_pe[100].u_pe/query_base_reg_reg[1]/C
Low Pulse Width   Fast    FDRE/C   n/a            0.400         2.500       2.100      SLICE_X172Y514  u_array/g_pe[100].u_pe/query_base_reg_reg[1]/C
Low Pulse Width   Slow    FDRE/C   n/a            0.400         2.500       2.100      SLICE_X166Y521  u_array/g_pe[101].u_pe/H_prev_reg_reg[8]/C
Low Pulse Width   Fast    FDRE/C   n/a            0.400         2.500       2.100      SLICE_X166Y521  u_array/g_pe[101].u_pe/H_prev_reg_reg[8]/C
Low Pulse Width   Slow    FDRE/C   n/a            0.400         2.500       2.100      SLICE_X175Y513  u_array/g_pe[101].u_pe/query_base_reg_reg[2]/C
Low Pulse Width   Fast    FDRE/C   n/a            0.400         2.500       2.100      SLICE_X175Y513  u_array/g_pe[101].u_pe/query_base_reg_reg[2]/C
Low Pulse Width   Slow    FDRE/C   n/a            0.400         2.500       2.100      SLICE_X169Y521  u_array/g_pe[102].u_pe/query_base_reg_reg[2]/C
Low Pulse Width   Fast    FDRE/C   n/a            0.400         2.500       2.100      SLICE_X169Y521  u_array/g_pe[102].u_pe/query_base_reg_reg[2]/C
High Pulse Width  Slow    FDRE/C   n/a            0.350         2.500       2.150      SLICE_X151Y473  u_array/g_pe[0].u_pe/E_reg_reg[0]/C
High Pulse Width  Fast    FDRE/C   n/a            0.350         2.500       2.150      SLICE_X151Y473  u_array/g_pe[0].u_pe/E_reg_reg[0]/C
High Pulse Width  Slow    FDRE/C   n/a            0.350         2.500       2.150      SLICE_X151Y473  u_array/g_pe[0].u_pe/E_reg_reg[10]/C
High Pulse Width  Fast    FDRE/C   n/a            0.350         2.500       2.150      SLICE_X151Y473  u_array/g_pe[0].u_pe/E_reg_reg[10]/C
High Pulse Width  Slow    FDRE/C   n/a            0.350         2.500       2.150      SLICE_X151Y473  u_array/g_pe[0].u_pe/E_reg_reg[11]/C
High Pulse Width  Fast    FDRE/C   n/a            0.350         2.500       2.150      SLICE_X151Y473  u_array/g_pe[0].u_pe/E_reg_reg[11]/C
High Pulse Width  Slow    FDRE/C   n/a            0.350         2.500       2.150      SLICE_X150Y474  u_array/g_pe[0].u_pe/E_reg_reg[12]/C
High Pulse Width  Fast    FDRE/C   n/a            0.350         2.500       2.150      SLICE_X150Y474  u_array/g_pe[0].u_pe/E_reg_reg[12]/C
High Pulse Width  Slow    FDRE/C   n/a            0.350         2.500       2.150      SLICE_X150Y477  u_array/g_pe[0].u_pe/E_reg_reg[13]/C
High Pulse Width  Fast    FDRE/C   n/a            0.350         2.500       2.150      SLICE_X150Y477  u_array/g_pe[0].u_pe/E_reg_reg[13]/C
High Pulse Width  Slow    FDRE/C   n/a            0.350         2.500       2.150      SLICE_X150Y474  u_array/g_pe[0].u_pe/E_reg_reg[14]/C
High Pulse Width  Fast    FDRE/C   n/a            0.350         2.500       2.150      SLICE_X150Y474  u_array/g_pe[0].u_pe/E_reg_reg[14]/C
High Pulse Width  Slow    FDRE/C   n/a            0.350         2.500       2.150      SLICE_X150Y474  u_array/g_pe[0].u_pe/E_reg_reg[15]/C
High Pulse Width  Fast    FDRE/C   n/a            0.350         2.500       2.150      SLICE_X150Y474  u_array/g_pe[0].u_pe/E_reg_reg[15]/C
High Pulse Width  Slow    FDRE/C   n/a            0.350         2.500       2.150      SLICE_X151Y473  u_array/g_pe[0].u_pe/E_reg_reg[1]/C
High Pulse Width  Fast    FDRE/C   n/a            0.350         2.500       2.150      SLICE_X151Y473  u_array/g_pe[0].u_pe/E_reg_reg[1]/C
High Pulse Width  Slow    FDRE/C   n/a            0.350         2.500       2.150      SLICE_X148Y475  u_array/g_pe[0].u_pe/E_reg_reg[2]/C
High Pulse Width  Fast    FDRE/C   n/a            0.350         2.500       2.150      SLICE_X148Y475  u_array/g_pe[0].u_pe/E_reg_reg[2]/C
High Pulse Width  Slow    FDRE/C   n/a            0.350         2.500       2.150      SLICE_X148Y475  u_array/g_pe[0].u_pe/E_reg_reg[3]/C
High Pulse Width  Fast    FDRE/C   n/a            0.350         2.500       2.150      SLICE_X148Y475  u_array/g_pe[0].u_pe/E_reg_reg[3]/C



