Copyright 1986-2022 Xilinx, Inc. All Rights Reserved. Copyright 2022-2026 Advanced Micro Devices, Inc. All Rights Reserved.
--------------------------------------------------------------------------------------------------------------------------------------------------------------------
| Tool Version : Vivado v.2026.1 (win64) Build 6511674 Tue Jun 16 11:02:23 MDT 2026
| Date         : Sat Aug  1 13:40:11 2026
| Host         : MSI running 64-bit major release  (build 9200)
| Command      : report_timing_summary -delay_type max -max_paths 20 -file C:/Users/kanak/Downloads/FPGA-speed-up-Project-main/synth/ooc/reports/bsw_top_timing.rpt
| Design       : bsw_top
| Device       : 7v2000t-fhg1761
| Speed File   : -2  PRODUCTION 1.10 2014-09-11
| Design State : Synthesized
--------------------------------------------------------------------------------------------------------------------------------------------------------------------

Timing Summary Report

------------------------------------------------------------------------------------------------
| Timer Settings
| --------------
------------------------------------------------------------------------------------------------

  Enable Multi Corner Analysis               :  Yes
  Enable Pessimism Removal                   :  Yes
  Pessimism Removal Resolution               :  Nearest Common Node
  Enable Input Delay Default Clock           :  No
  Enable Preset / Clear Arcs                 :  No
  Disable Flight Delays                      :  No
  Ignore I/O Paths                           :  No
  Timing Early Launch at Borrowing Latches   :  No
  Borrow Time for Max Delay Exceptions       :  Yes
  Merge Timing Exceptions                    :  Yes
  Inter-SLR Compensation                     :  Conservative

  Corner  Analyze    Analyze    
  Name    Max Paths  Min Paths  
  ------  ---------  ---------  
  Slow    Yes        Yes        
  Fast    Yes        Yes        


------------------------------------------------------------------------------------------------
| Report Methodology
| ------------------
------------------------------------------------------------------------------------------------

No report available as report_methodology has not been run prior. Run report_methodology on the current design for the summary of methodology violations.



check_timing report

Table of Contents
-----------------
1. checking no_clock (0)
2. checking constant_clock (0)
3. checking pulse_width_clock (0)
4. checking unconstrained_internal_endpoints (0)
5. checking no_input_delay (3684)
6. checking no_output_delay (99)
7. checking multiple_clock (0)
8. checking generated_clocks (0)
9. checking loops (0)
10. checking partial_input_delay (0)
11. checking partial_output_delay (0)
12. checking latch_loops (0)

1. checking no_clock (0)
------------------------
 There are 0 register/latch pins with no clock.


2. checking constant_clock (0)
------------------------------
 There are 0 register/latch pins with constant_clock.


3. checking pulse_width_clock (0)
---------------------------------
 There are 0 register/latch pins which need pulse_width check


4. checking unconstrained_internal_endpoints (0)
------------------------------------------------
 There are 0 pins that are not constrained for maximum delay.

 There are 0 pins that are not constrained for maximum delay due to constant clock.


5. checking no_input_delay (3684)
---------------------------------
 There are 3684 input ports with no input delay specified. (HIGH)

 There are 0 input ports with no input delay but user has a false path constraint.


6. checking no_output_delay (99)
--------------------------------
 There are 99 ports with no output delay specified. (HIGH)

 There are 0 ports with no output delay but user has a false path constraint

 There are 0 ports with no output delay but with a timing clock defined on it or propagating through it


7. checking multiple_clock (0)
------------------------------
 There are 0 register/latch pins with multiple clocks.


8. checking generated_clocks (0)
--------------------------------
 There are 0 generated clocks that are not connected to a clock source.


9. checking loops (0)
---------------------
 There are 0 combinational loops in the design.


10. checking partial_input_delay (0)
------------------------------------
 There are 0 input ports with partial input delay specified.


11. checking partial_output_delay (0)
-------------------------------------
 There are 0 ports with partial output delay specified.


12. checking latch_loops (0)
----------------------------
 There are 0 combinational latch loops in the design through latch input



------------------------------------------------------------------------------------------------
| Design Timing Summary
| ---------------------
------------------------------------------------------------------------------------------------

    WNS(ns)      TNS(ns)  TNS Failing Endpoints  TNS Total Endpoints     WPWS(ns)     TPWS(ns)  TPWS Failing Endpoints  TPWS Total Endpoints  
    -------      -------  ---------------------  -------------------     --------     --------  ----------------------  --------------------  
     -6.776   -27172.943                   8396                56644        1.100        0.000                       0                 27271  


Timing constraints are not met.


------------------------------------------------------------------------------------------------
| Clock Summary
| -------------
------------------------------------------------------------------------------------------------

Clock  Waveform(ns)         Period(ns)      Frequency(MHz)
-----  ------------         ----------      --------------
clk    {0.000 1.500}        3.000           333.333         


------------------------------------------------------------------------------------------------
| Intra Clock Table
| -----------------
------------------------------------------------------------------------------------------------

Clock             WNS(ns)      TNS(ns)  TNS Failing Endpoints  TNS Total Endpoints     WPWS(ns)     TPWS(ns)  TPWS Failing Endpoints  TPWS Total Endpoints  
-----             -------      -------  ---------------------  -------------------     --------     --------  ----------------------  --------------------  
clk                -6.776   -27172.943                   8396                56644        1.100        0.000                       0                 27271  


------------------------------------------------------------------------------------------------
| Inter Clock Table
| -----------------
------------------------------------------------------------------------------------------------

From Clock    To Clock          WNS(ns)      TNS(ns)  TNS Failing Endpoints  TNS Total Endpoints  
----------    --------          -------      -------  ---------------------  -------------------  


------------------------------------------------------------------------------------------------
| Other Path Groups Table
| -----------------------
------------------------------------------------------------------------------------------------

Path Group    From Clock    To Clock          WNS(ns)      TNS(ns)  TNS Failing Endpoints  TNS Total Endpoints  
----------    ----------    --------          -------      -------  ---------------------  -------------------  


------------------------------------------------------------------------------------------------
| Timing Details
| --------------
------------------------------------------------------------------------------------------------


---------------------------------------------------------------------------------------------------
From Clock:  clk
  To Clock:  clk

Setup :         8396  Failing Endpoints,  Worst Slack       -6.776ns,  Total Violation   -27172.944ns
Hold  :           NA  Failing Endpoints,  Worst Slack           NA  ,  Total Violation           NA
PW    :            0  Failing Endpoints,  Worst Slack        1.100ns,  Total Violation        0.000ns
---------------------------------------------------------------------------------------------------


Max Delay Paths
--------------------------------------------------------------------------------------
Slack (VIOLATED) :        -6.776ns  (required time - arrival time)
  Source:                 u_array/g_pe[151].u_pe/H_curr_reg_reg[7]/C
                            (rising edge-triggered cell FDRE clocked by clk  {rise@0.000ns fall@1.500ns period=3.000ns})
  Destination:            u_tracker/pr_i_reg[9][13]/D
                            (rising edge-triggered cell FDRE clocked by clk  {rise@0.000ns fall@1.500ns period=3.000ns})
  Path Group:             clk
  Path Type:              Setup (Max at Slow Process Corner)
  Requirement:            3.000ns  (clk rise@3.000ns - clk rise@0.000ns)
  Data Path Delay:        9.643ns  (logic 2.515ns (26.081%)  route 7.128ns (73.919%))
  Logic Levels:           24  (CARRY4=12 LUT2=2 LUT3=1 LUT4=1 LUT5=2 LUT6=6)
  Clock Path Skew:        -0.027ns (DCD - SCD + CPR)
    Destination Clock Delay (DCD):    0.510ns = ( 3.510 - 3.000 ) 
    Source Clock Delay      (SCD):    0.537ns
    Clock Pessimism Removal (CPR):    0.000ns
  Clock Uncertainty:      0.035ns  ((TSJ^2 + TIJ^2)^1/2 + DJ) / 2 + PE
    Total System Jitter     (TSJ):    0.071ns
    Total Input Jitter      (TIJ):    0.000ns
    Discrete Jitter          (DJ):    0.000ns
    Phase Error              (PE):    0.000ns

    Location             Delay type                Incr(ns)  Path(ns)    Netlist Resource(s)
  -------------------------------------------------------------------    -------------------
                         (clock clk rise edge)        0.000     0.000 r  <hidden>
                                                      0.000     0.000 r  clk
                         net (fo=27410, unset)        0.537     0.537    u_array/g_pe[151].u_pe/clk
                         FDRE                                         r  u_array/g_pe[151].u_pe/H_curr_reg_reg[7]/C
  -------------------------------------------------------------------    -------------------
                         FDRE (Prop_fdre_C_Q)         0.223     0.760 r  u_array/g_pe[151].u_pe/H_curr_reg_reg[7]/Q
                         net (fo=11, unplaced)        0.573     1.333    u_array/g_pe[151].u_pe/H_curr_reg_reg[15]_1[7]
                         LUT6 (Prop_lut6_I0_O)        0.123     1.456 r  u_array/g_pe[151].u_pe/pr_j[9][7]_i_209/O
                         net (fo=1, unplaced)         0.446     1.902    u_array/g_pe[150].u_pe/pr_j_reg[9][7]_i_60_0[3]
                         CARRY4 (Prop_carry4_S[3]_CO[3])
                                                      0.223     2.125 r  u_array/g_pe[150].u_pe/pr_j_reg[9][7]_i_139/CO[3]
                         net (fo=1, unplaced)         0.000     2.125    u_array/g_pe[150].u_pe/pr_j_reg[9][7]_i_139_n_0
                         CARRY4 (Prop_carry4_CI_CO[3])
                                                      0.054     2.179 r  u_array/g_pe[150].u_pe/pr_j_reg[9][7]_i_60/CO[3]
                         net (fo=36, unplaced)        0.486     2.665    u_array/g_pe[150].u_pe/active_q_reg_2[0]
                         LUT5 (Prop_lut5_I2_O)        0.047     2.712 r  u_array/g_pe[150].u_pe/pr_j[9][7]_i_214/O
                         net (fo=5, unplaced)         0.298     3.010    u_array/g_pe[149].u_pe/pr_j[9][2]_i_37_0
                         LUT5 (Prop_lut5_I2_O)        0.043     3.053 r  u_array/g_pe[149].u_pe/pr_j[9][7]_i_201/O
                         net (fo=1, unplaced)         0.446     3.499    u_array/g_pe[149].u_pe/pr_j[9][7]_i_201_n_0
                         CARRY4 (Prop_carry4_S[3]_CO[3])
                                                      0.223     3.722 r  u_array/g_pe[149].u_pe/pr_j_reg[9][7]_i_130/CO[3]
                         net (fo=1, unplaced)         0.000     3.722    u_array/g_pe[149].u_pe/pr_j_reg[9][7]_i_130_n_0
                         CARRY4 (Prop_carry4_CI_CO[3])
                                                      0.054     3.776 r  u_array/g_pe[149].u_pe/pr_j_reg[9][7]_i_59/CO[3]
                         net (fo=38, unplaced)        0.487     4.263    u_array/g_pe[149].u_pe/active_q_reg_1[0]
                         LUT3 (Prop_lut3_I0_O)        0.047     4.310 f  u_array/g_pe[149].u_pe/pr_j[9][2]_i_75/O
                         net (fo=15, unplaced)        0.460     4.770    u_array/g_pe[149].u_pe/pr_j[9][2]_i_75_n_0
                         LUT6 (Prop_lut6_I1_O)        0.043     4.813 r  u_array/g_pe[149].u_pe/pr_j[9][2]_i_66/O
                         net (fo=4, unplaced)         0.294     5.107    u_array/g_pe[146].u_pe/pr_j_reg[9][2]_i_24_6
                         LUT4 (Prop_lut4_I3_O)        0.043     5.150 r  u_array/g_pe[146].u_pe/pr_j[9][2]_i_61/O
                         net (fo=1, unplaced)         0.446     5.596    u_array/g_pe[149].u_pe/pr_j_reg[9][2]_i_4_9[3]
                         CARRY4 (Prop_carry4_S[3]_CO[3])
                                                      0.223     5.819 r  u_array/g_pe[149].u_pe/pr_j_reg[9][2]_i_24/CO[3]
                         net (fo=1, unplaced)         0.000     5.819    u_array/g_pe[149].u_pe/pr_j_reg[9][2]_i_24_n_0
                         CARRY4 (Prop_carry4_CI_CO[3])
                                                      0.054     5.873 r  u_array/g_pe[149].u_pe/pr_j_reg[9][2]_i_4/CO[3]
                         net (fo=7, unplaced)         0.447     6.320    u_array/g_pe[149].u_pe/pr_j[9][2]_i_32[0]
                         LUT2 (Prop_lut2_I0_O)        0.043     6.363 r  u_array/g_pe[149].u_pe/pr_h[9][15]_i_7/O
                         net (fo=18, unplaced)        0.327     6.690    u_array/g_pe[146].u_pe/pr_h_reg[9][1]_0
                         LUT6 (Prop_lut6_I3_O)        0.043     6.733 r  u_array/g_pe[146].u_pe/pr_h[9][6]_i_2/O
                         net (fo=3, unplaced)         0.288     7.021    u_array/g_pe[157].u_pe/pr_h_reg[9][6]_0
                         LUT6 (Prop_lut6_I5_O)        0.043     7.064 r  u_array/g_pe[157].u_pe/pr_j[9][3]_i_30/O
                         net (fo=1, unplaced)         0.446     7.510    u_array/g_pe[157].u_pe/pr_j[9][3]_i_30_n_0
                         CARRY4 (Prop_carry4_S[3]_CO[3])
                                                      0.223     7.733 r  u_array/g_pe[157].u_pe/pr_j_reg[9][3]_i_5/CO[3]
                         net (fo=1, unplaced)         0.000     7.733    u_array/g_pe[157].u_pe/pr_j_reg[9][3]_i_5_n_0
                         CARRY4 (Prop_carry4_CI_CO[3])
                                                      0.054     7.787 f  u_array/g_pe[157].u_pe/pr_j_reg[9][3]_i_2/CO[3]
                         net (fo=32, unplaced)        0.483     8.270    u_array/g_pe[157].u_pe/pr_j[9][3]_i_13[0]
                         LUT6 (Prop_lut6_I5_O)        0.043     8.313 r  u_array/g_pe[157].u_pe/pr_i[9][3]_i_8/O
                         net (fo=1, unplaced)         0.270     8.583    u_array/g_pe[149].u_pe/pr_i[9][3]_i_4
                         LUT6 (Prop_lut6_I5_O)        0.043     8.626 r  u_array/g_pe[149].u_pe/pr_i[9][3]_i_6/O
                         net (fo=1, unplaced)         0.270     8.896    u_tracker/p_15_in[1]
                         LUT2 (Prop_lut2_I1_O)        0.043     8.939 r  u_tracker/pr_i[9][3]_i_4/O
                         net (fo=1, unplaced)         0.360     9.299    u_tracker/pr_i[9][3]_i_4_n_0
                         CARRY4 (Prop_carry4_S[1]_CO[3])
                                                      0.299     9.598 r  u_tracker/pr_i_reg[9][3]_i_1/CO[3]
                         net (fo=1, unplaced)         0.000     9.598    u_tracker/pr_i_reg[9][3]_i_1_n_0
                         CARRY4 (Prop_carry4_CI_CO[3])
                                                      0.054     9.652 r  u_tracker/pr_i_reg[9][7]_i_1/CO[3]
                         net (fo=1, unplaced)         0.000     9.652    u_tracker/pr_i_reg[9][7]_i_1_n_0
                         CARRY4 (Prop_carry4_CI_CO[3])
                                                      0.054     9.706 r  u_tracker/pr_i_reg[9][11]_i_1/CO[3]
                         net (fo=1, unplaced)         0.000     9.706    u_tracker/pr_i_reg[9][11]_i_1_n_0
                         CARRY4 (Prop_carry4_CI_O[1])
                                                      0.173     9.879 r  u_tracker/pr_i_reg[9][15]_i_2/O[1]
                         net (fo=1, unplaced)         0.301    10.180    u_tracker/s1_i16_out[13]
                         FDRE                                         r  u_tracker/pr_i_reg[9][13]/D
  -------------------------------------------------------------------    -------------------

                         (clock clk rise edge)        3.000     3.000 r  <hidden>
                                                      0.000     3.000 r  clk
                         net (fo=27410, unset)        0.510     3.510    u_tracker/clk
                         FDRE                                         r  u_tracker/pr_i_reg[9][13]/C
                         clock pessimism              0.000     3.510    <hidden>
                         clock uncertainty           -0.035     3.475    <hidden>
                         FDRE (Setup_fdre_C_D)       -0.071     3.404    u_tracker/pr_i_reg[9][13]
  -------------------------------------------------------------------
                         required time                          3.404    <hidden>
                         arrival time                         -10.180    <hidden>
  -------------------------------------------------------------------
                         slack                                 -6.776    <hidden>

Slack (VIOLATED) :        -6.754ns  (required time - arrival time)
  Source:                 u_array/g_pe[151].u_pe/H_curr_reg_reg[7]/C
                            (rising edge-triggered cell FDRE clocked by clk  {rise@0.000ns fall@1.500ns period=3.000ns})
  Destination:            u_tracker/pr_i_reg[9][15]/D
                            (rising edge-triggered cell FDRE clocked by clk  {rise@0.000ns fall@1.500ns period=3.000ns})
  Path Group:             clk
  Path Type:              Setup (Max at Slow Process Corner)
  Requirement:            3.000ns  (clk rise@3.000ns - clk rise@0.000ns)
  Data Path Delay:        9.626ns  (logic 2.499ns (25.961%)  route 7.127ns (74.039%))
  Logic Levels:           24  (CARRY4=12 LUT2=2 LUT3=1 LUT4=1 LUT5=2 LUT6=6)
  Clock Path Skew:        -0.027ns (DCD - SCD + CPR)
    Destination Clock Delay (DCD):    0.510ns = ( 3.510 - 3.000 ) 
    Source Clock Delay      (SCD):    0.537ns
    Clock Pessimism Removal (CPR):    0.000ns
  Clock Uncertainty:      0.035ns  ((TSJ^2 + TIJ^2)^1/2 + DJ) / 2 + PE
    Total System Jitter     (TSJ):    0.071ns
    Total Input Jitter      (TIJ):    0.000ns
    Discrete Jitter          (DJ):    0.000ns
    Phase Error              (PE):    0.000ns

    Location             Delay type                Incr(ns)  Path(ns)    Netlist Resource(s)
  -------------------------------------------------------------------    -------------------
                         (clock clk rise edge)        0.000     0.000 r  <hidden>
                                                      0.000     0.000 r  clk
                         net (fo=27410, unset)        0.537     0.537    u_array/g_pe[151].u_pe/clk
                         FDRE                                         r  u_array/g_pe[151].u_pe/H_curr_reg_reg[7]/C
  -------------------------------------------------------------------    -------------------
                         FDRE (Prop_fdre_C_Q)         0.223     0.760 r  u_array/g_pe[151].u_pe/H_curr_reg_reg[7]/Q
                         net (fo=11, unplaced)        0.573     1.333    u_array/g_pe[151].u_pe/H_curr_reg_reg[15]_1[7]
                         LUT6 (Prop_lut6_I0_O)        0.123     1.456 r  u_array/g_pe[151].u_pe/pr_j[9][7]_i_209/O
                         net (fo=1, unplaced)         0.446     1.902    u_array/g_pe[150].u_pe/pr_j_reg[9][7]_i_60_0[3]
                         CARRY4 (Prop_carry4_S[3]_CO[3])
                                                      0.223     2.125 r  u_array/g_pe[150].u_pe/pr_j_reg[9][7]_i_139/CO[3]
                         net (fo=1, unplaced)         0.000     2.125    u_array/g_pe[150].u_pe/pr_j_reg[9][7]_i_139_n_0
                         CARRY4 (Prop_carry4_CI_CO[3])
                                                      0.054     2.179 r  u_array/g_pe[150].u_pe/pr_j_reg[9][7]_i_60/CO[3]
                         net (fo=36, unplaced)        0.486     2.665    u_array/g_pe[150].u_pe/active_q_reg_2[0]
                         LUT5 (Prop_lut5_I2_O)        0.047     2.712 r  u_array/g_pe[150].u_pe/pr_j[9][7]_i_214/O
                         net (fo=5, unplaced)         0.298     3.010    u_array/g_pe[149].u_pe/pr_j[9][2]_i_37_0
                         LUT5 (Prop_lut5_I2_O)        0.043     3.053 r  u_array/g_pe[149].u_pe/pr_j[9][7]_i_201/O
                         net (fo=1, unplaced)         0.446     3.499    u_array/g_pe[149].u_pe/pr_j[9][7]_i_201_n_0
                         CARRY4 (Prop_carry4_S[3]_CO[3])
                                                      0.223     3.722 r  u_array/g_pe[149].u_pe/pr_j_reg[9][7]_i_130/CO[3]
                         net (fo=1, unplaced)         0.000     3.722    u_array/g_pe[149].u_pe/pr_j_reg[9][7]_i_130_n_0
                         CARRY4 (Prop_carry4_CI_CO[3])
                                                      0.054     3.776 r  u_array/g_pe[149].u_pe/pr_j_reg[9][7]_i_59/CO[3]
                         net (fo=38, unplaced)        0.487     4.263    u_array/g_pe[149].u_pe/active_q_reg_1[0]
                         LUT3 (Prop_lut3_I0_O)        0.047     4.310 f  u_array/g_pe[149].u_pe/pr_j[9][2]_i_75/O
                         net (fo=15, unplaced)        0.460     4.770    u_array/g_pe[149].u_pe/pr_j[9][2]_i_75_n_0
                         LUT6 (Prop_lut6_I1_O)        0.043     4.813 r  u_array/g_pe[149].u_pe/pr_j[9][2]_i_66/O
                         net (fo=4, unplaced)         0.294     5.107    u_array/g_pe[146].u_pe/pr_j_reg[9][2]_i_24_6
                         LUT4 (Prop_lut4_I3_O)        0.043     5.150 r  u_array/g_pe[146].u_pe/pr_j[9][2]_i_61/O
                         net (fo=1, unplaced)         0.446     5.596    u_array/g_pe[149].u_pe/pr_j_reg[9][2]_i_4_9[3]
                         CARRY4 (Prop_carry4_S[3]_CO[3])
                                                      0.223     5.819 r  u_array/g_pe[149].u_pe/pr_j_reg[9][2]_i_24/CO[3]
                         net (fo=1, unplaced)         0.000     5.819    u_array/g_pe[149].u_pe/pr_j_reg[9][2]_i_24_n_0
                         CARRY4 (Prop_carry4_CI_CO[3])
                                                      0.054     5.873 r  u_array/g_pe[149].u_pe/pr_j_reg[9][2]_i_4/CO[3]
                         net (fo=7, unplaced)         0.447     6.320    u_array/g_pe[149].u_pe/pr_j[9][2]_i_32[0]
                         LUT2 (Prop_lut2_I0_O)        0.043     6.363 r  u_array/g_pe[149].u_pe/pr_h[9][15]_i_7/O
                         net (fo=18, unplaced)        0.327     6.690    u_array/g_pe[146].u_pe/pr_h_reg[9][1]_0
                         LUT6 (Prop_lut6_I3_O)        0.043     6.733 r  u_array/g_pe[146].u_pe/pr_h[9][6]_i_2/O
                         net (fo=3, unplaced)         0.288     7.021    u_array/g_pe[157].u_pe/pr_h_reg[9][6]_0
                         LUT6 (Prop_lut6_I5_O)        0.043     7.064 r  u_array/g_pe[157].u_pe/pr_j[9][3]_i_30/O
                         net (fo=1, unplaced)         0.446     7.510    u_array/g_pe[157].u_pe/pr_j[9][3]_i_30_n_0
                         CARRY4 (Prop_carry4_S[3]_CO[3])
                                                      0.223     7.733 r  u_array/g_pe[157].u_pe/pr_j_reg[9][3]_i_5/CO[3]
                         net (fo=1, unplaced)         0.000     7.733    u_array/g_pe[157].u_pe/pr_j_reg[9][3]_i_5_n_0
                         CARRY4 (Prop_carry4_CI_CO[3])
                                                      0.054     7.787 f  u_array/g_pe[157].u_pe/pr_j_reg[9][3]_i_2/CO[3]
                         net (fo=32, unplaced)        0.483     8.270    u_array/g_pe[157].u_pe/pr_j[9][3]_i_13[0]
                         LUT6 (Prop_lut6_I5_O)        0.043     8.313 r  u_array/g_pe[157].u_pe/pr_i[9][3]_i_8/O
                         net (fo=1, unplaced)         0.270     8.583    u_array/g_pe[149].u_pe/pr_i[9][3]_i_4
                         LUT6 (Prop_lut6_I5_O)        0.043     8.626 r  u_array/g_pe[149].u_pe/pr_i[9][3]_i_6/O
                         net (fo=1, unplaced)         0.270     8.896    u_tracker/p_15_in[1]
                         LUT2 (Prop_lut2_I1_O)        0.043     8.939 r  u_tracker/pr_i[9][3]_i_4/O
                         net (fo=1, unplaced)         0.360     9.299    u_tracker/pr_i[9][3]_i_4_n_0
                         CARRY4 (Prop_carry4_S[1]_CO[3])
                                                      0.299     9.598 r  u_tracker/pr_i_reg[9][3]_i_1/CO[3]
                         net (fo=1, unplaced)         0.000     9.598    u_tracker/pr_i_reg[9][3]_i_1_n_0
                         CARRY4 (Prop_carry4_CI_CO[3])
                                                      0.054     9.652 r  u_tracker/pr_i_reg[9][7]_i_1/CO[3]
                         net (fo=1, unplaced)         0.000     9.652    u_tracker/pr_i_reg[9][7]_i_1_n_0
                         CARRY4 (Prop_carry4_CI_CO[3])
                                                      0.054     9.706 r  u_tracker/pr_i_reg[9][11]_i_1/CO[3]
                         net (fo=1, unplaced)         0.000     9.706    u_tracker/pr_i_reg[9][11]_i_1_n_0
                         CARRY4 (Prop_carry4_CI_O[3])
                                                      0.157     9.863 r  u_tracker/pr_i_reg[9][15]_i_2/O[3]
                         net (fo=1, unplaced)         0.300    10.163    u_tracker/s1_i16_out[15]
                         FDRE                                         r  u_tracker/pr_i_reg[9][15]/D
  -------------------------------------------------------------------    -------------------

                         (clock clk rise edge)        3.000     3.000 r  <hidden>
                                                      0.000     3.000 r  clk
                         net (fo=27410, unset)        0.510     3.510    u_tracker/clk
                         FDRE                                         r  u_tracker/pr_i_reg[9][15]/C
                         clock pessimism              0.000     3.510    <hidden>
                         clock uncertainty           -0.035     3.475    <hidden>
                         FDRE (Setup_fdre_C_D)       -0.066     3.409    u_tracker/pr_i_reg[9][15]
  -------------------------------------------------------------------
                         required time                          3.409    <hidden>
                         arrival time                         -10.163    <hidden>
  -------------------------------------------------------------------
                         slack                                 -6.754    <hidden>

Slack (VIOLATED) :        -6.722ns  (required time - arrival time)
  Source:                 u_array/g_pe[151].u_pe/H_curr_reg_reg[7]/C
                            (rising edge-triggered cell FDRE clocked by clk  {rise@0.000ns fall@1.500ns period=3.000ns})
  Destination:            u_tracker/pr_i_reg[9][9]/D
                            (rising edge-triggered cell FDRE clocked by clk  {rise@0.000ns fall@1.500ns period=3.000ns})
  Path Group:             clk
  Path Type:              Setup (Max at Slow Process Corner)
  Requirement:            3.000ns  (clk rise@3.000ns - clk rise@0.000ns)
  Data Path Delay:        9.589ns  (logic 2.461ns (25.665%)  route 7.128ns (74.335%))
  Logic Levels:           23  (CARRY4=11 LUT2=2 LUT3=1 LUT4=1 LUT5=2 LUT6=6)
  Clock Path Skew:        -0.027ns (DCD - SCD + CPR)
    Destination Clock Delay (DCD):    0.510ns = ( 3.510 - 3.000 ) 
    Source Clock Delay      (SCD):    0.537ns
    Clock Pessimism Removal (CPR):    0.000ns
  Clock Uncertainty:      0.035ns  ((TSJ^2 + TIJ^2)^1/2 + DJ) / 2 + PE
    Total System Jitter     (TSJ):    0.071ns
    Total Input Jitter      (TIJ):    0.000ns
    Discrete Jitter          (DJ):    0.000ns
    Phase Error              (PE):    0.000ns

    Location             Delay type                Incr(ns)  Path(ns)    Netlist Resource(s)
  -------------------------------------------------------------------    -------------------
                         (clock clk rise edge)        0.000     0.000 r  <hidden>
                                                      0.000     0.000 r  clk
                         net (fo=27410, unset)        0.537     0.537    u_array/g_pe[151].u_pe/clk
                         FDRE                                         r  u_array/g_pe[151].u_pe/H_curr_reg_reg[7]/C
  -------------------------------------------------------------------    -------------------
                         FDRE (Prop_fdre_C_Q)         0.223     0.760 r  u_array/g_pe[151].u_pe/H_curr_reg_reg[7]/Q
                         net (fo=11, unplaced)        0.573     1.333    u_array/g_pe[151].u_pe/H_curr_reg_reg[15]_1[7]
                         LUT6 (Prop_lut6_I0_O)        0.123     1.456 r  u_array/g_pe[151].u_pe/pr_j[9][7]_i_209/O
                         net (fo=1, unplaced)         0.446     1.902    u_array/g_pe[150].u_pe/pr_j_reg[9][7]_i_60_0[3]
                         CARRY4 (Prop_carry4_S[3]_CO[3])
                                                      0.223     2.125 r  u_array/g_pe[150].u_pe/pr_j_reg[9][7]_i_139/CO[3]
                         net (fo=1, unplaced)         0.000     2.125    u_array/g_pe[150].u_pe/pr_j_reg[9][7]_i_139_n_0
                         CARRY4 (Prop_carry4_CI_CO[3])
                                                      0.054     2.179 r  u_array/g_pe[150].u_pe/pr_j_reg[9][7]_i_60/CO[3]
                         net (fo=36, unplaced)        0.486     2.665    u_array/g_pe[150].u_pe/active_q_reg_2[0]
                         LUT5 (Prop_lut5_I2_O)        0.047     2.712 r  u_array/g_pe[150].u_pe/pr_j[9][7]_i_214/O
                         net (fo=5, unplaced)         0.298     3.010    u_array/g_pe[149].u_pe/pr_j[9][2]_i_37_0
                         LUT5 (Prop_lut5_I2_O)        0.043     3.053 r  u_array/g_pe[149].u_pe/pr_j[9][7]_i_201/O
                         net (fo=1, unplaced)         0.446     3.499    u_array/g_pe[149].u_pe/pr_j[9][7]_i_201_n_0
                         CARRY4 (Prop_carry4_S[3]_CO[3])
                                                      0.223     3.722 r  u_array/g_pe[149].u_pe/pr_j_reg[9][7]_i_130/CO[3]
                         net (fo=1, unplaced)         0.000     3.722    u_array/g_pe[149].u_pe/pr_j_reg[9][7]_i_130_n_0
                         CARRY4 (Prop_carry4_CI_CO[3])
                                                      0.054     3.776 r  u_array/g_pe[149].u_pe/pr_j_reg[9][7]_i_59/CO[3]
                         net (fo=38, unplaced)        0.487     4.263    u_array/g_pe[149].u_pe/active_q_reg_1[0]
                         LUT3 (Prop_lut3_I0_O)        0.047     4.310 f  u_array/g_pe[149].u_pe/pr_j[9][2]_i_75/O
                         net (fo=15, unplaced)        0.460     4.770    u_array/g_pe[149].u_pe/pr_j[9][2]_i_75_n_0
                         LUT6 (Prop_lut6_I1_O)        0.043     4.813 r  u_array/g_pe[149].u_pe/pr_j[9][2]_i_66/O
                         net (fo=4, unplaced)         0.294     5.107    u_array/g_pe[146].u_pe/pr_j_reg[9][2]_i_24_6
                         LUT4 (Prop_lut4_I3_O)        0.043     5.150 r  u_array/g_pe[146].u_pe/pr_j[9][2]_i_61/O
                         net (fo=1, unplaced)         0.446     5.596    u_array/g_pe[149].u_pe/pr_j_reg[9][2]_i_4_9[3]
                         CARRY4 (Prop_carry4_S[3]_CO[3])
                                                      0.223     5.819 r  u_array/g_pe[149].u_pe/pr_j_reg[9][2]_i_24/CO[3]
                         net (fo=1, unplaced)         0.000     5.819    u_array/g_pe[149].u_pe/pr_j_reg[9][2]_i_24_n_0
                         CARRY4 (Prop_carry4_CI_CO[3])
                                                      0.054     5.873 r  u_array/g_pe[149].u_pe/pr_j_reg[9][2]_i_4/CO[3]
                         net (fo=7, unplaced)         0.447     6.320    u_array/g_pe[149].u_pe/pr_j[9][2]_i_32[0]
                         LUT2 (Prop_lut2_I0_O)        0.043     6.363 r  u_array/g_pe[149].u_pe/pr_h[9][15]_i_7/O
                         net (fo=18, unplaced)        0.327     6.690    u_array/g_pe[146].u_pe/pr_h_reg[9][1]_0
                         LUT6 (Prop_lut6_I3_O)        0.043     6.733 r  u_array/g_pe[146].u_pe/pr_h[9][6]_i_2/O
                         net (fo=3, unplaced)         0.288     7.021    u_array/g_pe[157].u_pe/pr_h_reg[9][6]_0
                         LUT6 (Prop_lut6_I5_O)        0.043     7.064 r  u_array/g_pe[157].u_pe/pr_j[9][3]_i_30/O
                         net (fo=1, unplaced)         0.446     7.510    u_array/g_pe[157].u_pe/pr_j[9][3]_i_30_n_0
                         CARRY4 (Prop_carry4_S[3]_CO[3])
                                                      0.223     7.733 r  u_array/g_pe[157].u_pe/pr_j_reg[9][3]_i_5/CO[3]
                         net (fo=1, unplaced)         0.000     7.733    u_array/g_pe[157].u_pe/pr_j_reg[9][3]_i_5_n_0
                         CARRY4 (Prop_carry4_CI_CO[3])
                                                      0.054     7.787 f  u_array/g_pe[157].u_pe/pr_j_reg[9][3]_i_2/CO[3]
                         net (fo=32, unplaced)        0.483     8.270    u_array/g_pe[157].u_pe/pr_j[9][3]_i_13[0]
                         LUT6 (Prop_lut6_I5_O)        0.043     8.313 r  u_array/g_pe[157].u_pe/pr_i[9][3]_i_8/O
                         net (fo=1, unplaced)         0.270     8.583    u_array/g_pe[149].u_pe/pr_i[9][3]_i_4
                         LUT6 (Prop_lut6_I5_O)        0.043     8.626 r  u_array/g_pe[149].u_pe/pr_i[9][3]_i_6/O
                         net (fo=1, unplaced)         0.270     8.896    u_tracker/p_15_in[1]
                         LUT2 (Prop_lut2_I1_O)        0.043     8.939 r  u_tracker/pr_i[9][3]_i_4/O
                         net (fo=1, unplaced)         0.360     9.299    u_tracker/pr_i[9][3]_i_4_n_0
                         CARRY4 (Prop_carry4_S[1]_CO[3])
                                                      0.299     9.598 r  u_tracker/pr_i_reg[9][3]_i_1/CO[3]
                         net (fo=1, unplaced)         0.000     9.598    u_tracker/pr_i_reg[9][3]_i_1_n_0
                         CARRY4 (Prop_carry4_CI_CO[3])
                                                      0.054     9.652 r  u_tracker/pr_i_reg[9][7]_i_1/CO[3]
                         net (fo=1, unplaced)         0.000     9.652    u_tracker/pr_i_reg[9][7]_i_1_n_0
                         CARRY4 (Prop_carry4_CI_O[1])
                                                      0.173     9.825 r  u_tracker/pr_i_reg[9][11]_i_1/O[1]
                         net (fo=1, unplaced)         0.301    10.126    u_tracker/s1_i16_out[9]
                         FDRE                                         r  u_tracker/pr_i_reg[9][9]/D
  -------------------------------------------------------------------    -------------------

                         (clock clk rise edge)        3.000     3.000 r  <hidden>
                                                      0.000     3.000 r  clk
                         net (fo=27410, unset)        0.510     3.510    u_tracker/clk
                         FDRE                                         r  u_tracker/pr_i_reg[9][9]/C
                         clock pessimism              0.000     3.510    <hidden>
                         clock uncertainty           -0.035     3.475    <hidden>
                         FDRE (Setup_fdre_C_D)       -0.071     3.404    u_tracker/pr_i_reg[9][9]
  -------------------------------------------------------------------
                         required time                          3.404    <hidden>
                         arrival time                         -10.126    <hidden>
  -------------------------------------------------------------------
                         slack                                 -6.722    <hidden>

Slack (VIOLATED) :        -6.700ns  (required time - arrival time)
  Source:                 u_array/g_pe[151].u_pe/H_curr_reg_reg[7]/C
                            (rising edge-triggered cell FDRE clocked by clk  {rise@0.000ns fall@1.500ns period=3.000ns})
  Destination:            u_tracker/pr_i_reg[9][11]/D
                            (rising edge-triggered cell FDRE clocked by clk  {rise@0.000ns fall@1.500ns period=3.000ns})
  Path Group:             clk
  Path Type:              Setup (Max at Slow Process Corner)
  Requirement:            3.000ns  (clk rise@3.000ns - clk rise@0.000ns)
  Data Path Delay:        9.572ns  (logic 2.445ns (25.543%)  route 7.127ns (74.457%))
  Logic Levels:           23  (CARRY4=11 LUT2=2 LUT3=1 LUT4=1 LUT5=2 LUT6=6)
  Clock Path Skew:        -0.027ns (DCD - SCD + CPR)
    Destination Clock Delay (DCD):    0.510ns = ( 3.510 - 3.000 ) 
    Source Clock Delay      (SCD):    0.537ns
    Clock Pessimism Removal (CPR):    0.000ns
  Clock Uncertainty:      0.035ns  ((TSJ^2 + TIJ^2)^1/2 + DJ) / 2 + PE
    Total System Jitter     (TSJ):    0.071ns
    Total Input Jitter      (TIJ):    0.000ns
    Discrete Jitter          (DJ):    0.000ns
    Phase Error              (PE):    0.000ns

    Location             Delay type                Incr(ns)  Path(ns)    Netlist Resource(s)
  -------------------------------------------------------------------    -------------------
                         (clock clk rise edge)        0.000     0.000 r  <hidden>
                                                      0.000     0.000 r  clk
                         net (fo=27410, unset)        0.537     0.537    u_array/g_pe[151].u_pe/clk
                         FDRE                                         r  u_array/g_pe[151].u_pe/H_curr_reg_reg[7]/C
  -------------------------------------------------------------------    -------------------
                         FDRE (Prop_fdre_C_Q)         0.223     0.760 r  u_array/g_pe[151].u_pe/H_curr_reg_reg[7]/Q
                         net (fo=11, unplaced)        0.573     1.333    u_array/g_pe[151].u_pe/H_curr_reg_reg[15]_1[7]
                         LUT6 (Prop_lut6_I0_O)        0.123     1.456 r  u_array/g_pe[151].u_pe/pr_j[9][7]_i_209/O
                         net (fo=1, unplaced)         0.446     1.902    u_array/g_pe[150].u_pe/pr_j_reg[9][7]_i_60_0[3]
                         CARRY4 (Prop_carry4_S[3]_CO[3])
                                                      0.223     2.125 r  u_array/g_pe[150].u_pe/pr_j_reg[9][7]_i_139/CO[3]
                         net (fo=1, unplaced)         0.000     2.125    u_array/g_pe[150].u_pe/pr_j_reg[9][7]_i_139_n_0
                         CARRY4 (Prop_carry4_CI_CO[3])
                                                      0.054     2.179 r  u_array/g_pe[150].u_pe/pr_j_reg[9][7]_i_60/CO[3]
                         net (fo=36, unplaced)        0.486     2.665    u_array/g_pe[150].u_pe/active_q_reg_2[0]
                         LUT5 (Prop_lut5_I2_O)        0.047     2.712 r  u_array/g_pe[150].u_pe/pr_j[9][7]_i_214/O
                         net (fo=5, unplaced)         0.298     3.010    u_array/g_pe[149].u_pe/pr_j[9][2]_i_37_0
                         LUT5 (Prop_lut5_I2_O)        0.043     3.053 r  u_array/g_pe[149].u_pe/pr_j[9][7]_i_201/O
                         net (fo=1, unplaced)         0.446     3.499    u_array/g_pe[149].u_pe/pr_j[9][7]_i_201_n_0
                         CARRY4 (Prop_carry4_S[3]_CO[3])
                                                      0.223     3.722 r  u_array/g_pe[149].u_pe/pr_j_reg[9][7]_i_130/CO[3]
                         net (fo=1, unplaced)         0.000     3.722    u_array/g_pe[149].u_pe/pr_j_reg[9][7]_i_130_n_0
                         CARRY4 (Prop_carry4_CI_CO[3])
                                                      0.054     3.776 r  u_array/g_pe[149].u_pe/pr_j_reg[9][7]_i_59/CO[3]
                         net (fo=38, unplaced)        0.487     4.263    u_array/g_pe[149].u_pe/active_q_reg_1[0]
                         LUT3 (Prop_lut3_I0_O)        0.047     4.310 f  u_array/g_pe[149].u_pe/pr_j[9][2]_i_75/O
                         net (fo=15, unplaced)        0.460     4.770    u_array/g_pe[149].u_pe/pr_j[9][2]_i_75_n_0
                         LUT6 (Prop_lut6_I1_O)        0.043     4.813 r  u_array/g_pe[149].u_pe/pr_j[9][2]_i_66/O
                         net (fo=4, unplaced)         0.294     5.107    u_array/g_pe[146].u_pe/pr_j_reg[9][2]_i_24_6
                         LUT4 (Prop_lut4_I3_O)        0.043     5.150 r  u_array/g_pe[146].u_pe/pr_j[9][2]_i_61/O
                         net (fo=1, unplaced)         0.446     5.596    u_array/g_pe[149].u_pe/pr_j_reg[9][2]_i_4_9[3]
                         CARRY4 (Prop_carry4_S[3]_CO[3])
                                                      0.223     5.819 r  u_array/g_pe[149].u_pe/pr_j_reg[9][2]_i_24/CO[3]
                         net (fo=1, unplaced)         0.000     5.819    u_array/g_pe[149].u_pe/pr_j_reg[9][2]_i_24_n_0
                         CARRY4 (Prop_carry4_CI_CO[3])
                                                      0.054     5.873 r  u_array/g_pe[149].u_pe/pr_j_reg[9][2]_i_4/CO[3]
                         net (fo=7, unplaced)         0.447     6.320    u_array/g_pe[149].u_pe/pr_j[9][2]_i_32[0]
                         LUT2 (Prop_lut2_I0_O)        0.043     6.363 r  u_array/g_pe[149].u_pe/pr_h[9][15]_i_7/O
                         net (fo=18, unplaced)        0.327     6.690    u_array/g_pe[146].u_pe/pr_h_reg[9][1]_0
                         LUT6 (Prop_lut6_I3_O)        0.043     6.733 r  u_array/g_pe[146].u_pe/pr_h[9][6]_i_2/O
                         net (fo=3, unplaced)         0.288     7.021    u_array/g_pe[157].u_pe/pr_h_reg[9][6]_0
                         LUT6 (Prop_lut6_I5_O)        0.043     7.064 r  u_array/g_pe[157].u_pe/pr_j[9][3]_i_30/O
                         net (fo=1, unplaced)         0.446     7.510    u_array/g_pe[157].u_pe/pr_j[9][3]_i_30_n_0
                         CARRY4 (Prop_carry4_S[3]_CO[3])
                                                      0.223     7.733 r  u_array/g_pe[157].u_pe/pr_j_reg[9][3]_i_5/CO[3]
                         net (fo=1, unplaced)         0.000     7.733    u_array/g_pe[157].u_pe/pr_j_reg[9][3]_i_5_n_0
                         CARRY4 (Prop_carry4_CI_CO[3])
                                                      0.054     7.787 f  u_array/g_pe[157].u_pe/pr_j_reg[9][3]_i_2/CO[3]
                         net (fo=32, unplaced)        0.483     8.270    u_array/g_pe[157].u_pe/pr_j[9][3]_i_13[0]
                         LUT6 (Prop_lut6_I5_O)        0.043     8.313 r  u_array/g_pe[157].u_pe/pr_i[9][3]_i_8/O
                         net (fo=1, unplaced)         0.270     8.583    u_array/g_pe[149].u_pe/pr_i[9][3]_i_4
                         LUT6 (Prop_lut6_I5_O)        0.043     8.626 r  u_array/g_pe[149].u_pe/pr_i[9][3]_i_6/O
                         net (fo=1, unplaced)         0.270     8.896    u_tracker/p_15_in[1]
                         LUT2 (Prop_lut2_I1_O)        0.043     8.939 r  u_tracker/pr_i[9][3]_i_4/O
                         net (fo=1, unplaced)         0.360     9.299    u_tracker/pr_i[9][3]_i_4_n_0
                         CARRY4 (Prop_carry4_S[1]_CO[3])
                                                      0.299     9.598 r  u_tracker/pr_i_reg[9][3]_i_1/CO[3]
                         net (fo=1, unplaced)         0.000     9.598    u_tracker/pr_i_reg[9][3]_i_1_n_0
                         CARRY4 (Prop_carry4_CI_CO[3])
                                                      0.054     9.652 r  u_tracker/pr_i_reg[9][7]_i_1/CO[3]
                         net (fo=1, unplaced)         0.000     9.652    u_tracker/pr_i_reg[9][7]_i_1_n_0
                         CARRY4 (Prop_carry4_CI_O[3])
                                                      0.157     9.809 r  u_tracker/pr_i_reg[9][11]_i_1/O[3]
                         net (fo=1, unplaced)         0.300    10.109    u_tracker/s1_i16_out[11]
                         FDRE                                         r  u_tracker/pr_i_reg[9][11]/D
  -------------------------------------------------------------------    -------------------

                         (clock clk rise edge)        3.000     3.000 r  <hidden>
                                                      0.000     3.000 r  clk
                         net (fo=27410, unset)        0.510     3.510    u_tracker/clk
                         FDRE                                         r  u_tracker/pr_i_reg[9][11]/C
                         clock pessimism              0.000     3.510    <hidden>
                         clock uncertainty           -0.035     3.475    <hidden>
                         FDRE (Setup_fdre_C_D)       -0.066     3.409    u_tracker/pr_i_reg[9][11]
  -------------------------------------------------------------------
                         required time                          3.409    <hidden>
                         arrival time                         -10.109    <hidden>
  -------------------------------------------------------------------
                         slack                                 -6.700    <hidden>

Slack (VIOLATED) :        -6.697ns  (required time - arrival time)
  Source:                 u_array/g_pe[43].u_pe/H_curr_reg_reg[7]/C
                            (rising edge-triggered cell FDRE clocked by clk  {rise@0.000ns fall@1.500ns period=3.000ns})
  Destination:            u_tracker/pr_i_reg[2][13]/D
                            (rising edge-triggered cell FDRE clocked by clk  {rise@0.000ns fall@1.500ns period=3.000ns})
  Path Group:             clk
  Path Type:              Setup (Max at Slow Process Corner)
  Requirement:            3.000ns  (clk rise@3.000ns - clk rise@0.000ns)
  Data Path Delay:        9.564ns  (logic 2.464ns (25.763%)  route 7.100ns (74.237%))
  Logic Levels:           23  (CARRY4=12 LUT2=1 LUT3=1 LUT4=1 LUT5=2 LUT6=6)
  Clock Path Skew:        -0.027ns (DCD - SCD + CPR)
    Destination Clock Delay (DCD):    0.510ns = ( 3.510 - 3.000 ) 
    Source Clock Delay      (SCD):    0.537ns
    Clock Pessimism Removal (CPR):    0.000ns
  Clock Uncertainty:      0.035ns  ((TSJ^2 + TIJ^2)^1/2 + DJ) / 2 + PE
    Total System Jitter     (TSJ):    0.071ns
    Total Input Jitter      (TIJ):    0.000ns
    Discrete Jitter          (DJ):    0.000ns
    Phase Error              (PE):    0.000ns

    Location             Delay type                Incr(ns)  Path(ns)    Netlist Resource(s)
  -------------------------------------------------------------------    -------------------
                         (clock clk rise edge)        0.000     0.000 r  <hidden>
                                                      0.000     0.000 r  clk
                         net (fo=27410, unset)        0.537     0.537    u_array/g_pe[43].u_pe/clk
                         FDRE                                         r  u_array/g_pe[43].u_pe/H_curr_reg_reg[7]/C
  -------------------------------------------------------------------    -------------------
                         FDRE (Prop_fdre_C_Q)         0.223     0.760 r  u_array/g_pe[43].u_pe/H_curr_reg_reg[7]/Q
                         net (fo=10, unplaced)        0.570     1.330    u_array/g_pe[43].u_pe/H_curr_reg_reg[15]_1[7]
                         LUT6 (Prop_lut6_I0_O)        0.123     1.453 r  u_array/g_pe[43].u_pe/pr_j[2][5]_i_264/O
                         net (fo=1, unplaced)         0.446     1.899    u_array/g_pe[42].u_pe/pr_j_reg[2][5]_i_50_1[3]
                         CARRY4 (Prop_carry4_S[3]_CO[3])
                                                      0.223     2.122 r  u_array/g_pe[42].u_pe/pr_j_reg[2][5]_i_139/CO[3]
                         net (fo=1, unplaced)         0.000     2.122    u_array/g_pe[42].u_pe/pr_j_reg[2][5]_i_139_n_0
                         CARRY4 (Prop_carry4_CI_CO[3])
                                                      0.054     2.176 r  u_array/g_pe[42].u_pe/pr_j_reg[2][5]_i_50/CO[3]
                         net (fo=20, unplaced)        0.472     2.648    u_array/g_pe[42].u_pe/active_q_reg_2[0]
                         LUT5 (Prop_lut5_I2_O)        0.043     2.691 r  u_array/g_pe[42].u_pe/pr_h[2][6]_i_10/O
                         net (fo=6, unplaced)         0.302     2.993    u_array/g_pe[40].u_pe/pr_j_reg[2][5]_i_60_7
                         LUT5 (Prop_lut5_I4_O)        0.043     3.036 r  u_array/g_pe[40].u_pe/pr_j[2][5]_i_160/O
                         net (fo=1, unplaced)         0.446     3.482    u_array/g_pe[40].u_pe/pr_j[2][5]_i_160_n_0
                         CARRY4 (Prop_carry4_S[3]_CO[3])
                                                      0.223     3.705 r  u_array/g_pe[40].u_pe/pr_j_reg[2][5]_i_60/CO[3]
                         net (fo=1, unplaced)         0.000     3.705    u_array/g_pe[40].u_pe/pr_j_reg[2][5]_i_60_n_0
                         CARRY4 (Prop_carry4_CI_CO[3])
                                                      0.054     3.759 r  u_array/g_pe[40].u_pe/pr_j_reg[2][5]_i_15/CO[3]
                         net (fo=23, unplaced)        0.475     4.234    u_array/g_pe[41].u_pe/pr_h_reg[2][15]_3[0]
                         LUT3 (Prop_lut3_I2_O)        0.043     4.277 f  u_array/g_pe[41].u_pe/pr_h[2][14]_i_12/O
                         net (fo=31, unplaced)        0.477     4.754    u_array/g_pe[41].u_pe/pr_h[2][14]_i_12_n_0
                         LUT6 (Prop_lut6_I0_O)        0.043     4.797 r  u_array/g_pe[41].u_pe/pr_h[2][7]_i_4/O
                         net (fo=4, unplaced)         0.431     5.228    u_array/g_pe[41].u_pe/pr_h[2][7]_i_4_n_0
                         LUT4 (Prop_lut4_I1_O)        0.043     5.271 r  u_array/g_pe[41].u_pe/pr_j[2][3]_i_27/O
                         net (fo=1, unplaced)         0.446     5.717    u_array/g_pe[41].u_pe/pr_j[2][3]_i_27_n_0
                         CARRY4 (Prop_carry4_S[3]_CO[3])
                                                      0.223     5.940 r  u_array/g_pe[41].u_pe/pr_j_reg[2][3]_i_5/CO[3]
                         net (fo=1, unplaced)         0.000     5.940    u_array/g_pe[41].u_pe/pr_j_reg[2][3]_i_5_n_0
                         CARRY4 (Prop_carry4_CI_CO[3])
                                                      0.054     5.994 r  u_array/g_pe[41].u_pe/pr_j_reg[2][3]_i_3/CO[3]
                         net (fo=56, unplaced)        0.497     6.491    u_array/g_pe[41].u_pe/pr_j[2][3]_i_13_0[0]
                         LUT6 (Prop_lut6_I3_O)        0.043     6.534 r  u_array/g_pe[41].u_pe/pr_j[2][5]_i_210/O
                         net (fo=1, unplaced)         0.407     6.941    u_array/g_pe[41].u_pe/pr_j[2][5]_i_210_n_0
                         LUT6 (Prop_lut6_I4_O)        0.043     6.984 r  u_array/g_pe[41].u_pe/pr_j[2][5]_i_93/O
                         net (fo=1, unplaced)         0.446     7.430    u_array/g_pe[41].u_pe/pr_j[2][5]_i_93_n_0
                         CARRY4 (Prop_carry4_S[3]_CO[3])
                                                      0.223     7.653 r  u_array/g_pe[41].u_pe/pr_j_reg[2][5]_i_20/CO[3]
                         net (fo=1, unplaced)         0.000     7.653    u_array/g_pe[41].u_pe/pr_j_reg[2][5]_i_20_n_0
                         CARRY4 (Prop_carry4_CI_CO[3])
                                                      0.054     7.707 f  u_array/g_pe[41].u_pe/pr_j_reg[2][5]_i_6/CO[3]
                         net (fo=33, unplaced)        0.484     8.191    u_array/g_pe[41].u_pe/pr_j[2][5]_i_28_0[0]
                         LUT6 (Prop_lut6_I5_O)        0.043     8.234 r  u_array/g_pe[41].u_pe/pr_i[2][3]_i_8/O
                         net (fo=1, unplaced)         0.270     8.504    u_array/g_pe[36].u_pe/pr_i[2][3]_i_4_0
                         LUT6 (Prop_lut6_I5_O)        0.043     8.547 r  u_array/g_pe[36].u_pe/pr_i[2][3]_i_6/O
                         net (fo=1, unplaced)         0.270     8.817    u_tracker/p_1_in[1]
                         LUT2 (Prop_lut2_I1_O)        0.043     8.860 r  u_tracker/pr_i[2][3]_i_4/O
                         net (fo=1, unplaced)         0.360     9.220    u_tracker/pr_i[2][3]_i_4_n_0
                         CARRY4 (Prop_carry4_S[1]_CO[3])
                                                      0.299     9.519 r  u_tracker/pr_i_reg[2][3]_i_1/CO[3]
                         net (fo=1, unplaced)         0.000     9.519    u_tracker/pr_i_reg[2][3]_i_1_n_0
                         CARRY4 (Prop_carry4_CI_CO[3])
                                                      0.054     9.573 r  u_tracker/pr_i_reg[2][7]_i_1/CO[3]
                         net (fo=1, unplaced)         0.000     9.573    u_tracker/pr_i_reg[2][7]_i_1_n_0
                         CARRY4 (Prop_carry4_CI_CO[3])
                                                      0.054     9.627 r  u_tracker/pr_i_reg[2][11]_i_1/CO[3]
                         net (fo=1, unplaced)         0.000     9.627    u_tracker/pr_i_reg[2][11]_i_1_n_0
                         CARRY4 (Prop_carry4_CI_O[1])
                                                      0.173     9.800 r  u_tracker/pr_i_reg[2][15]_i_2/O[1]
                         net (fo=1, unplaced)         0.301    10.101    u_tracker/s1_i2_out[13]
                         FDRE                                         r  u_tracker/pr_i_reg[2][13]/D
  -------------------------------------------------------------------    -------------------

                         (clock clk rise edge)        3.000     3.000 r  <hidden>
                                                      0.000     3.000 r  clk
                         net (fo=27410, unset)        0.510     3.510    u_tracker/clk
                         FDRE                                         r  u_tracker/pr_i_reg[2][13]/C
                         clock pessimism              0.000     3.510    <hidden>
                         clock uncertainty           -0.035     3.475    <hidden>
                         FDRE (Setup_fdre_C_D)       -0.071     3.404    u_tracker/pr_i_reg[2][13]
  -------------------------------------------------------------------
                         required time                          3.404    <hidden>
                         arrival time                         -10.101    <hidden>
  -------------------------------------------------------------------
                         slack                                 -6.697    <hidden>

Slack (VIOLATED) :        -6.696ns  (required time - arrival time)
  Source:                 u_array/g_pe[139].u_pe/H_curr_reg_reg[7]/C
                            (rising edge-triggered cell FDRE clocked by clk  {rise@0.000ns fall@1.500ns period=3.000ns})
  Destination:            u_tracker/pr_i_reg[8][13]/D
                            (rising edge-triggered cell FDRE clocked by clk  {rise@0.000ns fall@1.500ns period=3.000ns})
  Path Group:             clk
  Path Type:              Setup (Max at Slow Process Corner)
  Requirement:            3.000ns  (clk rise@3.000ns - clk rise@0.000ns)
  Data Path Delay:        9.563ns  (logic 2.464ns (25.766%)  route 7.099ns (74.234%))
  Logic Levels:           23  (CARRY4=12 LUT2=1 LUT3=1 LUT4=1 LUT5=2 LUT6=6)
  Clock Path Skew:        -0.027ns (DCD - SCD + CPR)
    Destination Clock Delay (DCD):    0.510ns = ( 3.510 - 3.000 ) 
    Source Clock Delay      (SCD):    0.537ns
    Clock Pessimism Removal (CPR):    0.000ns
  Clock Uncertainty:      0.035ns  ((TSJ^2 + TIJ^2)^1/2 + DJ) / 2 + PE
    Total System Jitter     (TSJ):    0.071ns
    Total Input Jitter      (TIJ):    0.000ns
    Discrete Jitter          (DJ):    0.000ns
    Phase Error              (PE):    0.000ns

    Location             Delay type                Incr(ns)  Path(ns)    Netlist Resource(s)
  -------------------------------------------------------------------    -------------------
                         (clock clk rise edge)        0.000     0.000 r  <hidden>
                                                      0.000     0.000 r  clk
                         net (fo=27410, unset)        0.537     0.537    u_array/g_pe[139].u_pe/clk
                         FDRE                                         r  u_array/g_pe[139].u_pe/H_curr_reg_reg[7]/C
  -------------------------------------------------------------------    -------------------
                         FDRE (Prop_fdre_C_Q)         0.223     0.760 r  u_array/g_pe[139].u_pe/H_curr_reg_reg[7]/Q
                         net (fo=10, unplaced)        0.570     1.330    u_array/g_pe[139].u_pe/H_curr_reg_reg[15]_1[7]
                         LUT6 (Prop_lut6_I0_O)        0.123     1.453 r  u_array/g_pe[139].u_pe/pr_j[8][3]_i_18/O
                         net (fo=1, unplaced)         0.446     1.899    u_array/g_pe[138].u_pe/pr_j_reg[8][3]_i_4_0[3]
                         CARRY4 (Prop_carry4_S[3]_CO[3])
                                                      0.223     2.122 r  u_array/g_pe[138].u_pe/pr_j_reg[8][3]_i_5/CO[3]
                         net (fo=1, unplaced)         0.000     2.122    u_array/g_pe[138].u_pe/pr_j_reg[8][3]_i_5_n_0
                         CARRY4 (Prop_carry4_CI_CO[3])
                                                      0.054     2.176 r  u_array/g_pe[138].u_pe/pr_j_reg[8][3]_i_4/CO[3]
                         net (fo=20, unplaced)        0.472     2.648    u_array/g_pe[138].u_pe/H_curr_reg_reg[15]_2[0]
                         LUT5 (Prop_lut5_I2_O)        0.043     2.691 r  u_array/g_pe[138].u_pe/pr_h[8][6]_i_9/O
                         net (fo=6, unplaced)         0.302     2.993    u_array/g_pe[137].u_pe/pr_h_reg[8][6]_1
                         LUT5 (Prop_lut5_I2_O)        0.043     3.036 r  u_array/g_pe[137].u_pe/pr_j[8][7]_i_256/O
                         net (fo=1, unplaced)         0.446     3.482    u_array/g_pe[137].u_pe/pr_j[8][7]_i_256_n_0
                         CARRY4 (Prop_carry4_S[3]_CO[3])
                                                      0.223     3.705 r  u_array/g_pe[137].u_pe/pr_j_reg[8][7]_i_112/CO[3]
                         net (fo=1, unplaced)         0.000     3.705    u_array/g_pe[137].u_pe/pr_j_reg[8][7]_i_112_n_0
                         CARRY4 (Prop_carry4_CI_CO[3])
                                                      0.054     3.759 r  u_array/g_pe[137].u_pe/pr_j_reg[8][7]_i_36/CO[3]
                         net (fo=22, unplaced)        0.474     4.233    u_array/g_pe[137].u_pe/pr_j_reg[8][7]_i_36_n_0
                         LUT3 (Prop_lut3_I2_O)        0.043     4.276 f  u_array/g_pe[137].u_pe/pr_h[8][14]_i_9/O
                         net (fo=32, unplaced)        0.478     4.754    u_array/g_pe[137].u_pe/pr_j_reg[8][7]_i_36_0
                         LUT6 (Prop_lut6_I0_O)        0.043     4.797 r  u_array/g_pe[137].u_pe/pr_h[8][7]_i_3/O
                         net (fo=4, unplaced)         0.431     5.228    u_array/g_pe[141].u_pe/pr_j_reg[8][7]_i_27_5
                         LUT4 (Prop_lut4_I1_O)        0.043     5.271 r  u_array/g_pe[141].u_pe/pr_j[8][7]_i_108/O
                         net (fo=1, unplaced)         0.446     5.717    u_array/g_pe[137].u_pe/pr_j_reg[8][7]_i_6_0[3]
                         CARRY4 (Prop_carry4_S[3]_CO[3])
                                                      0.223     5.940 r  u_array/g_pe[137].u_pe/pr_j_reg[8][7]_i_27/CO[3]
                         net (fo=1, unplaced)         0.000     5.940    u_array/g_pe[137].u_pe/pr_j_reg[8][7]_i_27_n_0
                         CARRY4 (Prop_carry4_CI_CO[3])
                                                      0.054     5.994 r  u_array/g_pe[137].u_pe/pr_j_reg[8][7]_i_6/CO[3]
                         net (fo=58, unplaced)        0.498     6.492    u_array/g_pe[137].u_pe/pr_j[8][7]_i_35[0]
                         LUT6 (Prop_lut6_I3_O)        0.043     6.535 r  u_array/g_pe[137].u_pe/pr_j[8][7]_i_143/O
                         net (fo=1, unplaced)         0.407     6.942    u_array/g_pe[137].u_pe/pr_j[8][7]_i_143_n_0
                         LUT6 (Prop_lut6_I4_O)        0.043     6.985 r  u_array/g_pe[137].u_pe/pr_j[8][7]_i_44/O
                         net (fo=1, unplaced)         0.446     7.431    u_array/g_pe[137].u_pe/pr_j[8][7]_i_44_n_0
                         CARRY4 (Prop_carry4_S[3]_CO[3])
                                                      0.223     7.654 r  u_array/g_pe[137].u_pe/pr_j_reg[8][7]_i_8/CO[3]
                         net (fo=1, unplaced)         0.000     7.654    u_array/g_pe[137].u_pe/pr_j_reg[8][7]_i_8_n_0
                         CARRY4 (Prop_carry4_CI_CO[3])
                                                      0.054     7.708 f  u_array/g_pe[137].u_pe/pr_j_reg[8][7]_i_2/CO[3]
                         net (fo=30, unplaced)        0.482     8.190    u_array/g_pe[137].u_pe/pr_j[8][7]_i_16_0[0]
                         LUT6 (Prop_lut6_I0_O)        0.043     8.233 r  u_array/g_pe[137].u_pe/pr_i[8][3]_i_8/O
                         net (fo=1, unplaced)         0.270     8.503    u_array/g_pe[130].u_pe/pr_i[8][3]_i_4_0
                         LUT6 (Prop_lut6_I5_O)        0.043     8.546 r  u_array/g_pe[130].u_pe/pr_i[8][3]_i_6/O
                         net (fo=1, unplaced)         0.270     8.816    u_tracker/p_13_in[1]
                         LUT2 (Prop_lut2_I1_O)        0.043     8.859 r  u_tracker/pr_i[8][3]_i_4/O
                         net (fo=1, unplaced)         0.360     9.219    u_tracker/pr_i[8][3]_i_4_n_0
                         CARRY4 (Prop_carry4_S[1]_CO[3])
                                                      0.299     9.518 r  u_tracker/pr_i_reg[8][3]_i_1/CO[3]
                         net (fo=1, unplaced)         0.000     9.518    u_tracker/pr_i_reg[8][3]_i_1_n_0
                         CARRY4 (Prop_carry4_CI_CO[3])
                                                      0.054     9.572 r  u_tracker/pr_i_reg[8][7]_i_1/CO[3]
                         net (fo=1, unplaced)         0.000     9.572    u_tracker/pr_i_reg[8][7]_i_1_n_0
                         CARRY4 (Prop_carry4_CI_CO[3])
                                                      0.054     9.626 r  u_tracker/pr_i_reg[8][11]_i_1/CO[3]
                         net (fo=1, unplaced)         0.000     9.626    u_tracker/pr_i_reg[8][11]_i_1_n_0
                         CARRY4 (Prop_carry4_CI_O[1])
                                                      0.173     9.799 r  u_tracker/pr_i_reg[8][15]_i_2/O[1]
                         net (fo=1, unplaced)         0.301    10.100    u_tracker/s1_i14_out[13]
                         FDRE                                         r  u_tracker/pr_i_reg[8][13]/D
  -------------------------------------------------------------------    -------------------

                         (clock clk rise edge)        3.000     3.000 r  <hidden>
                                                      0.000     3.000 r  clk
                         net (fo=27410, unset)        0.510     3.510    u_tracker/clk
                         FDRE                                         r  u_tracker/pr_i_reg[8][13]/C
                         clock pessimism              0.000     3.510    <hidden>
                         clock uncertainty           -0.035     3.475    <hidden>
                         FDRE (Setup_fdre_C_D)       -0.071     3.404    u_tracker/pr_i_reg[8][13]
  -------------------------------------------------------------------
                         required time                          3.404    <hidden>
                         arrival time                         -10.100    <hidden>
  -------------------------------------------------------------------
                         slack                                 -6.696    <hidden>

Slack (VIOLATED) :        -6.675ns  (required time - arrival time)
  Source:                 u_array/g_pe[43].u_pe/H_curr_reg_reg[7]/C
                            (rising edge-triggered cell FDRE clocked by clk  {rise@0.000ns fall@1.500ns period=3.000ns})
  Destination:            u_tracker/pr_i_reg[2][15]/D
                            (rising edge-triggered cell FDRE clocked by clk  {rise@0.000ns fall@1.500ns period=3.000ns})
  Path Group:             clk
  Path Type:              Setup (Max at Slow Process Corner)
  Requirement:            3.000ns  (clk rise@3.000ns - clk rise@0.000ns)
  Data Path Delay:        9.547ns  (logic 2.448ns (25.642%)  route 7.099ns (74.358%))
  Logic Levels:           23  (CARRY4=12 LUT2=1 LUT3=1 LUT4=1 LUT5=2 LUT6=6)
  Clock Path Skew:        -0.027ns (DCD - SCD + CPR)
    Destination Clock Delay (DCD):    0.510ns = ( 3.510 - 3.000 ) 
    Source Clock Delay      (SCD):    0.537ns
    Clock Pessimism Removal (CPR):    0.000ns
  Clock Uncertainty:      0.035ns  ((TSJ^2 + TIJ^2)^1/2 + DJ) / 2 + PE
    Total System Jitter     (TSJ):    0.071ns
    Total Input Jitter      (TIJ):    0.000ns
    Discrete Jitter          (DJ):    0.000ns
    Phase Error              (PE):    0.000ns

    Location             Delay type                Incr(ns)  Path(ns)    Netlist Resource(s)
  -------------------------------------------------------------------    -------------------
                         (clock clk rise edge)        0.000     0.000 r  <hidden>
                                                      0.000     0.000 r  clk
                         net (fo=27410, unset)        0.537     0.537    u_array/g_pe[43].u_pe/clk
                         FDRE                                         r  u_array/g_pe[43].u_pe/H_curr_reg_reg[7]/C
  -------------------------------------------------------------------    -------------------
                         FDRE (Prop_fdre_C_Q)         0.223     0.760 r  u_array/g_pe[43].u_pe/H_curr_reg_reg[7]/Q
                         net (fo=10, unplaced)        0.570     1.330    u_array/g_pe[43].u_pe/H_curr_reg_reg[15]_1[7]
                         LUT6 (Prop_lut6_I0_O)        0.123     1.453 r  u_array/g_pe[43].u_pe/pr_j[2][5]_i_264/O
                         net (fo=1, unplaced)         0.446     1.899    u_array/g_pe[42].u_pe/pr_j_reg[2][5]_i_50_1[3]
                         CARRY4 (Prop_carry4_S[3]_CO[3])
                                                      0.223     2.122 r  u_array/g_pe[42].u_pe/pr_j_reg[2][5]_i_139/CO[3]
                         net (fo=1, unplaced)         0.000     2.122    u_array/g_pe[42].u_pe/pr_j_reg[2][5]_i_139_n_0
                         CARRY4 (Prop_carry4_CI_CO[3])
                                                      0.054     2.176 r  u_array/g_pe[42].u_pe/pr_j_reg[2][5]_i_50/CO[3]
                         net (fo=20, unplaced)        0.472     2.648    u_array/g_pe[42].u_pe/active_q_reg_2[0]
                         LUT5 (Prop_lut5_I2_O)        0.043     2.691 r  u_array/g_pe[42].u_pe/pr_h[2][6]_i_10/O
                         net (fo=6, unplaced)         0.302     2.993    u_array/g_pe[40].u_pe/pr_j_reg[2][5]_i_60_7
                         LUT5 (Prop_lut5_I4_O)        0.043     3.036 r  u_array/g_pe[40].u_pe/pr_j[2][5]_i_160/O
                         net (fo=1, unplaced)         0.446     3.482    u_array/g_pe[40].u_pe/pr_j[2][5]_i_160_n_0
                         CARRY4 (Prop_carry4_S[3]_CO[3])
                                                      0.223     3.705 r  u_array/g_pe[40].u_pe/pr_j_reg[2][5]_i_60/CO[3]
                         net (fo=1, unplaced)         0.000     3.705    u_array/g_pe[40].u_pe/pr_j_reg[2][5]_i_60_n_0
                         CARRY4 (Prop_carry4_CI_CO[3])
                                                      0.054     3.759 r  u_array/g_pe[40].u_pe/pr_j_reg[2][5]_i_15/CO[3]
                         net (fo=23, unplaced)        0.475     4.234    u_array/g_pe[41].u_pe/pr_h_reg[2][15]_3[0]
                         LUT3 (Prop_lut3_I2_O)        0.043     4.277 f  u_array/g_pe[41].u_pe/pr_h[2][14]_i_12/O
                         net (fo=31, unplaced)        0.477     4.754    u_array/g_pe[41].u_pe/pr_h[2][14]_i_12_n_0
                         LUT6 (Prop_lut6_I0_O)        0.043     4.797 r  u_array/g_pe[41].u_pe/pr_h[2][7]_i_4/O
                         net (fo=4, unplaced)         0.431     5.228    u_array/g_pe[41].u_pe/pr_h[2][7]_i_4_n_0
                         LUT4 (Prop_lut4_I1_O)        0.043     5.271 r  u_array/g_pe[41].u_pe/pr_j[2][3]_i_27/O
                         net (fo=1, unplaced)         0.446     5.717    u_array/g_pe[41].u_pe/pr_j[2][3]_i_27_n_0
                         CARRY4 (Prop_carry4_S[3]_CO[3])
                                                      0.223     5.940 r  u_array/g_pe[41].u_pe/pr_j_reg[2][3]_i_5/CO[3]
                         net (fo=1, unplaced)         0.000     5.940    u_array/g_pe[41].u_pe/pr_j_reg[2][3]_i_5_n_0
                         CARRY4 (Prop_carry4_CI_CO[3])
                                                      0.054     5.994 r  u_array/g_pe[41].u_pe/pr_j_reg[2][3]_i_3/CO[3]
                         net (fo=56, unplaced)        0.497     6.491    u_array/g_pe[41].u_pe/pr_j[2][3]_i_13_0[0]
                         LUT6 (Prop_lut6_I3_O)        0.043     6.534 r  u_array/g_pe[41].u_pe/pr_j[2][5]_i_210/O
                         net (fo=1, unplaced)         0.407     6.941    u_array/g_pe[41].u_pe/pr_j[2][5]_i_210_n_0
                         LUT6 (Prop_lut6_I4_O)        0.043     6.984 r  u_array/g_pe[41].u_pe/pr_j[2][5]_i_93/O
                         net (fo=1, unplaced)         0.446     7.430    u_array/g_pe[41].u_pe/pr_j[2][5]_i_93_n_0
                         CARRY4 (Prop_carry4_S[3]_CO[3])
                                                      0.223     7.653 r  u_array/g_pe[41].u_pe/pr_j_reg[2][5]_i_20/CO[3]
                         net (fo=1, unplaced)         0.000     7.653    u_array/g_pe[41].u_pe/pr_j_reg[2][5]_i_20_n_0
                         CARRY4 (Prop_carry4_CI_CO[3])
                                                      0.054     7.707 f  u_array/g_pe[41].u_pe/pr_j_reg[2][5]_i_6/CO[3]
                         net (fo=33, unplaced)        0.484     8.191    u_array/g_pe[41].u_pe/pr_j[2][5]_i_28_0[0]
                         LUT6 (Prop_lut6_I5_O)        0.043     8.234 r  u_array/g_pe[41].u_pe/pr_i[2][3]_i_8/O
                         net (fo=1, unplaced)         0.270     8.504    u_array/g_pe[36].u_pe/pr_i[2][3]_i_4_0
                         LUT6 (Prop_lut6_I5_O)        0.043     8.547 r  u_array/g_pe[36].u_pe/pr_i[2][3]_i_6/O
                         net (fo=1, unplaced)         0.270     8.817    u_tracker/p_1_in[1]
                         LUT2 (Prop_lut2_I1_O)        0.043     8.860 r  u_tracker/pr_i[2][3]_i_4/O
                         net (fo=1, unplaced)         0.360     9.220    u_tracker/pr_i[2][3]_i_4_n_0
                         CARRY4 (Prop_carry4_S[1]_CO[3])
                                                      0.299     9.519 r  u_tracker/pr_i_reg[2][3]_i_1/CO[3]
                         net (fo=1, unplaced)         0.000     9.519    u_tracker/pr_i_reg[2][3]_i_1_n_0
                         CARRY4 (Prop_carry4_CI_CO[3])
                                                      0.054     9.573 r  u_tracker/pr_i_reg[2][7]_i_1/CO[3]
                         net (fo=1, unplaced)         0.000     9.573    u_tracker/pr_i_reg[2][7]_i_1_n_0
                         CARRY4 (Prop_carry4_CI_CO[3])
                                                      0.054     9.627 r  u_tracker/pr_i_reg[2][11]_i_1/CO[3]
                         net (fo=1, unplaced)         0.000     9.627    u_tracker/pr_i_reg[2][11]_i_1_n_0
                         CARRY4 (Prop_carry4_CI_O[3])
                                                      0.157     9.784 r  u_tracker/pr_i_reg[2][15]_i_2/O[3]
                         net (fo=1, unplaced)         0.300    10.084    u_tracker/s1_i2_out[15]
                         FDRE                                         r  u_tracker/pr_i_reg[2][15]/D
  -------------------------------------------------------------------    -------------------

                         (clock clk rise edge)        3.000     3.000 r  <hidden>
                                                      0.000     3.000 r  clk
                         net (fo=27410, unset)        0.510     3.510    u_tracker/clk
                         FDRE                                         r  u_tracker/pr_i_reg[2][15]/C
                         clock pessimism              0.000     3.510    <hidden>
                         clock uncertainty           -0.035     3.475    <hidden>
                         FDRE (Setup_fdre_C_D)       -0.066     3.409    u_tracker/pr_i_reg[2][15]
  -------------------------------------------------------------------
                         required time                          3.409    <hidden>
                         arrival time                         -10.084    <hidden>
  -------------------------------------------------------------------
                         slack                                 -6.675    <hidden>

Slack (VIOLATED) :        -6.674ns  (required time - arrival time)
  Source:                 u_array/g_pe[139].u_pe/H_curr_reg_reg[7]/C
                            (rising edge-triggered cell FDRE clocked by clk  {rise@0.000ns fall@1.500ns period=3.000ns})
  Destination:            u_tracker/pr_i_reg[8][15]/D
                            (rising edge-triggered cell FDRE clocked by clk  {rise@0.000ns fall@1.500ns period=3.000ns})
  Path Group:             clk
  Path Type:              Setup (Max at Slow Process Corner)
  Requirement:            3.000ns  (clk rise@3.000ns - clk rise@0.000ns)
  Data Path Delay:        9.546ns  (logic 2.448ns (25.644%)  route 7.098ns (74.356%))
  Logic Levels:           23  (CARRY4=12 LUT2=1 LUT3=1 LUT4=1 LUT5=2 LUT6=6)
  Clock Path Skew:        -0.027ns (DCD - SCD + CPR)
    Destination Clock Delay (DCD):    0.510ns = ( 3.510 - 3.000 ) 
    Source Clock Delay      (SCD):    0.537ns
    Clock Pessimism Removal (CPR):    0.000ns
  Clock Uncertainty:      0.035ns  ((TSJ^2 + TIJ^2)^1/2 + DJ) / 2 + PE
    Total System Jitter     (TSJ):    0.071ns
    Total Input Jitter      (TIJ):    0.000ns
    Discrete Jitter          (DJ):    0.000ns
    Phase Error              (PE):    0.000ns

    Location             Delay type                Incr(ns)  Path(ns)    Netlist Resource(s)
  -------------------------------------------------------------------    -------------------
                         (clock clk rise edge)        0.000     0.000 r  <hidden>
                                                      0.000     0.000 r  clk
                         net (fo=27410, unset)        0.537     0.537    u_array/g_pe[139].u_pe/clk
                         FDRE                                         r  u_array/g_pe[139].u_pe/H_curr_reg_reg[7]/C
  -------------------------------------------------------------------    -------------------
                         FDRE (Prop_fdre_C_Q)         0.223     0.760 r  u_array/g_pe[139].u_pe/H_curr_reg_reg[7]/Q
                         net (fo=10, unplaced)        0.570     1.330    u_array/g_pe[139].u_pe/H_curr_reg_reg[15]_1[7]
                         LUT6 (Prop_lut6_I0_O)        0.123     1.453 r  u_array/g_pe[139].u_pe/pr_j[8][3]_i_18/O
                         net (fo=1, unplaced)         0.446     1.899    u_array/g_pe[138].u_pe/pr_j_reg[8][3]_i_4_0[3]
                         CARRY4 (Prop_carry4_S[3]_CO[3])
                                                      0.223     2.122 r  u_array/g_pe[138].u_pe/pr_j_reg[8][3]_i_5/CO[3]
                         net (fo=1, unplaced)         0.000     2.122    u_array/g_pe[138].u_pe/pr_j_reg[8][3]_i_5_n_0
                         CARRY4 (Prop_carry4_CI_CO[3])
                                                      0.054     2.176 r  u_array/g_pe[138].u_pe/pr_j_reg[8][3]_i_4/CO[3]
                         net (fo=20, unplaced)        0.472     2.648    u_array/g_pe[138].u_pe/H_curr_reg_reg[15]_2[0]
                         LUT5 (Prop_lut5_I2_O)        0.043     2.691 r  u_array/g_pe[138].u_pe/pr_h[8][6]_i_9/O
                         net (fo=6, unplaced)         0.302     2.993    u_array/g_pe[137].u_pe/pr_h_reg[8][6]_1
                         LUT5 (Prop_lut5_I2_O)        0.043     3.036 r  u_array/g_pe[137].u_pe/pr_j[8][7]_i_256/O
                         net (fo=1, unplaced)         0.446     3.482    u_array/g_pe[137].u_pe/pr_j[8][7]_i_256_n_0
                         CARRY4 (Prop_carry4_S[3]_CO[3])
                                                      0.223     3.705 r  u_array/g_pe[137].u_pe/pr_j_reg[8][7]_i_112/CO[3]
                         net (fo=1, unplaced)         0.000     3.705    u_array/g_pe[137].u_pe/pr_j_reg[8][7]_i_112_n_0
                         CARRY4 (Prop_carry4_CI_CO[3])
                                                      0.054     3.759 r  u_array/g_pe[137].u_pe/pr_j_reg[8][7]_i_36/CO[3]
                         net (fo=22, unplaced)        0.474     4.233    u_array/g_pe[137].u_pe/pr_j_reg[8][7]_i_36_n_0
                         LUT3 (Prop_lut3_I2_O)        0.043     4.276 f  u_array/g_pe[137].u_pe/pr_h[8][14]_i_9/O
                         net (fo=32, unplaced)        0.478     4.754    u_array/g_pe[137].u_pe/pr_j_reg[8][7]_i_36_0
                         LUT6 (Prop_lut6_I0_O)        0.043     4.797 r  u_array/g_pe[137].u_pe/pr_h[8][7]_i_3/O
                         net (fo=4, unplaced)         0.431     5.228    u_array/g_pe[141].u_pe/pr_j_reg[8][7]_i_27_5
                         LUT4 (Prop_lut4_I1_O)        0.043     5.271 r  u_array/g_pe[141].u_pe/pr_j[8][7]_i_108/O
                         net (fo=1, unplaced)         0.446     5.717    u_array/g_pe[137].u_pe/pr_j_reg[8][7]_i_6_0[3]
                         CARRY4 (Prop_carry4_S[3]_CO[3])
                                                      0.223     5.940 r  u_array/g_pe[137].u_pe/pr_j_reg[8][7]_i_27/CO[3]
                         net (fo=1, unplaced)         0.000     5.940    u_array/g_pe[137].u_pe/pr_j_reg[8][7]_i_27_n_0
                         CARRY4 (Prop_carry4_CI_CO[3])
                                                      0.054     5.994 r  u_array/g_pe[137].u_pe/pr_j_reg[8][7]_i_6/CO[3]
                         net (fo=58, unplaced)        0.498     6.492    u_array/g_pe[137].u_pe/pr_j[8][7]_i_35[0]
                         LUT6 (Prop_lut6_I3_O)        0.043     6.535 r  u_array/g_pe[137].u_pe/pr_j[8][7]_i_143/O
                         net (fo=1, unplaced)         0.407     6.942    u_array/g_pe[137].u_pe/pr_j[8][7]_i_143_n_0
                         LUT6 (Prop_lut6_I4_O)        0.043     6.985 r  u_array/g_pe[137].u_pe/pr_j[8][7]_i_44/O
                         net (fo=1, unplaced)         0.446     7.431    u_array/g_pe[137].u_pe/pr_j[8][7]_i_44_n_0
                         CARRY4 (Prop_carry4_S[3]_CO[3])
                                                      0.223     7.654 r  u_array/g_pe[137].u_pe/pr_j_reg[8][7]_i_8/CO[3]
                         net (fo=1, unplaced)         0.000     7.654    u_array/g_pe[137].u_pe/pr_j_reg[8][7]_i_8_n_0
                         CARRY4 (Prop_carry4_CI_CO[3])
                                                      0.054     7.708 f  u_array/g_pe[137].u_pe/pr_j_reg[8][7]_i_2/CO[3]
                         net (fo=30, unplaced)        0.482     8.190    u_array/g_pe[137].u_pe/pr_j[8][7]_i_16_0[0]
                         LUT6 (Prop_lut6_I0_O)        0.043     8.233 r  u_array/g_pe[137].u_pe/pr_i[8][3]_i_8/O
                         net (fo=1, unplaced)         0.270     8.503    u_array/g_pe[130].u_pe/pr_i[8][3]_i_4_0
                         LUT6 (Prop_lut6_I5_O)        0.043     8.546 r  u_array/g_pe[130].u_pe/pr_i[8][3]_i_6/O
                         net (fo=1, unplaced)         0.270     8.816    u_tracker/p_13_in[1]
                         LUT2 (Prop_lut2_I1_O)        0.043     8.859 r  u_tracker/pr_i[8][3]_i_4/O
                         net (fo=1, unplaced)         0.360     9.219    u_tracker/pr_i[8][3]_i_4_n_0
                         CARRY4 (Prop_carry4_S[1]_CO[3])
                                                      0.299     9.518 r  u_tracker/pr_i_reg[8][3]_i_1/CO[3]
                         net (fo=1, unplaced)         0.000     9.518    u_tracker/pr_i_reg[8][3]_i_1_n_0
                         CARRY4 (Prop_carry4_CI_CO[3])
                                                      0.054     9.572 r  u_tracker/pr_i_reg[8][7]_i_1/CO[3]
                         net (fo=1, unplaced)         0.000     9.572    u_tracker/pr_i_reg[8][7]_i_1_n_0
                         CARRY4 (Prop_carry4_CI_CO[3])
                                                      0.054     9.626 r  u_tracker/pr_i_reg[8][11]_i_1/CO[3]
                         net (fo=1, unplaced)         0.000     9.626    u_tracker/pr_i_reg[8][11]_i_1_n_0
                         CARRY4 (Prop_carry4_CI_O[3])
                                                      0.157     9.783 r  u_tracker/pr_i_reg[8][15]_i_2/O[3]
                         net (fo=1, unplaced)         0.300    10.083    u_tracker/s1_i14_out[15]
                         FDRE                                         r  u_tracker/pr_i_reg[8][15]/D
  -------------------------------------------------------------------    -------------------

                         (clock clk rise edge)        3.000     3.000 r  <hidden>
                                                      0.000     3.000 r  clk
                         net (fo=27410, unset)        0.510     3.510    u_tracker/clk
                         FDRE                                         r  u_tracker/pr_i_reg[8][15]/C
                         clock pessimism              0.000     3.510    <hidden>
                         clock uncertainty           -0.035     3.475    <hidden>
                         FDRE (Setup_fdre_C_D)       -0.066     3.409    u_tracker/pr_i_reg[8][15]
  -------------------------------------------------------------------
                         required time                          3.409    <hidden>
                         arrival time                         -10.083    <hidden>
  -------------------------------------------------------------------
                         slack                                 -6.674    <hidden>

Slack (VIOLATED) :        -6.668ns  (required time - arrival time)
  Source:                 u_array/g_pe[151].u_pe/H_curr_reg_reg[7]/C
                            (rising edge-triggered cell FDRE clocked by clk  {rise@0.000ns fall@1.500ns period=3.000ns})
  Destination:            u_tracker/pr_i_reg[9][5]/D
                            (rising edge-triggered cell FDRE clocked by clk  {rise@0.000ns fall@1.500ns period=3.000ns})
  Path Group:             clk
  Path Type:              Setup (Max at Slow Process Corner)
  Requirement:            3.000ns  (clk rise@3.000ns - clk rise@0.000ns)
  Data Path Delay:        9.535ns  (logic 2.407ns (25.244%)  route 7.128ns (74.756%))
  Logic Levels:           22  (CARRY4=10 LUT2=2 LUT3=1 LUT4=1 LUT5=2 LUT6=6)
  Clock Path Skew:        -0.027ns (DCD - SCD + CPR)
    Destination Clock Delay (DCD):    0.510ns = ( 3.510 - 3.000 ) 
    Source Clock Delay      (SCD):    0.537ns
    Clock Pessimism Removal (CPR):    0.000ns
  Clock Uncertainty:      0.035ns  ((TSJ^2 + TIJ^2)^1/2 + DJ) / 2 + PE
    Total System Jitter     (TSJ):    0.071ns
    Total Input Jitter      (TIJ):    0.000ns
    Discrete Jitter          (DJ):    0.000ns
    Phase Error              (PE):    0.000ns

    Location             Delay type                Incr(ns)  Path(ns)    Netlist Resource(s)
  -------------------------------------------------------------------    -------------------
                         (clock clk rise edge)        0.000     0.000 r  <hidden>
                                                      0.000     0.000 r  clk
                         net (fo=27410, unset)        0.537     0.537    u_array/g_pe[151].u_pe/clk
                         FDRE                                         r  u_array/g_pe[151].u_pe/H_curr_reg_reg[7]/C
  -------------------------------------------------------------------    -------------------
                         FDRE (Prop_fdre_C_Q)         0.223     0.760 r  u_array/g_pe[151].u_pe/H_curr_reg_reg[7]/Q
                         net (fo=11, unplaced)        0.573     1.333    u_array/g_pe[151].u_pe/H_curr_reg_reg[15]_1[7]
                         LUT6 (Prop_lut6_I0_O)        0.123     1.456 r  u_array/g_pe[151].u_pe/pr_j[9][7]_i_209/O
                         net (fo=1, unplaced)         0.446     1.902    u_array/g_pe[150].u_pe/pr_j_reg[9][7]_i_60_0[3]
                         CARRY4 (Prop_carry4_S[3]_CO[3])
                                                      0.223     2.125 r  u_array/g_pe[150].u_pe/pr_j_reg[9][7]_i_139/CO[3]
                         net (fo=1, unplaced)         0.000     2.125    u_array/g_pe[150].u_pe/pr_j_reg[9][7]_i_139_n_0
                         CARRY4 (Prop_carry4_CI_CO[3])
                                                      0.054     2.179 r  u_array/g_pe[150].u_pe/pr_j_reg[9][7]_i_60/CO[3]
                         net (fo=36, unplaced)        0.486     2.665    u_array/g_pe[150].u_pe/active_q_reg_2[0]
                         LUT5 (Prop_lut5_I2_O)        0.047     2.712 r  u_array/g_pe[150].u_pe/pr_j[9][7]_i_214/O
                         net (fo=5, unplaced)         0.298     3.010    u_array/g_pe[149].u_pe/pr_j[9][2]_i_37_0
                         LUT5 (Prop_lut5_I2_O)        0.043     3.053 r  u_array/g_pe[149].u_pe/pr_j[9][7]_i_201/O
                         net (fo=1, unplaced)         0.446     3.499    u_array/g_pe[149].u_pe/pr_j[9][7]_i_201_n_0
                         CARRY4 (Prop_carry4_S[3]_CO[3])
                                                      0.223     3.722 r  u_array/g_pe[149].u_pe/pr_j_reg[9][7]_i_130/CO[3]
                         net (fo=1, unplaced)         0.000     3.722    u_array/g_pe[149].u_pe/pr_j_reg[9][7]_i_130_n_0
                         CARRY4 (Prop_carry4_CI_CO[3])
                                                      0.054     3.776 r  u_array/g_pe[149].u_pe/pr_j_reg[9][7]_i_59/CO[3]
                         net (fo=38, unplaced)        0.487     4.263    u_array/g_pe[149].u_pe/active_q_reg_1[0]
                         LUT3 (Prop_lut3_I0_O)        0.047     4.310 f  u_array/g_pe[149].u_pe/pr_j[9][2]_i_75/O
                         net (fo=15, unplaced)        0.460     4.770    u_array/g_pe[149].u_pe/pr_j[9][2]_i_75_n_0
                         LUT6 (Prop_lut6_I1_O)        0.043     4.813 r  u_array/g_pe[149].u_pe/pr_j[9][2]_i_66/O
                         net (fo=4, unplaced)         0.294     5.107    u_array/g_pe[146].u_pe/pr_j_reg[9][2]_i_24_6
                         LUT4 (Prop_lut4_I3_O)        0.043     5.150 r  u_array/g_pe[146].u_pe/pr_j[9][2]_i_61/O
                         net (fo=1, unplaced)         0.446     5.596    u_array/g_pe[149].u_pe/pr_j_reg[9][2]_i_4_9[3]
                         CARRY4 (Prop_carry4_S[3]_CO[3])
                                                      0.223     5.819 r  u_array/g_pe[149].u_pe/pr_j_reg[9][2]_i_24/CO[3]
                         net (fo=1, unplaced)         0.000     5.819    u_array/g_pe[149].u_pe/pr_j_reg[9][2]_i_24_n_0
                         CARRY4 (Prop_carry4_CI_CO[3])
                                                      0.054     5.873 r  u_array/g_pe[149].u_pe/pr_j_reg[9][2]_i_4/CO[3]
                         net (fo=7, unplaced)         0.447     6.320    u_array/g_pe[149].u_pe/pr_j[9][2]_i_32[0]
                         LUT2 (Prop_lut2_I0_O)        0.043     6.363 r  u_array/g_pe[149].u_pe/pr_h[9][15]_i_7/O
                         net (fo=18, unplaced)        0.327     6.690    u_array/g_pe[146].u_pe/pr_h_reg[9][1]_0
                         LUT6 (Prop_lut6_I3_O)        0.043     6.733 r  u_array/g_pe[146].u_pe/pr_h[9][6]_i_2/O
                         net (fo=3, unplaced)         0.288     7.021    u_array/g_pe[157].u_pe/pr_h_reg[9][6]_0
                         LUT6 (Prop_lut6_I5_O)        0.043     7.064 r  u_array/g_pe[157].u_pe/pr_j[9][3]_i_30/O
                         net (fo=1, unplaced)         0.446     7.510    u_array/g_pe[157].u_pe/pr_j[9][3]_i_30_n_0
                         CARRY4 (Prop_carry4_S[3]_CO[3])
                                                      0.223     7.733 r  u_array/g_pe[157].u_pe/pr_j_reg[9][3]_i_5/CO[3]
                         net (fo=1, unplaced)         0.000     7.733    u_array/g_pe[157].u_pe/pr_j_reg[9][3]_i_5_n_0
                         CARRY4 (Prop_carry4_CI_CO[3])
                                                      0.054     7.787 f  u_array/g_pe[157].u_pe/pr_j_reg[9][3]_i_2/CO[3]
                         net (fo=32, unplaced)        0.483     8.270    u_array/g_pe[157].u_pe/pr_j[9][3]_i_13[0]
                         LUT6 (Prop_lut6_I5_O)        0.043     8.313 r  u_array/g_pe[157].u_pe/pr_i[9][3]_i_8/O
                         net (fo=1, unplaced)         0.270     8.583    u_array/g_pe[149].u_pe/pr_i[9][3]_i_4
                         LUT6 (Prop_lut6_I5_O)        0.043     8.626 r  u_array/g_pe[149].u_pe/pr_i[9][3]_i_6/O
                         net (fo=1, unplaced)         0.270     8.896    u_tracker/p_15_in[1]
                         LUT2 (Prop_lut2_I1_O)        0.043     8.939 r  u_tracker/pr_i[9][3]_i_4/O
                         net (fo=1, unplaced)         0.360     9.299    u_tracker/pr_i[9][3]_i_4_n_0
                         CARRY4 (Prop_carry4_S[1]_CO[3])
                                                      0.299     9.598 r  u_tracker/pr_i_reg[9][3]_i_1/CO[3]
                         net (fo=1, unplaced)         0.000     9.598    u_tracker/pr_i_reg[9][3]_i_1_n_0
                         CARRY4 (Prop_carry4_CI_O[1])
                                                      0.173     9.771 r  u_tracker/pr_i_reg[9][7]_i_1/O[1]
                         net (fo=1, unplaced)         0.301    10.072    u_tracker/s1_i16_out[5]
                         FDRE                                         r  u_tracker/pr_i_reg[9][5]/D
  -------------------------------------------------------------------    -------------------

                         (clock clk rise edge)        3.000     3.000 r  <hidden>
                                                      0.000     3.000 r  clk
                         net (fo=27410, unset)        0.510     3.510    u_tracker/clk
                         FDRE                                         r  u_tracker/pr_i_reg[9][5]/C
                         clock pessimism              0.000     3.510    <hidden>
                         clock uncertainty           -0.035     3.475    <hidden>
                         FDRE (Setup_fdre_C_D)       -0.071     3.404    u_tracker/pr_i_reg[9][5]
  -------------------------------------------------------------------
                         required time                          3.404    <hidden>
                         arrival time                         -10.072    <hidden>
  -------------------------------------------------------------------
                         slack                                 -6.668    <hidden>

Slack (VIOLATED) :        -6.646ns  (required time - arrival time)
  Source:                 u_array/g_pe[151].u_pe/H_curr_reg_reg[7]/C
                            (rising edge-triggered cell FDRE clocked by clk  {rise@0.000ns fall@1.500ns period=3.000ns})
  Destination:            u_tracker/pr_i_reg[9][7]/D
                            (rising edge-triggered cell FDRE clocked by clk  {rise@0.000ns fall@1.500ns period=3.000ns})
  Path Group:             clk
  Path Type:              Setup (Max at Slow Process Corner)
  Requirement:            3.000ns  (clk rise@3.000ns - clk rise@0.000ns)
  Data Path Delay:        9.518ns  (logic 2.391ns (25.121%)  route 7.127ns (74.879%))
  Logic Levels:           22  (CARRY4=10 LUT2=2 LUT3=1 LUT4=1 LUT5=2 LUT6=6)
  Clock Path Skew:        -0.027ns (DCD - SCD + CPR)
    Destination Clock Delay (DCD):    0.510ns = ( 3.510 - 3.000 ) 
    Source Clock Delay      (SCD):    0.537ns
    Clock Pessimism Removal (CPR):    0.000ns
  Clock Uncertainty:      0.035ns  ((TSJ^2 + TIJ^2)^1/2 + DJ) / 2 + PE
    Total System Jitter     (TSJ):    0.071ns
    Total Input Jitter      (TIJ):    0.000ns
    Discrete Jitter          (DJ):    0.000ns
    Phase Error              (PE):    0.000ns

    Location             Delay type                Incr(ns)  Path(ns)    Netlist Resource(s)
  -------------------------------------------------------------------    -------------------
                         (clock clk rise edge)        0.000     0.000 r  <hidden>
                                                      0.000     0.000 r  clk
                         net (fo=27410, unset)        0.537     0.537    u_array/g_pe[151].u_pe/clk
                         FDRE                                         r  u_array/g_pe[151].u_pe/H_curr_reg_reg[7]/C
  -------------------------------------------------------------------    -------------------
                         FDRE (Prop_fdre_C_Q)         0.223     0.760 r  u_array/g_pe[151].u_pe/H_curr_reg_reg[7]/Q
                         net (fo=11, unplaced)        0.573     1.333    u_array/g_pe[151].u_pe/H_curr_reg_reg[15]_1[7]
                         LUT6 (Prop_lut6_I0_O)        0.123     1.456 r  u_array/g_pe[151].u_pe/pr_j[9][7]_i_209/O
                         net (fo=1, unplaced)         0.446     1.902    u_array/g_pe[150].u_pe/pr_j_reg[9][7]_i_60_0[3]
                         CARRY4 (Prop_carry4_S[3]_CO[3])
                                                      0.223     2.125 r  u_array/g_pe[150].u_pe/pr_j_reg[9][7]_i_139/CO[3]
                         net (fo=1, unplaced)         0.000     2.125    u_array/g_pe[150].u_pe/pr_j_reg[9][7]_i_139_n_0
                         CARRY4 (Prop_carry4_CI_CO[3])
                                                      0.054     2.179 r  u_array/g_pe[150].u_pe/pr_j_reg[9][7]_i_60/CO[3]
                         net (fo=36, unplaced)        0.486     2.665    u_array/g_pe[150].u_pe/active_q_reg_2[0]
                         LUT5 (Prop_lut5_I2_O)        0.047     2.712 r  u_array/g_pe[150].u_pe/pr_j[9][7]_i_214/O
                         net (fo=5, unplaced)         0.298     3.010    u_array/g_pe[149].u_pe/pr_j[9][2]_i_37_0
                         LUT5 (Prop_lut5_I2_O)        0.043     3.053 r  u_array/g_pe[149].u_pe/pr_j[9][7]_i_201/O
                         net (fo=1, unplaced)         0.446     3.499    u_array/g_pe[149].u_pe/pr_j[9][7]_i_201_n_0
                         CARRY4 (Prop_carry4_S[3]_CO[3])
                                                      0.223     3.722 r  u_array/g_pe[149].u_pe/pr_j_reg[9][7]_i_130/CO[3]
                         net (fo=1, unplaced)         0.000     3.722    u_array/g_pe[149].u_pe/pr_j_reg[9][7]_i_130_n_0
                         CARRY4 (Prop_carry4_CI_CO[3])
                                                      0.054     3.776 r  u_array/g_pe[149].u_pe/pr_j_reg[9][7]_i_59/CO[3]
                         net (fo=38, unplaced)        0.487     4.263    u_array/g_pe[149].u_pe/active_q_reg_1[0]
                         LUT3 (Prop_lut3_I0_O)        0.047     4.310 f  u_array/g_pe[149].u_pe/pr_j[9][2]_i_75/O
                         net (fo=15, unplaced)        0.460     4.770    u_array/g_pe[149].u_pe/pr_j[9][2]_i_75_n_0
                         LUT6 (Prop_lut6_I1_O)        0.043     4.813 r  u_array/g_pe[149].u_pe/pr_j[9][2]_i_66/O
                         net (fo=4, unplaced)         0.294     5.107    u_array/g_pe[146].u_pe/pr_j_reg[9][2]_i_24_6
                         LUT4 (Prop_lut4_I3_O)        0.043     5.150 r  u_array/g_pe[146].u_pe/pr_j[9][2]_i_61/O
                         net (fo=1, unplaced)         0.446     5.596    u_array/g_pe[149].u_pe/pr_j_reg[9][2]_i_4_9[3]
                         CARRY4 (Prop_carry4_S[3]_CO[3])
                                                      0.223     5.819 r  u_array/g_pe[149].u_pe/pr_j_reg[9][2]_i_24/CO[3]
                         net (fo=1, unplaced)         0.000     5.819    u_array/g_pe[149].u_pe/pr_j_reg[9][2]_i_24_n_0
                         CARRY4 (Prop_carry4_CI_CO[3])
                                                      0.054     5.873 r  u_array/g_pe[149].u_pe/pr_j_reg[9][2]_i_4/CO[3]
                         net (fo=7, unplaced)         0.447     6.320    u_array/g_pe[149].u_pe/pr_j[9][2]_i_32[0]
                         LUT2 (Prop_lut2_I0_O)        0.043     6.363 r  u_array/g_pe[149].u_pe/pr_h[9][15]_i_7/O
                         net (fo=18, unplaced)        0.327     6.690    u_array/g_pe[146].u_pe/pr_h_reg[9][1]_0
                         LUT6 (Prop_lut6_I3_O)        0.043     6.733 r  u_array/g_pe[146].u_pe/pr_h[9][6]_i_2/O
                         net (fo=3, unplaced)         0.288     7.021    u_array/g_pe[157].u_pe/pr_h_reg[9][6]_0
                         LUT6 (Prop_lut6_I5_O)        0.043     7.064 r  u_array/g_pe[157].u_pe/pr_j[9][3]_i_30/O
                         net (fo=1, unplaced)         0.446     7.510    u_array/g_pe[157].u_pe/pr_j[9][3]_i_30_n_0
                         CARRY4 (Prop_carry4_S[3]_CO[3])
                                                      0.223     7.733 r  u_array/g_pe[157].u_pe/pr_j_reg[9][3]_i_5/CO[3]
                         net (fo=1, unplaced)         0.000     7.733    u_array/g_pe[157].u_pe/pr_j_reg[9][3]_i_5_n_0
                         CARRY4 (Prop_carry4_CI_CO[3])
                                                      0.054     7.787 f  u_array/g_pe[157].u_pe/pr_j_reg[9][3]_i_2/CO[3]
                         net (fo=32, unplaced)        0.483     8.270    u_array/g_pe[157].u_pe/pr_j[9][3]_i_13[0]
                         LUT6 (Prop_lut6_I5_O)        0.043     8.313 r  u_array/g_pe[157].u_pe/pr_i[9][3]_i_8/O
                         net (fo=1, unplaced)         0.270     8.583    u_array/g_pe[149].u_pe/pr_i[9][3]_i_4
                         LUT6 (Prop_lut6_I5_O)        0.043     8.626 r  u_array/g_pe[149].u_pe/pr_i[9][3]_i_6/O
                         net (fo=1, unplaced)         0.270     8.896    u_tracker/p_15_in[1]
                         LUT2 (Prop_lut2_I1_O)        0.043     8.939 r  u_tracker/pr_i[9][3]_i_4/O
                         net (fo=1, unplaced)         0.360     9.299    u_tracker/pr_i[9][3]_i_4_n_0
                         CARRY4 (Prop_carry4_S[1]_CO[3])
                                                      0.299     9.598 r  u_tracker/pr_i_reg[9][3]_i_1/CO[3]
                         net (fo=1, unplaced)         0.000     9.598    u_tracker/pr_i_reg[9][3]_i_1_n_0
                         CARRY4 (Prop_carry4_CI_O[3])
                                                      0.157     9.755 r  u_tracker/pr_i_reg[9][7]_i_1/O[3]
                         net (fo=1, unplaced)         0.300    10.055    u_tracker/s1_i16_out[7]
                         FDRE                                         r  u_tracker/pr_i_reg[9][7]/D
  -------------------------------------------------------------------    -------------------

                         (clock clk rise edge)        3.000     3.000 r  <hidden>
                                                      0.000     3.000 r  clk
                         net (fo=27410, unset)        0.510     3.510    u_tracker/clk
                         FDRE                                         r  u_tracker/pr_i_reg[9][7]/C
                         clock pessimism              0.000     3.510    <hidden>
                         clock uncertainty           -0.035     3.475    <hidden>
                         FDRE (Setup_fdre_C_D)       -0.066     3.409    u_tracker/pr_i_reg[9][7]
  -------------------------------------------------------------------
                         required time                          3.409    <hidden>
                         arrival time                         -10.055    <hidden>
  -------------------------------------------------------------------
                         slack                                 -6.646    <hidden>

Slack (VIOLATED) :        -6.643ns  (required time - arrival time)
  Source:                 u_array/g_pe[43].u_pe/H_curr_reg_reg[7]/C
                            (rising edge-triggered cell FDRE clocked by clk  {rise@0.000ns fall@1.500ns period=3.000ns})
  Destination:            u_tracker/pr_i_reg[2][9]/D
                            (rising edge-triggered cell FDRE clocked by clk  {rise@0.000ns fall@1.500ns period=3.000ns})
  Path Group:             clk
  Path Type:              Setup (Max at Slow Process Corner)
  Requirement:            3.000ns  (clk rise@3.000ns - clk rise@0.000ns)
  Data Path Delay:        9.510ns  (logic 2.410ns (25.342%)  route 7.100ns (74.658%))
  Logic Levels:           22  (CARRY4=11 LUT2=1 LUT3=1 LUT4=1 LUT5=2 LUT6=6)
  Clock Path Skew:        -0.027ns (DCD - SCD + CPR)
    Destination Clock Delay (DCD):    0.510ns = ( 3.510 - 3.000 ) 
    Source Clock Delay      (SCD):    0.537ns
    Clock Pessimism Removal (CPR):    0.000ns
  Clock Uncertainty:      0.035ns  ((TSJ^2 + TIJ^2)^1/2 + DJ) / 2 + PE
    Total System Jitter     (TSJ):    0.071ns
    Total Input Jitter      (TIJ):    0.000ns
    Discrete Jitter          (DJ):    0.000ns
    Phase Error              (PE):    0.000ns

    Location             Delay type                Incr(ns)  Path(ns)    Netlist Resource(s)
  -------------------------------------------------------------------    -------------------
                         (clock clk rise edge)        0.000     0.000 r  <hidden>
                                                      0.000     0.000 r  clk
                         net (fo=27410, unset)        0.537     0.537    u_array/g_pe[43].u_pe/clk
                         FDRE                                         r  u_array/g_pe[43].u_pe/H_curr_reg_reg[7]/C
  -------------------------------------------------------------------    -------------------
                         FDRE (Prop_fdre_C_Q)         0.223     0.760 r  u_array/g_pe[43].u_pe/H_curr_reg_reg[7]/Q
                         net (fo=10, unplaced)        0.570     1.330    u_array/g_pe[43].u_pe/H_curr_reg_reg[15]_1[7]
                         LUT6 (Prop_lut6_I0_O)        0.123     1.453 r  u_array/g_pe[43].u_pe/pr_j[2][5]_i_264/O
                         net (fo=1, unplaced)         0.446     1.899    u_array/g_pe[42].u_pe/pr_j_reg[2][5]_i_50_1[3]
                         CARRY4 (Prop_carry4_S[3]_CO[3])
                                                      0.223     2.122 r  u_array/g_pe[42].u_pe/pr_j_reg[2][5]_i_139/CO[3]
                         net (fo=1, unplaced)         0.000     2.122    u_array/g_pe[42].u_pe/pr_j_reg[2][5]_i_139_n_0
                         CARRY4 (Prop_carry4_CI_CO[3])
                                                      0.054     2.176 r  u_array/g_pe[42].u_pe/pr_j_reg[2][5]_i_50/CO[3]
                         net (fo=20, unplaced)        0.472     2.648    u_array/g_pe[42].u_pe/active_q_reg_2[0]
                         LUT5 (Prop_lut5_I2_O)        0.043     2.691 r  u_array/g_pe[42].u_pe/pr_h[2][6]_i_10/O
                         net (fo=6, unplaced)         0.302     2.993    u_array/g_pe[40].u_pe/pr_j_reg[2][5]_i_60_7
                         LUT5 (Prop_lut5_I4_O)        0.043     3.036 r  u_array/g_pe[40].u_pe/pr_j[2][5]_i_160/O
                         net (fo=1, unplaced)         0.446     3.482    u_array/g_pe[40].u_pe/pr_j[2][5]_i_160_n_0
                         CARRY4 (Prop_carry4_S[3]_CO[3])
                                                      0.223     3.705 r  u_array/g_pe[40].u_pe/pr_j_reg[2][5]_i_60/CO[3]
                         net (fo=1, unplaced)         0.000     3.705    u_array/g_pe[40].u_pe/pr_j_reg[2][5]_i_60_n_0
                         CARRY4 (Prop_carry4_CI_CO[3])
                                                      0.054     3.759 r  u_array/g_pe[40].u_pe/pr_j_reg[2][5]_i_15/CO[3]
                         net (fo=23, unplaced)        0.475     4.234    u_array/g_pe[41].u_pe/pr_h_reg[2][15]_3[0]
                         LUT3 (Prop_lut3_I2_O)        0.043     4.277 f  u_array/g_pe[41].u_pe/pr_h[2][14]_i_12/O
                         net (fo=31, unplaced)        0.477     4.754    u_array/g_pe[41].u_pe/pr_h[2][14]_i_12_n_0
                         LUT6 (Prop_lut6_I0_O)        0.043     4.797 r  u_array/g_pe[41].u_pe/pr_h[2][7]_i_4/O
                         net (fo=4, unplaced)         0.431     5.228    u_array/g_pe[41].u_pe/pr_h[2][7]_i_4_n_0
                         LUT4 (Prop_lut4_I1_O)        0.043     5.271 r  u_array/g_pe[41].u_pe/pr_j[2][3]_i_27/O
                         net (fo=1, unplaced)         0.446     5.717    u_array/g_pe[41].u_pe/pr_j[2][3]_i_27_n_0
                         CARRY4 (Prop_carry4_S[3]_CO[3])
                                                      0.223     5.940 r  u_array/g_pe[41].u_pe/pr_j_reg[2][3]_i_5/CO[3]
                         net (fo=1, unplaced)         0.000     5.940    u_array/g_pe[41].u_pe/pr_j_reg[2][3]_i_5_n_0
                         CARRY4 (Prop_carry4_CI_CO[3])
                                                      0.054     5.994 r  u_array/g_pe[41].u_pe/pr_j_reg[2][3]_i_3/CO[3]
                         net (fo=56, unplaced)        0.497     6.491    u_array/g_pe[41].u_pe/pr_j[2][3]_i_13_0[0]
                         LUT6 (Prop_lut6_I3_O)        0.043     6.534 r  u_array/g_pe[41].u_pe/pr_j[2][5]_i_210/O
                         net (fo=1, unplaced)         0.407     6.941    u_array/g_pe[41].u_pe/pr_j[2][5]_i_210_n_0
                         LUT6 (Prop_lut6_I4_O)        0.043     6.984 r  u_array/g_pe[41].u_pe/pr_j[2][5]_i_93/O
                         net (fo=1, unplaced)         0.446     7.430    u_array/g_pe[41].u_pe/pr_j[2][5]_i_93_n_0
                         CARRY4 (Prop_carry4_S[3]_CO[3])
                                                      0.223     7.653 r  u_array/g_pe[41].u_pe/pr_j_reg[2][5]_i_20/CO[3]
                         net (fo=1, unplaced)         0.000     7.653    u_array/g_pe[41].u_pe/pr_j_reg[2][5]_i_20_n_0
                         CARRY4 (Prop_carry4_CI_CO[3])
                                                      0.054     7.707 f  u_array/g_pe[41].u_pe/pr_j_reg[2][5]_i_6/CO[3]
                         net (fo=33, unplaced)        0.484     8.191    u_array/g_pe[41].u_pe/pr_j[2][5]_i_28_0[0]
                         LUT6 (Prop_lut6_I5_O)        0.043     8.234 r  u_array/g_pe[41].u_pe/pr_i[2][3]_i_8/O
                         net (fo=1, unplaced)         0.270     8.504    u_array/g_pe[36].u_pe/pr_i[2][3]_i_4_0
                         LUT6 (Prop_lut6_I5_O)        0.043     8.547 r  u_array/g_pe[36].u_pe/pr_i[2][3]_i_6/O
                         net (fo=1, unplaced)         0.270     8.817    u_tracker/p_1_in[1]
                         LUT2 (Prop_lut2_I1_O)        0.043     8.860 r  u_tracker/pr_i[2][3]_i_4/O
                         net (fo=1, unplaced)         0.360     9.220    u_tracker/pr_i[2][3]_i_4_n_0
                         CARRY4 (Prop_carry4_S[1]_CO[3])
                                                      0.299     9.519 r  u_tracker/pr_i_reg[2][3]_i_1/CO[3]
                         net (fo=1, unplaced)         0.000     9.519    u_tracker/pr_i_reg[2][3]_i_1_n_0
                         CARRY4 (Prop_carry4_CI_CO[3])
                                                      0.054     9.573 r  u_tracker/pr_i_reg[2][7]_i_1/CO[3]
                         net (fo=1, unplaced)         0.000     9.573    u_tracker/pr_i_reg[2][7]_i_1_n_0
                         CARRY4 (Prop_carry4_CI_O[1])
                                                      0.173     9.746 r  u_tracker/pr_i_reg[2][11]_i_1/O[1]
                         net (fo=1, unplaced)         0.301    10.047    u_tracker/s1_i2_out[9]
                         FDRE                                         r  u_tracker/pr_i_reg[2][9]/D
  -------------------------------------------------------------------    -------------------

                         (clock clk rise edge)        3.000     3.000 r  <hidden>
                                                      0.000     3.000 r  clk
                         net (fo=27410, unset)        0.510     3.510    u_tracker/clk
                         FDRE                                         r  u_tracker/pr_i_reg[2][9]/C
                         clock pessimism              0.000     3.510    <hidden>
                         clock uncertainty           -0.035     3.475    <hidden>
                         FDRE (Setup_fdre_C_D)       -0.071     3.404    u_tracker/pr_i_reg[2][9]
  -------------------------------------------------------------------
                         required time                          3.404    <hidden>
                         arrival time                         -10.047    <hidden>
  -------------------------------------------------------------------
                         slack                                 -6.643    <hidden>

Slack (VIOLATED) :        -6.643ns  (required time - arrival time)
  Source:                 u_array/g_pe[87].u_pe/H_curr_reg_reg[7]/C
                            (rising edge-triggered cell FDRE clocked by clk  {rise@0.000ns fall@1.500ns period=3.000ns})
  Destination:            u_tracker/pr_i_reg[5][13]/D
                            (rising edge-triggered cell FDRE clocked by clk  {rise@0.000ns fall@1.500ns period=3.000ns})
  Path Group:             clk
  Path Type:              Setup (Max at Slow Process Corner)
  Requirement:            3.000ns  (clk rise@3.000ns - clk rise@0.000ns)
  Data Path Delay:        9.510ns  (logic 2.511ns (26.404%)  route 6.999ns (73.596%))
  Logic Levels:           24  (CARRY4=12 LUT2=3 LUT4=1 LUT5=2 LUT6=6)
  Clock Path Skew:        -0.027ns (DCD - SCD + CPR)
    Destination Clock Delay (DCD):    0.510ns = ( 3.510 - 3.000 ) 
    Source Clock Delay      (SCD):    0.537ns
    Clock Pessimism Removal (CPR):    0.000ns
  Clock Uncertainty:      0.035ns  ((TSJ^2 + TIJ^2)^1/2 + DJ) / 2 + PE
    Total System Jitter     (TSJ):    0.071ns
    Total Input Jitter      (TIJ):    0.000ns
    Discrete Jitter          (DJ):    0.000ns
    Phase Error              (PE):    0.000ns

    Location             Delay type                Incr(ns)  Path(ns)    Netlist Resource(s)
  -------------------------------------------------------------------    -------------------
                         (clock clk rise edge)        0.000     0.000 r  <hidden>
                                                      0.000     0.000 r  clk
                         net (fo=27410, unset)        0.537     0.537    u_array/g_pe[87].u_pe/clk
                         FDRE                                         r  u_array/g_pe[87].u_pe/H_curr_reg_reg[7]/C
  -------------------------------------------------------------------    -------------------
                         FDRE (Prop_fdre_C_Q)         0.223     0.760 r  u_array/g_pe[87].u_pe/H_curr_reg_reg[7]/Q
                         net (fo=11, unplaced)        0.573     1.333    u_array/g_pe[87].u_pe/H_curr_reg_reg[15]_1[7]
                         LUT6 (Prop_lut6_I0_O)        0.123     1.456 r  u_array/g_pe[87].u_pe/pr_j[5][6]_i_195/O
                         net (fo=1, unplaced)         0.446     1.902    u_array/g_pe[86].u_pe/pr_j_reg[5][6]_i_39_0[3]
                         CARRY4 (Prop_carry4_S[3]_CO[3])
                                                      0.223     2.125 r  u_array/g_pe[86].u_pe/pr_j_reg[5][6]_i_118/CO[3]
                         net (fo=1, unplaced)         0.000     2.125    u_array/g_pe[86].u_pe/pr_j_reg[5][6]_i_118_n_0
                         CARRY4 (Prop_carry4_CI_CO[3])
                                                      0.054     2.179 r  u_array/g_pe[86].u_pe/pr_j_reg[5][6]_i_39/CO[3]
                         net (fo=36, unplaced)        0.486     2.665    u_array/g_pe[86].u_pe/active_q_reg_2[0]
                         LUT5 (Prop_lut5_I2_O)        0.047     2.712 r  u_array/g_pe[86].u_pe/pr_j[5][2]_i_151/O
                         net (fo=5, unplaced)         0.298     3.010    u_array/g_pe[84].u_pe/pr_j[5][1]_i_19_0
                         LUT5 (Prop_lut5_I4_O)        0.043     3.053 r  u_array/g_pe[84].u_pe/pr_j[5][2]_i_113/O
                         net (fo=1, unplaced)         0.446     3.499    u_array/g_pe[84].u_pe/pr_j[5][2]_i_113_n_0
                         CARRY4 (Prop_carry4_S[3]_CO[3])
                                                      0.223     3.722 r  u_array/g_pe[84].u_pe/pr_j_reg[5][2]_i_40/CO[3]
                         net (fo=1, unplaced)         0.000     3.722    u_array/g_pe[84].u_pe/pr_j_reg[5][2]_i_40_n_0
                         CARRY4 (Prop_carry4_CI_CO[3])
                                                      0.054     3.776 f  u_array/g_pe[84].u_pe/pr_j_reg[5][2]_i_8/CO[3]
                         net (fo=37, unplaced)        0.487     4.263    u_array/g_pe[84].u_pe/active_q_reg_3[0]
                         LUT2 (Prop_lut2_I0_O)        0.043     4.306 r  u_array/g_pe[84].u_pe/pr_j[5][6]_i_10/O
                         net (fo=19, unplaced)        0.329     4.635    u_array/g_pe[84].u_pe/pr_j[5][6]_i_10_n_0
                         LUT6 (Prop_lut6_I5_O)        0.043     4.678 r  u_array/g_pe[84].u_pe/pr_j[5][1]_i_36/O
                         net (fo=4, unplaced)         0.294     4.972    u_array/g_pe[82].u_pe/pr_j_reg[5][6]_i_57_6
                         LUT4 (Prop_lut4_I3_O)        0.043     5.015 r  u_array/g_pe[82].u_pe/pr_j[5][6]_i_139/O
                         net (fo=1, unplaced)         0.446     5.461    u_array/g_pe[84].u_pe/pr_j_reg[5][6]_i_25_8[3]
                         CARRY4 (Prop_carry4_S[3]_CO[3])
                                                      0.223     5.684 r  u_array/g_pe[84].u_pe/pr_j_reg[5][6]_i_57/CO[3]
                         net (fo=1, unplaced)         0.000     5.684    u_array/g_pe[84].u_pe/pr_j_reg[5][6]_i_57_n_0
                         CARRY4 (Prop_carry4_CI_CO[3])
                                                      0.054     5.738 r  u_array/g_pe[84].u_pe/pr_j_reg[5][6]_i_25/CO[3]
                         net (fo=8, unplaced)         0.450     6.188    u_array/g_pe[84].u_pe/pr_j[5][6]_i_65[0]
                         LUT2 (Prop_lut2_I0_O)        0.043     6.231 r  u_array/g_pe[84].u_pe/pr_h[5][15]_i_8/O
                         net (fo=17, unplaced)        0.326     6.557    u_array/g_pe[80].u_pe/pr_h_reg[5][1]_0
                         LUT6 (Prop_lut6_I3_O)        0.043     6.600 r  u_array/g_pe[80].u_pe/pr_h[5][6]_i_2/O
                         net (fo=3, unplaced)         0.288     6.888    u_array/g_pe[88].u_pe/pr_h_reg[5][6]
                         LUT6 (Prop_lut6_I5_O)        0.043     6.931 r  u_array/g_pe[88].u_pe/pr_j[5][6]_i_70/O
                         net (fo=1, unplaced)         0.446     7.377    u_array/g_pe[88].u_pe/pr_j[5][6]_i_70_n_0
                         CARRY4 (Prop_carry4_S[3]_CO[3])
                                                      0.223     7.600 r  u_array/g_pe[88].u_pe/pr_j_reg[5][6]_i_26/CO[3]
                         net (fo=1, unplaced)         0.000     7.600    u_array/g_pe[88].u_pe/pr_j_reg[5][6]_i_26_n_0
                         CARRY4 (Prop_carry4_CI_CO[3])
                                                      0.054     7.654 f  u_array/g_pe[88].u_pe/pr_j_reg[5][6]_i_7/CO[3]
                         net (fo=32, unplaced)        0.483     8.137    u_array/g_pe[88].u_pe/pr_j[5][6]_i_34_0[0]
                         LUT6 (Prop_lut6_I5_O)        0.043     8.180 r  u_array/g_pe[88].u_pe/pr_i[5][3]_i_8/O
                         net (fo=1, unplaced)         0.270     8.450    u_array/g_pe[84].u_pe/pr_i[5][3]_i_4_0
                         LUT6 (Prop_lut6_I5_O)        0.043     8.493 r  u_array/g_pe[84].u_pe/pr_i[5][3]_i_6/O
                         net (fo=1, unplaced)         0.270     8.763    u_tracker/p_7_in[1]
                         LUT2 (Prop_lut2_I1_O)        0.043     8.806 r  u_tracker/pr_i[5][3]_i_4/O
                         net (fo=1, unplaced)         0.360     9.166    u_tracker/pr_i[5][3]_i_4_n_0
                         CARRY4 (Prop_carry4_S[1]_CO[3])
                                                      0.299     9.465 r  u_tracker/pr_i_reg[5][3]_i_1/CO[3]
                         net (fo=1, unplaced)         0.000     9.465    u_tracker/pr_i_reg[5][3]_i_1_n_0
                         CARRY4 (Prop_carry4_CI_CO[3])
                                                      0.054     9.519 r  u_tracker/pr_i_reg[5][7]_i_1/CO[3]
                         net (fo=1, unplaced)         0.000     9.519    u_tracker/pr_i_reg[5][7]_i_1_n_0
                         CARRY4 (Prop_carry4_CI_CO[3])
                                                      0.054     9.573 r  u_tracker/pr_i_reg[5][11]_i_1/CO[3]
                         net (fo=1, unplaced)         0.000     9.573    u_tracker/pr_i_reg[5][11]_i_1_n_0
                         CARRY4 (Prop_carry4_CI_O[1])
                                                      0.173     9.746 r  u_tracker/pr_i_reg[5][15]_i_2/O[1]
                         net (fo=1, unplaced)         0.301    10.047    u_tracker/s1_i8_out[13]
                         FDRE                                         r  u_tracker/pr_i_reg[5][13]/D
  -------------------------------------------------------------------    -------------------

                         (clock clk rise edge)        3.000     3.000 r  <hidden>
                                                      0.000     3.000 r  clk
                         net (fo=27410, unset)        0.510     3.510    u_tracker/clk
                         FDRE                                         r  u_tracker/pr_i_reg[5][13]/C
                         clock pessimism              0.000     3.510    <hidden>
                         clock uncertainty           -0.035     3.475    <hidden>
                         FDRE (Setup_fdre_C_D)       -0.071     3.404    u_tracker/pr_i_reg[5][13]
  -------------------------------------------------------------------
                         required time                          3.404    <hidden>
                         arrival time                         -10.047    <hidden>
  -------------------------------------------------------------------
                         slack                                 -6.643    <hidden>

Slack (VIOLATED) :        -6.642ns  (required time - arrival time)
  Source:                 u_array/g_pe[139].u_pe/H_curr_reg_reg[7]/C
                            (rising edge-triggered cell FDRE clocked by clk  {rise@0.000ns fall@1.500ns period=3.000ns})
  Destination:            u_tracker/pr_i_reg[8][9]/D
                            (rising edge-triggered cell FDRE clocked by clk  {rise@0.000ns fall@1.500ns period=3.000ns})
  Path Group:             clk
  Path Type:              Setup (Max at Slow Process Corner)
  Requirement:            3.000ns  (clk rise@3.000ns - clk rise@0.000ns)
  Data Path Delay:        9.509ns  (logic 2.410ns (25.344%)  route 7.099ns (74.656%))
  Logic Levels:           22  (CARRY4=11 LUT2=1 LUT3=1 LUT4=1 LUT5=2 LUT6=6)
  Clock Path Skew:        -0.027ns (DCD - SCD + CPR)
    Destination Clock Delay (DCD):    0.510ns = ( 3.510 - 3.000 ) 
    Source Clock Delay      (SCD):    0.537ns
    Clock Pessimism Removal (CPR):    0.000ns
  Clock Uncertainty:      0.035ns  ((TSJ^2 + TIJ^2)^1/2 + DJ) / 2 + PE
    Total System Jitter     (TSJ):    0.071ns
    Total Input Jitter      (TIJ):    0.000ns
    Discrete Jitter          (DJ):    0.000ns
    Phase Error              (PE):    0.000ns

    Location             Delay type                Incr(ns)  Path(ns)    Netlist Resource(s)
  -------------------------------------------------------------------    -------------------
                         (clock clk rise edge)        0.000     0.000 r  <hidden>
                                                      0.000     0.000 r  clk
                         net (fo=27410, unset)        0.537     0.537    u_array/g_pe[139].u_pe/clk
                         FDRE                                         r  u_array/g_pe[139].u_pe/H_curr_reg_reg[7]/C
  -------------------------------------------------------------------    -------------------
                         FDRE (Prop_fdre_C_Q)         0.223     0.760 r  u_array/g_pe[139].u_pe/H_curr_reg_reg[7]/Q
                         net (fo=10, unplaced)        0.570     1.330    u_array/g_pe[139].u_pe/H_curr_reg_reg[15]_1[7]
                         LUT6 (Prop_lut6_I0_O)        0.123     1.453 r  u_array/g_pe[139].u_pe/pr_j[8][3]_i_18/O
                         net (fo=1, unplaced)         0.446     1.899    u_array/g_pe[138].u_pe/pr_j_reg[8][3]_i_4_0[3]
                         CARRY4 (Prop_carry4_S[3]_CO[3])
                                                      0.223     2.122 r  u_array/g_pe[138].u_pe/pr_j_reg[8][3]_i_5/CO[3]
                         net (fo=1, unplaced)         0.000     2.122    u_array/g_pe[138].u_pe/pr_j_reg[8][3]_i_5_n_0
                         CARRY4 (Prop_carry4_CI_CO[3])
                                                      0.054     2.176 r  u_array/g_pe[138].u_pe/pr_j_reg[8][3]_i_4/CO[3]
                         net (fo=20, unplaced)        0.472     2.648    u_array/g_pe[138].u_pe/H_curr_reg_reg[15]_2[0]
                         LUT5 (Prop_lut5_I2_O)        0.043     2.691 r  u_array/g_pe[138].u_pe/pr_h[8][6]_i_9/O
                         net (fo=6, unplaced)         0.302     2.993    u_array/g_pe[137].u_pe/pr_h_reg[8][6]_1
                         LUT5 (Prop_lut5_I2_O)        0.043     3.036 r  u_array/g_pe[137].u_pe/pr_j[8][7]_i_256/O
                         net (fo=1, unplaced)         0.446     3.482    u_array/g_pe[137].u_pe/pr_j[8][7]_i_256_n_0
                         CARRY4 (Prop_carry4_S[3]_CO[3])
                                                      0.223     3.705 r  u_array/g_pe[137].u_pe/pr_j_reg[8][7]_i_112/CO[3]
                         net (fo=1, unplaced)         0.000     3.705    u_array/g_pe[137].u_pe/pr_j_reg[8][7]_i_112_n_0
                         CARRY4 (Prop_carry4_CI_CO[3])
                                                      0.054     3.759 r  u_array/g_pe[137].u_pe/pr_j_reg[8][7]_i_36/CO[3]
                         net (fo=22, unplaced)        0.474     4.233    u_array/g_pe[137].u_pe/pr_j_reg[8][7]_i_36_n_0
                         LUT3 (Prop_lut3_I2_O)        0.043     4.276 f  u_array/g_pe[137].u_pe/pr_h[8][14]_i_9/O
                         net (fo=32, unplaced)        0.478     4.754    u_array/g_pe[137].u_pe/pr_j_reg[8][7]_i_36_0
                         LUT6 (Prop_lut6_I0_O)        0.043     4.797 r  u_array/g_pe[137].u_pe/pr_h[8][7]_i_3/O
                         net (fo=4, unplaced)         0.431     5.228    u_array/g_pe[141].u_pe/pr_j_reg[8][7]_i_27_5
                         LUT4 (Prop_lut4_I1_O)        0.043     5.271 r  u_array/g_pe[141].u_pe/pr_j[8][7]_i_108/O
                         net (fo=1, unplaced)         0.446     5.717    u_array/g_pe[137].u_pe/pr_j_reg[8][7]_i_6_0[3]
                         CARRY4 (Prop_carry4_S[3]_CO[3])
                                                      0.223     5.940 r  u_array/g_pe[137].u_pe/pr_j_reg[8][7]_i_27/CO[3]
                         net (fo=1, unplaced)         0.000     5.940    u_array/g_pe[137].u_pe/pr_j_reg[8][7]_i_27_n_0
                         CARRY4 (Prop_carry4_CI_CO[3])
                                                      0.054     5.994 r  u_array/g_pe[137].u_pe/pr_j_reg[8][7]_i_6/CO[3]
                         net (fo=58, unplaced)        0.498     6.492    u_array/g_pe[137].u_pe/pr_j[8][7]_i_35[0]
                         LUT6 (Prop_lut6_I3_O)        0.043     6.535 r  u_array/g_pe[137].u_pe/pr_j[8][7]_i_143/O
                         net (fo=1, unplaced)         0.407     6.942    u_array/g_pe[137].u_pe/pr_j[8][7]_i_143_n_0
                         LUT6 (Prop_lut6_I4_O)        0.043     6.985 r  u_array/g_pe[137].u_pe/pr_j[8][7]_i_44/O
                         net (fo=1, unplaced)         0.446     7.431    u_array/g_pe[137].u_pe/pr_j[8][7]_i_44_n_0
                         CARRY4 (Prop_carry4_S[3]_CO[3])
                                                      0.223     7.654 r  u_array/g_pe[137].u_pe/pr_j_reg[8][7]_i_8/CO[3]
                         net (fo=1, unplaced)         0.000     7.654    u_array/g_pe[137].u_pe/pr_j_reg[8][7]_i_8_n_0
                         CARRY4 (Prop_carry4_CI_CO[3])
                                                      0.054     7.708 f  u_array/g_pe[137].u_pe/pr_j_reg[8][7]_i_2/CO[3]
                         net (fo=30, unplaced)        0.482     8.190    u_array/g_pe[137].u_pe/pr_j[8][7]_i_16_0[0]
                         LUT6 (Prop_lut6_I0_O)        0.043     8.233 r  u_array/g_pe[137].u_pe/pr_i[8][3]_i_8/O
                         net (fo=1, unplaced)         0.270     8.503    u_array/g_pe[130].u_pe/pr_i[8][3]_i_4_0
                         LUT6 (Prop_lut6_I5_O)        0.043     8.546 r  u_array/g_pe[130].u_pe/pr_i[8][3]_i_6/O
                         net (fo=1, unplaced)         0.270     8.816    u_tracker/p_13_in[1]
                         LUT2 (Prop_lut2_I1_O)        0.043     8.859 r  u_tracker/pr_i[8][3]_i_4/O
                         net (fo=1, unplaced)         0.360     9.219    u_tracker/pr_i[8][3]_i_4_n_0
                         CARRY4 (Prop_carry4_S[1]_CO[3])
                                                      0.299     9.518 r  u_tracker/pr_i_reg[8][3]_i_1/CO[3]
                         net (fo=1, unplaced)         0.000     9.518    u_tracker/pr_i_reg[8][3]_i_1_n_0
                         CARRY4 (Prop_carry4_CI_CO[3])
                                                      0.054     9.572 r  u_tracker/pr_i_reg[8][7]_i_1/CO[3]
                         net (fo=1, unplaced)         0.000     9.572    u_tracker/pr_i_reg[8][7]_i_1_n_0
                         CARRY4 (Prop_carry4_CI_O[1])
                                                      0.173     9.745 r  u_tracker/pr_i_reg[8][11]_i_1/O[1]
                         net (fo=1, unplaced)         0.301    10.046    u_tracker/s1_i14_out[9]
                         FDRE                                         r  u_tracker/pr_i_reg[8][9]/D
  -------------------------------------------------------------------    -------------------

                         (clock clk rise edge)        3.000     3.000 r  <hidden>
                                                      0.000     3.000 r  clk
                         net (fo=27410, unset)        0.510     3.510    u_tracker/clk
                         FDRE                                         r  u_tracker/pr_i_reg[8][9]/C
                         clock pessimism              0.000     3.510    <hidden>
                         clock uncertainty           -0.035     3.475    <hidden>
                         FDRE (Setup_fdre_C_D)       -0.071     3.404    u_tracker/pr_i_reg[8][9]
  -------------------------------------------------------------------
                         required time                          3.404    <hidden>
                         arrival time                         -10.046    <hidden>
  -------------------------------------------------------------------
                         slack                                 -6.642    <hidden>

Slack (VIOLATED) :        -6.621ns  (required time - arrival time)
  Source:                 u_array/g_pe[43].u_pe/H_curr_reg_reg[7]/C
                            (rising edge-triggered cell FDRE clocked by clk  {rise@0.000ns fall@1.500ns period=3.000ns})
  Destination:            u_tracker/pr_i_reg[2][11]/D
                            (rising edge-triggered cell FDRE clocked by clk  {rise@0.000ns fall@1.500ns period=3.000ns})
  Path Group:             clk
  Path Type:              Setup (Max at Slow Process Corner)
  Requirement:            3.000ns  (clk rise@3.000ns - clk rise@0.000ns)
  Data Path Delay:        9.493ns  (logic 2.394ns (25.219%)  route 7.099ns (74.781%))
  Logic Levels:           22  (CARRY4=11 LUT2=1 LUT3=1 LUT4=1 LUT5=2 LUT6=6)
  Clock Path Skew:        -0.027ns (DCD - SCD + CPR)
    Destination Clock Delay (DCD):    0.510ns = ( 3.510 - 3.000 ) 
    Source Clock Delay      (SCD):    0.537ns
    Clock Pessimism Removal (CPR):    0.000ns
  Clock Uncertainty:      0.035ns  ((TSJ^2 + TIJ^2)^1/2 + DJ) / 2 + PE
    Total System Jitter     (TSJ):    0.071ns
    Total Input Jitter      (TIJ):    0.000ns
    Discrete Jitter          (DJ):    0.000ns
    Phase Error              (PE):    0.000ns

    Location             Delay type                Incr(ns)  Path(ns)    Netlist Resource(s)
  -------------------------------------------------------------------    -------------------
                         (clock clk rise edge)        0.000     0.000 r  <hidden>
                                                      0.000     0.000 r  clk
                         net (fo=27410, unset)        0.537     0.537    u_array/g_pe[43].u_pe/clk
                         FDRE                                         r  u_array/g_pe[43].u_pe/H_curr_reg_reg[7]/C
  -------------------------------------------------------------------    -------------------
                         FDRE (Prop_fdre_C_Q)         0.223     0.760 r  u_array/g_pe[43].u_pe/H_curr_reg_reg[7]/Q
                         net (fo=10, unplaced)        0.570     1.330    u_array/g_pe[43].u_pe/H_curr_reg_reg[15]_1[7]
                         LUT6 (Prop_lut6_I0_O)        0.123     1.453 r  u_array/g_pe[43].u_pe/pr_j[2][5]_i_264/O
                         net (fo=1, unplaced)         0.446     1.899    u_array/g_pe[42].u_pe/pr_j_reg[2][5]_i_50_1[3]
                         CARRY4 (Prop_carry4_S[3]_CO[3])
                                                      0.223     2.122 r  u_array/g_pe[42].u_pe/pr_j_reg[2][5]_i_139/CO[3]
                         net (fo=1, unplaced)         0.000     2.122    u_array/g_pe[42].u_pe/pr_j_reg[2][5]_i_139_n_0
                         CARRY4 (Prop_carry4_CI_CO[3])
                                                      0.054     2.176 r  u_array/g_pe[42].u_pe/pr_j_reg[2][5]_i_50/CO[3]
                         net (fo=20, unplaced)        0.472     2.648    u_array/g_pe[42].u_pe/active_q_reg_2[0]
                         LUT5 (Prop_lut5_I2_O)        0.043     2.691 r  u_array/g_pe[42].u_pe/pr_h[2][6]_i_10/O
                         net (fo=6, unplaced)         0.302     2.993    u_array/g_pe[40].u_pe/pr_j_reg[2][5]_i_60_7
                         LUT5 (Prop_lut5_I4_O)        0.043     3.036 r  u_array/g_pe[40].u_pe/pr_j[2][5]_i_160/O
                         net (fo=1, unplaced)         0.446     3.482    u_array/g_pe[40].u_pe/pr_j[2][5]_i_160_n_0
                         CARRY4 (Prop_carry4_S[3]_CO[3])
                                                      0.223     3.705 r  u_array/g_pe[40].u_pe/pr_j_reg[2][5]_i_60/CO[3]
                         net (fo=1, unplaced)         0.000     3.705    u_array/g_pe[40].u_pe/pr_j_reg[2][5]_i_60_n_0
                         CARRY4 (Prop_carry4_CI_CO[3])
                                                      0.054     3.759 r  u_array/g_pe[40].u_pe/pr_j_reg[2][5]_i_15/CO[3]
                         net (fo=23, unplaced)        0.475     4.234    u_array/g_pe[41].u_pe/pr_h_reg[2][15]_3[0]
                         LUT3 (Prop_lut3_I2_O)        0.043     4.277 f  u_array/g_pe[41].u_pe/pr_h[2][14]_i_12/O
                         net (fo=31, unplaced)        0.477     4.754    u_array/g_pe[41].u_pe/pr_h[2][14]_i_12_n_0
                         LUT6 (Prop_lut6_I0_O)        0.043     4.797 r  u_array/g_pe[41].u_pe/pr_h[2][7]_i_4/O
                         net (fo=4, unplaced)         0.431     5.228    u_array/g_pe[41].u_pe/pr_h[2][7]_i_4_n_0
                         LUT4 (Prop_lut4_I1_O)        0.043     5.271 r  u_array/g_pe[41].u_pe/pr_j[2][3]_i_27/O
                         net (fo=1, unplaced)         0.446     5.717    u_array/g_pe[41].u_pe/pr_j[2][3]_i_27_n_0
                         CARRY4 (Prop_carry4_S[3]_CO[3])
                                                      0.223     5.940 r  u_array/g_pe[41].u_pe/pr_j_reg[2][3]_i_5/CO[3]
                         net (fo=1, unplaced)         0.000     5.940    u_array/g_pe[41].u_pe/pr_j_reg[2][3]_i_5_n_0
                         CARRY4 (Prop_carry4_CI_CO[3])
                                                      0.054     5.994 r  u_array/g_pe[41].u_pe/pr_j_reg[2][3]_i_3/CO[3]
                         net (fo=56, unplaced)        0.497     6.491    u_array/g_pe[41].u_pe/pr_j[2][3]_i_13_0[0]
                         LUT6 (Prop_lut6_I3_O)        0.043     6.534 r  u_array/g_pe[41].u_pe/pr_j[2][5]_i_210/O
                         net (fo=1, unplaced)         0.407     6.941    u_array/g_pe[41].u_pe/pr_j[2][5]_i_210_n_0
                         LUT6 (Prop_lut6_I4_O)        0.043     6.984 r  u_array/g_pe[41].u_pe/pr_j[2][5]_i_93/O
                         net (fo=1, unplaced)         0.446     7.430    u_array/g_pe[41].u_pe/pr_j[2][5]_i_93_n_0
                         CARRY4 (Prop_carry4_S[3]_CO[3])
                                                      0.223     7.653 r  u_array/g_pe[41].u_pe/pr_j_reg[2][5]_i_20/CO[3]
                         net (fo=1, unplaced)         0.000     7.653    u_array/g_pe[41].u_pe/pr_j_reg[2][5]_i_20_n_0
                         CARRY4 (Prop_carry4_CI_CO[3])
                                                      0.054     7.707 f  u_array/g_pe[41].u_pe/pr_j_reg[2][5]_i_6/CO[3]
                         net (fo=33, unplaced)        0.484     8.191    u_array/g_pe[41].u_pe/pr_j[2][5]_i_28_0[0]
                         LUT6 (Prop_lut6_I5_O)        0.043     8.234 r  u_array/g_pe[41].u_pe/pr_i[2][3]_i_8/O
                         net (fo=1, unplaced)         0.270     8.504    u_array/g_pe[36].u_pe/pr_i[2][3]_i_4_0
                         LUT6 (Prop_lut6_I5_O)        0.043     8.547 r  u_array/g_pe[36].u_pe/pr_i[2][3]_i_6/O
                         net (fo=1, unplaced)         0.270     8.817    u_tracker/p_1_in[1]
                         LUT2 (Prop_lut2_I1_O)        0.043     8.860 r  u_tracker/pr_i[2][3]_i_4/O
                         net (fo=1, unplaced)         0.360     9.220    u_tracker/pr_i[2][3]_i_4_n_0
                         CARRY4 (Prop_carry4_S[1]_CO[3])
                                                      0.299     9.519 r  u_tracker/pr_i_reg[2][3]_i_1/CO[3]
                         net (fo=1, unplaced)         0.000     9.519    u_tracker/pr_i_reg[2][3]_i_1_n_0
                         CARRY4 (Prop_carry4_CI_CO[3])
                                                      0.054     9.573 r  u_tracker/pr_i_reg[2][7]_i_1/CO[3]
                         net (fo=1, unplaced)         0.000     9.573    u_tracker/pr_i_reg[2][7]_i_1_n_0
                         CARRY4 (Prop_carry4_CI_O[3])
                                                      0.157     9.730 r  u_tracker/pr_i_reg[2][11]_i_1/O[3]
                         net (fo=1, unplaced)         0.300    10.030    u_tracker/s1_i2_out[11]
                         FDRE                                         r  u_tracker/pr_i_reg[2][11]/D
  -------------------------------------------------------------------    -------------------

                         (clock clk rise edge)        3.000     3.000 r  <hidden>
                                                      0.000     3.000 r  clk
                         net (fo=27410, unset)        0.510     3.510    u_tracker/clk
                         FDRE                                         r  u_tracker/pr_i_reg[2][11]/C
                         clock pessimism              0.000     3.510    <hidden>
                         clock uncertainty           -0.035     3.475    <hidden>
                         FDRE (Setup_fdre_C_D)       -0.066     3.409    u_tracker/pr_i_reg[2][11]
  -------------------------------------------------------------------
                         required time                          3.409    <hidden>
                         arrival time                         -10.030    <hidden>
  -------------------------------------------------------------------
                         slack                                 -6.621    <hidden>

Slack (VIOLATED) :        -6.621ns  (required time - arrival time)
  Source:                 u_array/g_pe[87].u_pe/H_curr_reg_reg[7]/C
                            (rising edge-triggered cell FDRE clocked by clk  {rise@0.000ns fall@1.500ns period=3.000ns})
  Destination:            u_tracker/pr_i_reg[5][15]/D
                            (rising edge-triggered cell FDRE clocked by clk  {rise@0.000ns fall@1.500ns period=3.000ns})
  Path Group:             clk
  Path Type:              Setup (Max at Slow Process Corner)
  Requirement:            3.000ns  (clk rise@3.000ns - clk rise@0.000ns)
  Data Path Delay:        9.493ns  (logic 2.495ns (26.283%)  route 6.998ns (73.717%))
  Logic Levels:           24  (CARRY4=12 LUT2=3 LUT4=1 LUT5=2 LUT6=6)
  Clock Path Skew:        -0.027ns (DCD - SCD + CPR)
    Destination Clock Delay (DCD):    0.510ns = ( 3.510 - 3.000 ) 
    Source Clock Delay      (SCD):    0.537ns
    Clock Pessimism Removal (CPR):    0.000ns
  Clock Uncertainty:      0.035ns  ((TSJ^2 + TIJ^2)^1/2 + DJ) / 2 + PE
    Total System Jitter     (TSJ):    0.071ns
    Total Input Jitter      (TIJ):    0.000ns
    Discrete Jitter          (DJ):    0.000ns
    Phase Error              (PE):    0.000ns

    Location             Delay type                Incr(ns)  Path(ns)    Netlist Resource(s)
  -------------------------------------------------------------------    -------------------
                         (clock clk rise edge)        0.000     0.000 r  <hidden>
                                                      0.000     0.000 r  clk
                         net (fo=27410, unset)        0.537     0.537    u_array/g_pe[87].u_pe/clk
                         FDRE                                         r  u_array/g_pe[87].u_pe/H_curr_reg_reg[7]/C
  -------------------------------------------------------------------    -------------------
                         FDRE (Prop_fdre_C_Q)         0.223     0.760 r  u_array/g_pe[87].u_pe/H_curr_reg_reg[7]/Q
                         net (fo=11, unplaced)        0.573     1.333    u_array/g_pe[87].u_pe/H_curr_reg_reg[15]_1[7]
                         LUT6 (Prop_lut6_I0_O)        0.123     1.456 r  u_array/g_pe[87].u_pe/pr_j[5][6]_i_195/O
                         net (fo=1, unplaced)         0.446     1.902    u_array/g_pe[86].u_pe/pr_j_reg[5][6]_i_39_0[3]
                         CARRY4 (Prop_carry4_S[3]_CO[3])
                                                      0.223     2.125 r  u_array/g_pe[86].u_pe/pr_j_reg[5][6]_i_118/CO[3]
                         net (fo=1, unplaced)         0.000     2.125    u_array/g_pe[86].u_pe/pr_j_reg[5][6]_i_118_n_0
                         CARRY4 (Prop_carry4_CI_CO[3])
                                                      0.054     2.179 r  u_array/g_pe[86].u_pe/pr_j_reg[5][6]_i_39/CO[3]
                         net (fo=36, unplaced)        0.486     2.665    u_array/g_pe[86].u_pe/active_q_reg_2[0]
                         LUT5 (Prop_lut5_I2_O)        0.047     2.712 r  u_array/g_pe[86].u_pe/pr_j[5][2]_i_151/O
                         net (fo=5, unplaced)         0.298     3.010    u_array/g_pe[84].u_pe/pr_j[5][1]_i_19_0
                         LUT5 (Prop_lut5_I4_O)        0.043     3.053 r  u_array/g_pe[84].u_pe/pr_j[5][2]_i_113/O
                         net (fo=1, unplaced)         0.446     3.499    u_array/g_pe[84].u_pe/pr_j[5][2]_i_113_n_0
                         CARRY4 (Prop_carry4_S[3]_CO[3])
                                                      0.223     3.722 r  u_array/g_pe[84].u_pe/pr_j_reg[5][2]_i_40/CO[3]
                         net (fo=1, unplaced)         0.000     3.722    u_array/g_pe[84].u_pe/pr_j_reg[5][2]_i_40_n_0
                         CARRY4 (Prop_carry4_CI_CO[3])
                                                      0.054     3.776 f  u_array/g_pe[84].u_pe/pr_j_reg[5][2]_i_8/CO[3]
                         net (fo=37, unplaced)        0.487     4.263    u_array/g_pe[84].u_pe/active_q_reg_3[0]
                         LUT2 (Prop_lut2_I0_O)        0.043     4.306 r  u_array/g_pe[84].u_pe/pr_j[5][6]_i_10/O
                         net (fo=19, unplaced)        0.329     4.635    u_array/g_pe[84].u_pe/pr_j[5][6]_i_10_n_0
                         LUT6 (Prop_lut6_I5_O)        0.043     4.678 r  u_array/g_pe[84].u_pe/pr_j[5][1]_i_36/O
                         net (fo=4, unplaced)         0.294     4.972    u_array/g_pe[82].u_pe/pr_j_reg[5][6]_i_57_6
                         LUT4 (Prop_lut4_I3_O)        0.043     5.015 r  u_array/g_pe[82].u_pe/pr_j[5][6]_i_139/O
                         net (fo=1, unplaced)         0.446     5.461    u_array/g_pe[84].u_pe/pr_j_reg[5][6]_i_25_8[3]
                         CARRY4 (Prop_carry4_S[3]_CO[3])
                                                      0.223     5.684 r  u_array/g_pe[84].u_pe/pr_j_reg[5][6]_i_57/CO[3]
                         net (fo=1, unplaced)         0.000     5.684    u_array/g_pe[84].u_pe/pr_j_reg[5][6]_i_57_n_0
                         CARRY4 (Prop_carry4_CI_CO[3])
                                                      0.054     5.738 r  u_array/g_pe[84].u_pe/pr_j_reg[5][6]_i_25/CO[3]
                         net (fo=8, unplaced)         0.450     6.188    u_array/g_pe[84].u_pe/pr_j[5][6]_i_65[0]
                         LUT2 (Prop_lut2_I0_O)        0.043     6.231 r  u_array/g_pe[84].u_pe/pr_h[5][15]_i_8/O
                         net (fo=17, unplaced)        0.326     6.557    u_array/g_pe[80].u_pe/pr_h_reg[5][1]_0
                         LUT6 (Prop_lut6_I3_O)        0.043     6.600 r  u_array/g_pe[80].u_pe/pr_h[5][6]_i_2/O
                         net (fo=3, unplaced)         0.288     6.888    u_array/g_pe[88].u_pe/pr_h_reg[5][6]
                         LUT6 (Prop_lut6_I5_O)        0.043     6.931 r  u_array/g_pe[88].u_pe/pr_j[5][6]_i_70/O
                         net (fo=1, unplaced)         0.446     7.377    u_array/g_pe[88].u_pe/pr_j[5][6]_i_70_n_0
                         CARRY4 (Prop_carry4_S[3]_CO[3])
                                                      0.223     7.600 r  u_array/g_pe[88].u_pe/pr_j_reg[5][6]_i_26/CO[3]
                         net (fo=1, unplaced)         0.000     7.600    u_array/g_pe[88].u_pe/pr_j_reg[5][6]_i_26_n_0
                         CARRY4 (Prop_carry4_CI_CO[3])
                                                      0.054     7.654 f  u_array/g_pe[88].u_pe/pr_j_reg[5][6]_i_7/CO[3]
                         net (fo=32, unplaced)        0.483     8.137    u_array/g_pe[88].u_pe/pr_j[5][6]_i_34_0[0]
                         LUT6 (Prop_lut6_I5_O)        0.043     8.180 r  u_array/g_pe[88].u_pe/pr_i[5][3]_i_8/O
                         net (fo=1, unplaced)         0.270     8.450    u_array/g_pe[84].u_pe/pr_i[5][3]_i_4_0
                         LUT6 (Prop_lut6_I5_O)        0.043     8.493 r  u_array/g_pe[84].u_pe/pr_i[5][3]_i_6/O
                         net (fo=1, unplaced)         0.270     8.763    u_tracker/p_7_in[1]
                         LUT2 (Prop_lut2_I1_O)        0.043     8.806 r  u_tracker/pr_i[5][3]_i_4/O
                         net (fo=1, unplaced)         0.360     9.166    u_tracker/pr_i[5][3]_i_4_n_0
                         CARRY4 (Prop_carry4_S[1]_CO[3])
                                                      0.299     9.465 r  u_tracker/pr_i_reg[5][3]_i_1/CO[3]
                         net (fo=1, unplaced)         0.000     9.465    u_tracker/pr_i_reg[5][3]_i_1_n_0
                         CARRY4 (Prop_carry4_CI_CO[3])
                                                      0.054     9.519 r  u_tracker/pr_i_reg[5][7]_i_1/CO[3]
                         net (fo=1, unplaced)         0.000     9.519    u_tracker/pr_i_reg[5][7]_i_1_n_0
                         CARRY4 (Prop_carry4_CI_CO[3])
                                                      0.054     9.573 r  u_tracker/pr_i_reg[5][11]_i_1/CO[3]
                         net (fo=1, unplaced)         0.000     9.573    u_tracker/pr_i_reg[5][11]_i_1_n_0
                         CARRY4 (Prop_carry4_CI_O[3])
                                                      0.157     9.730 r  u_tracker/pr_i_reg[5][15]_i_2/O[3]
                         net (fo=1, unplaced)         0.300    10.030    u_tracker/s1_i8_out[15]
                         FDRE                                         r  u_tracker/pr_i_reg[5][15]/D
  -------------------------------------------------------------------    -------------------

                         (clock clk rise edge)        3.000     3.000 r  <hidden>
                                                      0.000     3.000 r  clk
                         net (fo=27410, unset)        0.510     3.510    u_tracker/clk
                         FDRE                                         r  u_tracker/pr_i_reg[5][15]/C
                         clock pessimism              0.000     3.510    <hidden>
                         clock uncertainty           -0.035     3.475    <hidden>
                         FDRE (Setup_fdre_C_D)       -0.066     3.409    u_tracker/pr_i_reg[5][15]
  -------------------------------------------------------------------
                         required time                          3.409    <hidden>
                         arrival time                         -10.030    <hidden>
  -------------------------------------------------------------------
                         slack                                 -6.621    <hidden>

Slack (VIOLATED) :        -6.620ns  (required time - arrival time)
  Source:                 u_array/g_pe[139].u_pe/H_curr_reg_reg[7]/C
                            (rising edge-triggered cell FDRE clocked by clk  {rise@0.000ns fall@1.500ns period=3.000ns})
  Destination:            u_tracker/pr_i_reg[8][11]/D
                            (rising edge-triggered cell FDRE clocked by clk  {rise@0.000ns fall@1.500ns period=3.000ns})
  Path Group:             clk
  Path Type:              Setup (Max at Slow Process Corner)
  Requirement:            3.000ns  (clk rise@3.000ns - clk rise@0.000ns)
  Data Path Delay:        9.492ns  (logic 2.394ns (25.221%)  route 7.098ns (74.779%))
  Logic Levels:           22  (CARRY4=11 LUT2=1 LUT3=1 LUT4=1 LUT5=2 LUT6=6)
  Clock Path Skew:        -0.027ns (DCD - SCD + CPR)
    Destination Clock Delay (DCD):    0.510ns = ( 3.510 - 3.000 ) 
    Source Clock Delay      (SCD):    0.537ns
    Clock Pessimism Removal (CPR):    0.000ns
  Clock Uncertainty:      0.035ns  ((TSJ^2 + TIJ^2)^1/2 + DJ) / 2 + PE
    Total System Jitter     (TSJ):    0.071ns
    Total Input Jitter      (TIJ):    0.000ns
    Discrete Jitter          (DJ):    0.000ns
    Phase Error              (PE):    0.000ns

    Location             Delay type                Incr(ns)  Path(ns)    Netlist Resource(s)
  -------------------------------------------------------------------    -------------------
                         (clock clk rise edge)        0.000     0.000 r  <hidden>
                                                      0.000     0.000 r  clk
                         net (fo=27410, unset)        0.537     0.537    u_array/g_pe[139].u_pe/clk
                         FDRE                                         r  u_array/g_pe[139].u_pe/H_curr_reg_reg[7]/C
  -------------------------------------------------------------------    -------------------
                         FDRE (Prop_fdre_C_Q)         0.223     0.760 r  u_array/g_pe[139].u_pe/H_curr_reg_reg[7]/Q
                         net (fo=10, unplaced)        0.570     1.330    u_array/g_pe[139].u_pe/H_curr_reg_reg[15]_1[7]
                         LUT6 (Prop_lut6_I0_O)        0.123     1.453 r  u_array/g_pe[139].u_pe/pr_j[8][3]_i_18/O
                         net (fo=1, unplaced)         0.446     1.899    u_array/g_pe[138].u_pe/pr_j_reg[8][3]_i_4_0[3]
                         CARRY4 (Prop_carry4_S[3]_CO[3])
                                                      0.223     2.122 r  u_array/g_pe[138].u_pe/pr_j_reg[8][3]_i_5/CO[3]
                         net (fo=1, unplaced)         0.000     2.122    u_array/g_pe[138].u_pe/pr_j_reg[8][3]_i_5_n_0
                         CARRY4 (Prop_carry4_CI_CO[3])
                                                      0.054     2.176 r  u_array/g_pe[138].u_pe/pr_j_reg[8][3]_i_4/CO[3]
                         net (fo=20, unplaced)        0.472     2.648    u_array/g_pe[138].u_pe/H_curr_reg_reg[15]_2[0]
                         LUT5 (Prop_lut5_I2_O)        0.043     2.691 r  u_array/g_pe[138].u_pe/pr_h[8][6]_i_9/O
                         net (fo=6, unplaced)         0.302     2.993    u_array/g_pe[137].u_pe/pr_h_reg[8][6]_1
                         LUT5 (Prop_lut5_I2_O)        0.043     3.036 r  u_array/g_pe[137].u_pe/pr_j[8][7]_i_256/O
                         net (fo=1, unplaced)         0.446     3.482    u_array/g_pe[137].u_pe/pr_j[8][7]_i_256_n_0
                         CARRY4 (Prop_carry4_S[3]_CO[3])
                                                      0.223     3.705 r  u_array/g_pe[137].u_pe/pr_j_reg[8][7]_i_112/CO[3]
                         net (fo=1, unplaced)         0.000     3.705    u_array/g_pe[137].u_pe/pr_j_reg[8][7]_i_112_n_0
                         CARRY4 (Prop_carry4_CI_CO[3])
                                                      0.054     3.759 r  u_array/g_pe[137].u_pe/pr_j_reg[8][7]_i_36/CO[3]
                         net (fo=22, unplaced)        0.474     4.233    u_array/g_pe[137].u_pe/pr_j_reg[8][7]_i_36_n_0
                         LUT3 (Prop_lut3_I2_O)        0.043     4.276 f  u_array/g_pe[137].u_pe/pr_h[8][14]_i_9/O
                         net (fo=32, unplaced)        0.478     4.754    u_array/g_pe[137].u_pe/pr_j_reg[8][7]_i_36_0
                         LUT6 (Prop_lut6_I0_O)        0.043     4.797 r  u_array/g_pe[137].u_pe/pr_h[8][7]_i_3/O
                         net (fo=4, unplaced)         0.431     5.228    u_array/g_pe[141].u_pe/pr_j_reg[8][7]_i_27_5
                         LUT4 (Prop_lut4_I1_O)        0.043     5.271 r  u_array/g_pe[141].u_pe/pr_j[8][7]_i_108/O
                         net (fo=1, unplaced)         0.446     5.717    u_array/g_pe[137].u_pe/pr_j_reg[8][7]_i_6_0[3]
                         CARRY4 (Prop_carry4_S[3]_CO[3])
                                                      0.223     5.940 r  u_array/g_pe[137].u_pe/pr_j_reg[8][7]_i_27/CO[3]
                         net (fo=1, unplaced)         0.000     5.940    u_array/g_pe[137].u_pe/pr_j_reg[8][7]_i_27_n_0
                         CARRY4 (Prop_carry4_CI_CO[3])
                                                      0.054     5.994 r  u_array/g_pe[137].u_pe/pr_j_reg[8][7]_i_6/CO[3]
                         net (fo=58, unplaced)        0.498     6.492    u_array/g_pe[137].u_pe/pr_j[8][7]_i_35[0]
                         LUT6 (Prop_lut6_I3_O)        0.043     6.535 r  u_array/g_pe[137].u_pe/pr_j[8][7]_i_143/O
                         net (fo=1, unplaced)         0.407     6.942    u_array/g_pe[137].u_pe/pr_j[8][7]_i_143_n_0
                         LUT6 (Prop_lut6_I4_O)        0.043     6.985 r  u_array/g_pe[137].u_pe/pr_j[8][7]_i_44/O
                         net (fo=1, unplaced)         0.446     7.431    u_array/g_pe[137].u_pe/pr_j[8][7]_i_44_n_0
                         CARRY4 (Prop_carry4_S[3]_CO[3])
                                                      0.223     7.654 r  u_array/g_pe[137].u_pe/pr_j_reg[8][7]_i_8/CO[3]
                         net (fo=1, unplaced)         0.000     7.654    u_array/g_pe[137].u_pe/pr_j_reg[8][7]_i_8_n_0
                         CARRY4 (Prop_carry4_CI_CO[3])
                                                      0.054     7.708 f  u_array/g_pe[137].u_pe/pr_j_reg[8][7]_i_2/CO[3]
                         net (fo=30, unplaced)        0.482     8.190    u_array/g_pe[137].u_pe/pr_j[8][7]_i_16_0[0]
                         LUT6 (Prop_lut6_I0_O)        0.043     8.233 r  u_array/g_pe[137].u_pe/pr_i[8][3]_i_8/O
                         net (fo=1, unplaced)         0.270     8.503    u_array/g_pe[130].u_pe/pr_i[8][3]_i_4_0
                         LUT6 (Prop_lut6_I5_O)        0.043     8.546 r  u_array/g_pe[130].u_pe/pr_i[8][3]_i_6/O
                         net (fo=1, unplaced)         0.270     8.816    u_tracker/p_13_in[1]
                         LUT2 (Prop_lut2_I1_O)        0.043     8.859 r  u_tracker/pr_i[8][3]_i_4/O
                         net (fo=1, unplaced)         0.360     9.219    u_tracker/pr_i[8][3]_i_4_n_0
                         CARRY4 (Prop_carry4_S[1]_CO[3])
                                                      0.299     9.518 r  u_tracker/pr_i_reg[8][3]_i_1/CO[3]
                         net (fo=1, unplaced)         0.000     9.518    u_tracker/pr_i_reg[8][3]_i_1_n_0
                         CARRY4 (Prop_carry4_CI_CO[3])
                                                      0.054     9.572 r  u_tracker/pr_i_reg[8][7]_i_1/CO[3]
                         net (fo=1, unplaced)         0.000     9.572    u_tracker/pr_i_reg[8][7]_i_1_n_0
                         CARRY4 (Prop_carry4_CI_O[3])
                                                      0.157     9.729 r  u_tracker/pr_i_reg[8][11]_i_1/O[3]
                         net (fo=1, unplaced)         0.300    10.029    u_tracker/s1_i14_out[11]
                         FDRE                                         r  u_tracker/pr_i_reg[8][11]/D
  -------------------------------------------------------------------    -------------------

                         (clock clk rise edge)        3.000     3.000 r  <hidden>
                                                      0.000     3.000 r  clk
                         net (fo=27410, unset)        0.510     3.510    u_tracker/clk
                         FDRE                                         r  u_tracker/pr_i_reg[8][11]/C
                         clock pessimism              0.000     3.510    <hidden>
                         clock uncertainty           -0.035     3.475    <hidden>
                         FDRE (Setup_fdre_C_D)       -0.066     3.409    u_tracker/pr_i_reg[8][11]
  -------------------------------------------------------------------
                         required time                          3.409    <hidden>
                         arrival time                         -10.029    <hidden>
  -------------------------------------------------------------------
                         slack                                 -6.620    <hidden>

Slack (VIOLATED) :        -6.616ns  (required time - arrival time)
  Source:                 u_array/g_pe[151].u_pe/H_curr_reg_reg[7]/C
                            (rising edge-triggered cell FDRE clocked by clk  {rise@0.000ns fall@1.500ns period=3.000ns})
  Destination:            u_tracker/pr_i_reg[9][14]/D
                            (rising edge-triggered cell FDRE clocked by clk  {rise@0.000ns fall@1.500ns period=3.000ns})
  Path Group:             clk
  Path Type:              Setup (Max at Slow Process Corner)
  Requirement:            3.000ns  (clk rise@3.000ns - clk rise@0.000ns)
  Data Path Delay:        9.481ns  (logic 2.462ns (25.968%)  route 7.019ns (74.032%))
  Logic Levels:           24  (CARRY4=12 LUT2=2 LUT3=1 LUT4=1 LUT5=2 LUT6=6)
  Clock Path Skew:        -0.027ns (DCD - SCD + CPR)
    Destination Clock Delay (DCD):    0.510ns = ( 3.510 - 3.000 ) 
    Source Clock Delay      (SCD):    0.537ns
    Clock Pessimism Removal (CPR):    0.000ns
  Clock Uncertainty:      0.035ns  ((TSJ^2 + TIJ^2)^1/2 + DJ) / 2 + PE
    Total System Jitter     (TSJ):    0.071ns
    Total Input Jitter      (TIJ):    0.000ns
    Discrete Jitter          (DJ):    0.000ns
    Phase Error              (PE):    0.000ns

    Location             Delay type                Incr(ns)  Path(ns)    Netlist Resource(s)
  -------------------------------------------------------------------    -------------------
                         (clock clk rise edge)        0.000     0.000 r  <hidden>
                                                      0.000     0.000 r  clk
                         net (fo=27410, unset)        0.537     0.537    u_array/g_pe[151].u_pe/clk
                         FDRE                                         r  u_array/g_pe[151].u_pe/H_curr_reg_reg[7]/C
  -------------------------------------------------------------------    -------------------
                         FDRE (Prop_fdre_C_Q)         0.223     0.760 r  u_array/g_pe[151].u_pe/H_curr_reg_reg[7]/Q
                         net (fo=11, unplaced)        0.573     1.333    u_array/g_pe[151].u_pe/H_curr_reg_reg[15]_1[7]
                         LUT6 (Prop_lut6_I0_O)        0.123     1.456 r  u_array/g_pe[151].u_pe/pr_j[9][7]_i_209/O
                         net (fo=1, unplaced)         0.446     1.902    u_array/g_pe[150].u_pe/pr_j_reg[9][7]_i_60_0[3]
                         CARRY4 (Prop_carry4_S[3]_CO[3])
                                                      0.223     2.125 r  u_array/g_pe[150].u_pe/pr_j_reg[9][7]_i_139/CO[3]
                         net (fo=1, unplaced)         0.000     2.125    u_array/g_pe[150].u_pe/pr_j_reg[9][7]_i_139_n_0
                         CARRY4 (Prop_carry4_CI_CO[3])
                                                      0.054     2.179 r  u_array/g_pe[150].u_pe/pr_j_reg[9][7]_i_60/CO[3]
                         net (fo=36, unplaced)        0.486     2.665    u_array/g_pe[150].u_pe/active_q_reg_2[0]
                         LUT5 (Prop_lut5_I2_O)        0.047     2.712 r  u_array/g_pe[150].u_pe/pr_j[9][7]_i_214/O
                         net (fo=5, unplaced)         0.298     3.010    u_array/g_pe[149].u_pe/pr_j[9][2]_i_37_0
                         LUT5 (Prop_lut5_I2_O)        0.043     3.053 r  u_array/g_pe[149].u_pe/pr_j[9][7]_i_201/O
                         net (fo=1, unplaced)         0.446     3.499    u_array/g_pe[149].u_pe/pr_j[9][7]_i_201_n_0
                         CARRY4 (Prop_carry4_S[3]_CO[3])
                                                      0.223     3.722 r  u_array/g_pe[149].u_pe/pr_j_reg[9][7]_i_130/CO[3]
                         net (fo=1, unplaced)         0.000     3.722    u_array/g_pe[149].u_pe/pr_j_reg[9][7]_i_130_n_0
                         CARRY4 (Prop_carry4_CI_CO[3])
                                                      0.054     3.776 r  u_array/g_pe[149].u_pe/pr_j_reg[9][7]_i_59/CO[3]
                         net (fo=38, unplaced)        0.487     4.263    u_array/g_pe[149].u_pe/active_q_reg_1[0]
                         LUT3 (Prop_lut3_I0_O)        0.047     4.310 f  u_array/g_pe[149].u_pe/pr_j[9][2]_i_75/O
                         net (fo=15, unplaced)        0.460     4.770    u_array/g_pe[149].u_pe/pr_j[9][2]_i_75_n_0
                         LUT6 (Prop_lut6_I1_O)        0.043     4.813 r  u_array/g_pe[149].u_pe/pr_j[9][2]_i_66/O
                         net (fo=4, unplaced)         0.294     5.107    u_array/g_pe[146].u_pe/pr_j_reg[9][2]_i_24_6
                         LUT4 (Prop_lut4_I3_O)        0.043     5.150 r  u_array/g_pe[146].u_pe/pr_j[9][2]_i_61/O
                         net (fo=1, unplaced)         0.446     5.596    u_array/g_pe[149].u_pe/pr_j_reg[9][2]_i_4_9[3]
                         CARRY4 (Prop_carry4_S[3]_CO[3])
                                                      0.223     5.819 r  u_array/g_pe[149].u_pe/pr_j_reg[9][2]_i_24/CO[3]
                         net (fo=1, unplaced)         0.000     5.819    u_array/g_pe[149].u_pe/pr_j_reg[9][2]_i_24_n_0
                         CARRY4 (Prop_carry4_CI_CO[3])
                                                      0.054     5.873 r  u_array/g_pe[149].u_pe/pr_j_reg[9][2]_i_4/CO[3]
                         net (fo=7, unplaced)         0.447     6.320    u_array/g_pe[149].u_pe/pr_j[9][2]_i_32[0]
                         LUT2 (Prop_lut2_I0_O)        0.043     6.363 r  u_array/g_pe[149].u_pe/pr_h[9][15]_i_7/O
                         net (fo=18, unplaced)        0.327     6.690    u_array/g_pe[146].u_pe/pr_h_reg[9][1]_0
                         LUT6 (Prop_lut6_I3_O)        0.043     6.733 r  u_array/g_pe[146].u_pe/pr_h[9][6]_i_2/O
                         net (fo=3, unplaced)         0.288     7.021    u_array/g_pe[157].u_pe/pr_h_reg[9][6]_0
                         LUT6 (Prop_lut6_I5_O)        0.043     7.064 r  u_array/g_pe[157].u_pe/pr_j[9][3]_i_30/O
                         net (fo=1, unplaced)         0.446     7.510    u_array/g_pe[157].u_pe/pr_j[9][3]_i_30_n_0
                         CARRY4 (Prop_carry4_S[3]_CO[3])
                                                      0.223     7.733 r  u_array/g_pe[157].u_pe/pr_j_reg[9][3]_i_5/CO[3]
                         net (fo=1, unplaced)         0.000     7.733    u_array/g_pe[157].u_pe/pr_j_reg[9][3]_i_5_n_0
                         CARRY4 (Prop_carry4_CI_CO[3])
                                                      0.054     7.787 f  u_array/g_pe[157].u_pe/pr_j_reg[9][3]_i_2/CO[3]
                         net (fo=32, unplaced)        0.483     8.270    u_array/g_pe[157].u_pe/pr_j[9][3]_i_13[0]
                         LUT6 (Prop_lut6_I5_O)        0.043     8.313 r  u_array/g_pe[157].u_pe/pr_i[9][3]_i_8/O
                         net (fo=1, unplaced)         0.270     8.583    u_array/g_pe[149].u_pe/pr_i[9][3]_i_4
                         LUT6 (Prop_lut6_I5_O)        0.043     8.626 r  u_array/g_pe[149].u_pe/pr_i[9][3]_i_6/O
                         net (fo=1, unplaced)         0.270     8.896    u_tracker/p_15_in[1]
                         LUT2 (Prop_lut2_I1_O)        0.043     8.939 r  u_tracker/pr_i[9][3]_i_4/O
                         net (fo=1, unplaced)         0.360     9.299    u_tracker/pr_i[9][3]_i_4_n_0
                         CARRY4 (Prop_carry4_S[1]_CO[3])
                                                      0.299     9.598 r  u_tracker/pr_i_reg[9][3]_i_1/CO[3]
                         net (fo=1, unplaced)         0.000     9.598    u_tracker/pr_i_reg[9][3]_i_1_n_0
                         CARRY4 (Prop_carry4_CI_CO[3])
                                                      0.054     9.652 r  u_tracker/pr_i_reg[9][7]_i_1/CO[3]
                         net (fo=1, unplaced)         0.000     9.652    u_tracker/pr_i_reg[9][7]_i_1_n_0
                         CARRY4 (Prop_carry4_CI_CO[3])
                                                      0.054     9.706 r  u_tracker/pr_i_reg[9][11]_i_1/CO[3]
                         net (fo=1, unplaced)         0.000     9.706    u_tracker/pr_i_reg[9][11]_i_1_n_0
                         CARRY4 (Prop_carry4_CI_O[2])
                                                      0.120     9.826 r  u_tracker/pr_i_reg[9][15]_i_2/O[2]
                         net (fo=1, unplaced)         0.192    10.018    u_tracker/s1_i16_out[14]
                         FDRE                                         r  u_tracker/pr_i_reg[9][14]/D
  -------------------------------------------------------------------    -------------------

                         (clock clk rise edge)        3.000     3.000 r  <hidden>
                                                      0.000     3.000 r  clk
                         net (fo=27410, unset)        0.510     3.510    u_tracker/clk
                         FDRE                                         r  u_tracker/pr_i_reg[9][14]/C
                         clock pessimism              0.000     3.510    <hidden>
                         clock uncertainty           -0.035     3.475    <hidden>
                         FDRE (Setup_fdre_C_D)       -0.073     3.402    u_tracker/pr_i_reg[9][14]
  -------------------------------------------------------------------
                         required time                          3.402    <hidden>
                         arrival time                         -10.018    <hidden>
  -------------------------------------------------------------------
                         slack                                 -6.616    <hidden>

Slack (VIOLATED) :        -6.603ns  (required time - arrival time)
  Source:                 u_array/g_pe[151].u_pe/H_curr_reg_reg[7]/C
                            (rising edge-triggered cell FDRE clocked by clk  {rise@0.000ns fall@1.500ns period=3.000ns})
  Destination:            u_tracker/pr_i_reg[9][12]/D
                            (rising edge-triggered cell FDRE clocked by clk  {rise@0.000ns fall@1.500ns period=3.000ns})
  Path Group:             clk
  Path Type:              Setup (Max at Slow Process Corner)
  Requirement:            3.000ns  (clk rise@3.000ns - clk rise@0.000ns)
  Data Path Delay:        9.472ns  (logic 2.456ns (25.929%)  route 7.016ns (74.071%))
  Logic Levels:           24  (CARRY4=12 LUT2=2 LUT3=1 LUT4=1 LUT5=2 LUT6=6)
  Clock Path Skew:        -0.027ns (DCD - SCD + CPR)
    Destination Clock Delay (DCD):    0.510ns = ( 3.510 - 3.000 ) 
    Source Clock Delay      (SCD):    0.537ns
    Clock Pessimism Removal (CPR):    0.000ns
  Clock Uncertainty:      0.035ns  ((TSJ^2 + TIJ^2)^1/2 + DJ) / 2 + PE
    Total System Jitter     (TSJ):    0.071ns
    Total Input Jitter      (TIJ):    0.000ns
    Discrete Jitter          (DJ):    0.000ns
    Phase Error              (PE):    0.000ns

    Location             Delay type                Incr(ns)  Path(ns)    Netlist Resource(s)
  -------------------------------------------------------------------    -------------------
                         (clock clk rise edge)        0.000     0.000 r  <hidden>
                                                      0.000     0.000 r  clk
                         net (fo=27410, unset)        0.537     0.537    u_array/g_pe[151].u_pe/clk
                         FDRE                                         r  u_array/g_pe[151].u_pe/H_curr_reg_reg[7]/C
  -------------------------------------------------------------------    -------------------
                         FDRE (Prop_fdre_C_Q)         0.223     0.760 r  u_array/g_pe[151].u_pe/H_curr_reg_reg[7]/Q
                         net (fo=11, unplaced)        0.573     1.333    u_array/g_pe[151].u_pe/H_curr_reg_reg[15]_1[7]
                         LUT6 (Prop_lut6_I0_O)        0.123     1.456 r  u_array/g_pe[151].u_pe/pr_j[9][7]_i_209/O
                         net (fo=1, unplaced)         0.446     1.902    u_array/g_pe[150].u_pe/pr_j_reg[9][7]_i_60_0[3]
                         CARRY4 (Prop_carry4_S[3]_CO[3])
                                                      0.223     2.125 r  u_array/g_pe[150].u_pe/pr_j_reg[9][7]_i_139/CO[3]
                         net (fo=1, unplaced)         0.000     2.125    u_array/g_pe[150].u_pe/pr_j_reg[9][7]_i_139_n_0
                         CARRY4 (Prop_carry4_CI_CO[3])
                                                      0.054     2.179 r  u_array/g_pe[150].u_pe/pr_j_reg[9][7]_i_60/CO[3]
                         net (fo=36, unplaced)        0.486     2.665    u_array/g_pe[150].u_pe/active_q_reg_2[0]
                         LUT5 (Prop_lut5_I2_O)        0.047     2.712 r  u_array/g_pe[150].u_pe/pr_j[9][7]_i_214/O
                         net (fo=5, unplaced)         0.298     3.010    u_array/g_pe[149].u_pe/pr_j[9][2]_i_37_0
                         LUT5 (Prop_lut5_I2_O)        0.043     3.053 r  u_array/g_pe[149].u_pe/pr_j[9][7]_i_201/O
                         net (fo=1, unplaced)         0.446     3.499    u_array/g_pe[149].u_pe/pr_j[9][7]_i_201_n_0
                         CARRY4 (Prop_carry4_S[3]_CO[3])
                                                      0.223     3.722 r  u_array/g_pe[149].u_pe/pr_j_reg[9][7]_i_130/CO[3]
                         net (fo=1, unplaced)         0.000     3.722    u_array/g_pe[149].u_pe/pr_j_reg[9][7]_i_130_n_0
                         CARRY4 (Prop_carry4_CI_CO[3])
                                                      0.054     3.776 r  u_array/g_pe[149].u_pe/pr_j_reg[9][7]_i_59/CO[3]
                         net (fo=38, unplaced)        0.487     4.263    u_array/g_pe[149].u_pe/active_q_reg_1[0]
                         LUT3 (Prop_lut3_I0_O)        0.047     4.310 f  u_array/g_pe[149].u_pe/pr_j[9][2]_i_75/O
                         net (fo=15, unplaced)        0.460     4.770    u_array/g_pe[149].u_pe/pr_j[9][2]_i_75_n_0
                         LUT6 (Prop_lut6_I1_O)        0.043     4.813 r  u_array/g_pe[149].u_pe/pr_j[9][2]_i_66/O
                         net (fo=4, unplaced)         0.294     5.107    u_array/g_pe[146].u_pe/pr_j_reg[9][2]_i_24_6
                         LUT4 (Prop_lut4_I3_O)        0.043     5.150 r  u_array/g_pe[146].u_pe/pr_j[9][2]_i_61/O
                         net (fo=1, unplaced)         0.446     5.596    u_array/g_pe[149].u_pe/pr_j_reg[9][2]_i_4_9[3]
                         CARRY4 (Prop_carry4_S[3]_CO[3])
                                                      0.223     5.819 r  u_array/g_pe[149].u_pe/pr_j_reg[9][2]_i_24/CO[3]
                         net (fo=1, unplaced)         0.000     5.819    u_array/g_pe[149].u_pe/pr_j_reg[9][2]_i_24_n_0
                         CARRY4 (Prop_carry4_CI_CO[3])
                                                      0.054     5.873 r  u_array/g_pe[149].u_pe/pr_j_reg[9][2]_i_4/CO[3]
                         net (fo=7, unplaced)         0.447     6.320    u_array/g_pe[149].u_pe/pr_j[9][2]_i_32[0]
                         LUT2 (Prop_lut2_I0_O)        0.043     6.363 r  u_array/g_pe[149].u_pe/pr_h[9][15]_i_7/O
                         net (fo=18, unplaced)        0.327     6.690    u_array/g_pe[146].u_pe/pr_h_reg[9][1]_0
                         LUT6 (Prop_lut6_I3_O)        0.043     6.733 r  u_array/g_pe[146].u_pe/pr_h[9][6]_i_2/O
                         net (fo=3, unplaced)         0.288     7.021    u_array/g_pe[157].u_pe/pr_h_reg[9][6]_0
                         LUT6 (Prop_lut6_I5_O)        0.043     7.064 r  u_array/g_pe[157].u_pe/pr_j[9][3]_i_30/O
                         net (fo=1, unplaced)         0.446     7.510    u_array/g_pe[157].u_pe/pr_j[9][3]_i_30_n_0
                         CARRY4 (Prop_carry4_S[3]_CO[3])
                                                      0.223     7.733 r  u_array/g_pe[157].u_pe/pr_j_reg[9][3]_i_5/CO[3]
                         net (fo=1, unplaced)         0.000     7.733    u_array/g_pe[157].u_pe/pr_j_reg[9][3]_i_5_n_0
                         CARRY4 (Prop_carry4_CI_CO[3])
                                                      0.054     7.787 f  u_array/g_pe[157].u_pe/pr_j_reg[9][3]_i_2/CO[3]
                         net (fo=32, unplaced)        0.483     8.270    u_array/g_pe[157].u_pe/pr_j[9][3]_i_13[0]
                         LUT6 (Prop_lut6_I5_O)        0.043     8.313 r  u_array/g_pe[157].u_pe/pr_i[9][3]_i_8/O
                         net (fo=1, unplaced)         0.270     8.583    u_array/g_pe[149].u_pe/pr_i[9][3]_i_4
                         LUT6 (Prop_lut6_I5_O)        0.043     8.626 r  u_array/g_pe[149].u_pe/pr_i[9][3]_i_6/O
                         net (fo=1, unplaced)         0.270     8.896    u_tracker/p_15_in[1]
                         LUT2 (Prop_lut2_I1_O)        0.043     8.939 r  u_tracker/pr_i[9][3]_i_4/O
                         net (fo=1, unplaced)         0.360     9.299    u_tracker/pr_i[9][3]_i_4_n_0
                         CARRY4 (Prop_carry4_S[1]_CO[3])
                                                      0.299     9.598 r  u_tracker/pr_i_reg[9][3]_i_1/CO[3]
                         net (fo=1, unplaced)         0.000     9.598    u_tracker/pr_i_reg[9][3]_i_1_n_0
                         CARRY4 (Prop_carry4_CI_CO[3])
                                                      0.054     9.652 r  u_tracker/pr_i_reg[9][7]_i_1/CO[3]
                         net (fo=1, unplaced)         0.000     9.652    u_tracker/pr_i_reg[9][7]_i_1_n_0
                         CARRY4 (Prop_carry4_CI_CO[3])
                                                      0.054     9.706 r  u_tracker/pr_i_reg[9][11]_i_1/CO[3]
                         net (fo=1, unplaced)         0.000     9.706    u_tracker/pr_i_reg[9][11]_i_1_n_0
                         CARRY4 (Prop_carry4_CI_O[0])
                                                      0.114     9.820 r  u_tracker/pr_i_reg[9][15]_i_2/O[0]
                         net (fo=1, unplaced)         0.189    10.009    u_tracker/s1_i16_out[12]
                         FDRE                                         r  u_tracker/pr_i_reg[9][12]/D
  -------------------------------------------------------------------    -------------------

                         (clock clk rise edge)        3.000     3.000 r  <hidden>
                                                      0.000     3.000 r  clk
                         net (fo=27410, unset)        0.510     3.510    u_tracker/clk
                         FDRE                                         r  u_tracker/pr_i_reg[9][12]/C
                         clock pessimism              0.000     3.510    <hidden>
                         clock uncertainty           -0.035     3.475    <hidden>
                         FDRE (Setup_fdre_C_D)       -0.069     3.406    u_tracker/pr_i_reg[9][12]
  -------------------------------------------------------------------
                         required time                          3.406    <hidden>
                         arrival time                         -10.009    <hidden>
  -------------------------------------------------------------------
                         slack                                 -6.603    <hidden>

Slack (VIOLATED) :        -6.589ns  (required time - arrival time)
  Source:                 u_array/g_pe[43].u_pe/H_curr_reg_reg[7]/C
                            (rising edge-triggered cell FDRE clocked by clk  {rise@0.000ns fall@1.500ns period=3.000ns})
  Destination:            u_tracker/pr_i_reg[2][5]/D
                            (rising edge-triggered cell FDRE clocked by clk  {rise@0.000ns fall@1.500ns period=3.000ns})
  Path Group:             clk
  Path Type:              Setup (Max at Slow Process Corner)
  Requirement:            3.000ns  (clk rise@3.000ns - clk rise@0.000ns)
  Data Path Delay:        9.456ns  (logic 2.356ns (24.915%)  route 7.100ns (75.085%))
  Logic Levels:           21  (CARRY4=10 LUT2=1 LUT3=1 LUT4=1 LUT5=2 LUT6=6)
  Clock Path Skew:        -0.027ns (DCD - SCD + CPR)
    Destination Clock Delay (DCD):    0.510ns = ( 3.510 - 3.000 ) 
    Source Clock Delay      (SCD):    0.537ns
    Clock Pessimism Removal (CPR):    0.000ns
  Clock Uncertainty:      0.035ns  ((TSJ^2 + TIJ^2)^1/2 + DJ) / 2 + PE
    Total System Jitter     (TSJ):    0.071ns
    Total Input Jitter      (TIJ):    0.000ns
    Discrete Jitter          (DJ):    0.000ns
    Phase Error              (PE):    0.000ns

    Location             Delay type                Incr(ns)  Path(ns)    Netlist Resource(s)
  -------------------------------------------------------------------    -------------------
                         (clock clk rise edge)        0.000     0.000 r  <hidden>
                                                      0.000     0.000 r  clk
                         net (fo=27410, unset)        0.537     0.537    u_array/g_pe[43].u_pe/clk
                         FDRE                                         r  u_array/g_pe[43].u_pe/H_curr_reg_reg[7]/C
  -------------------------------------------------------------------    -------------------
                         FDRE (Prop_fdre_C_Q)         0.223     0.760 r  u_array/g_pe[43].u_pe/H_curr_reg_reg[7]/Q
                         net (fo=10, unplaced)        0.570     1.330    u_array/g_pe[43].u_pe/H_curr_reg_reg[15]_1[7]
                         LUT6 (Prop_lut6_I0_O)        0.123     1.453 r  u_array/g_pe[43].u_pe/pr_j[2][5]_i_264/O
                         net (fo=1, unplaced)         0.446     1.899    u_array/g_pe[42].u_pe/pr_j_reg[2][5]_i_50_1[3]
                         CARRY4 (Prop_carry4_S[3]_CO[3])
                                                      0.223     2.122 r  u_array/g_pe[42].u_pe/pr_j_reg[2][5]_i_139/CO[3]
                         net (fo=1, unplaced)         0.000     2.122    u_array/g_pe[42].u_pe/pr_j_reg[2][5]_i_139_n_0
                         CARRY4 (Prop_carry4_CI_CO[3])
                                                      0.054     2.176 r  u_array/g_pe[42].u_pe/pr_j_reg[2][5]_i_50/CO[3]
                         net (fo=20, unplaced)        0.472     2.648    u_array/g_pe[42].u_pe/active_q_reg_2[0]
                         LUT5 (Prop_lut5_I2_O)        0.043     2.691 r  u_array/g_pe[42].u_pe/pr_h[2][6]_i_10/O
                         net (fo=6, unplaced)         0.302     2.993    u_array/g_pe[40].u_pe/pr_j_reg[2][5]_i_60_7
                         LUT5 (Prop_lut5_I4_O)        0.043     3.036 r  u_array/g_pe[40].u_pe/pr_j[2][5]_i_160/O
                         net (fo=1, unplaced)         0.446     3.482    u_array/g_pe[40].u_pe/pr_j[2][5]_i_160_n_0
                         CARRY4 (Prop_carry4_S[3]_CO[3])
                                                      0.223     3.705 r  u_array/g_pe[40].u_pe/pr_j_reg[2][5]_i_60/CO[3]
                         net (fo=1, unplaced)         0.000     3.705    u_array/g_pe[40].u_pe/pr_j_reg[2][5]_i_60_n_0
                         CARRY4 (Prop_carry4_CI_CO[3])
                                                      0.054     3.759 r  u_array/g_pe[40].u_pe/pr_j_reg[2][5]_i_15/CO[3]
                         net (fo=23, unplaced)        0.475     4.234    u_array/g_pe[41].u_pe/pr_h_reg[2][15]_3[0]
                         LUT3 (Prop_lut3_I2_O)        0.043     4.277 f  u_array/g_pe[41].u_pe/pr_h[2][14]_i_12/O
                         net (fo=31, unplaced)        0.477     4.754    u_array/g_pe[41].u_pe/pr_h[2][14]_i_12_n_0
                         LUT6 (Prop_lut6_I0_O)        0.043     4.797 r  u_array/g_pe[41].u_pe/pr_h[2][7]_i_4/O
                         net (fo=4, unplaced)         0.431     5.228    u_array/g_pe[41].u_pe/pr_h[2][7]_i_4_n_0
                         LUT4 (Prop_lut4_I1_O)        0.043     5.271 r  u_array/g_pe[41].u_pe/pr_j[2][3]_i_27/O
                         net (fo=1, unplaced)         0.446     5.717    u_array/g_pe[41].u_pe/pr_j[2][3]_i_27_n_0
                         CARRY4 (Prop_carry4_S[3]_CO[3])
                                                      0.223     5.940 r  u_array/g_pe[41].u_pe/pr_j_reg[2][3]_i_5/CO[3]
                         net (fo=1, unplaced)         0.000     5.940    u_array/g_pe[41].u_pe/pr_j_reg[2][3]_i_5_n_0
                         CARRY4 (Prop_carry4_CI_CO[3])
                                                      0.054     5.994 r  u_array/g_pe[41].u_pe/pr_j_reg[2][3]_i_3/CO[3]
                         net (fo=56, unplaced)        0.497     6.491    u_array/g_pe[41].u_pe/pr_j[2][3]_i_13_0[0]
                         LUT6 (Prop_lut6_I3_O)        0.043     6.534 r  u_array/g_pe[41].u_pe/pr_j[2][5]_i_210/O
                         net (fo=1, unplaced)         0.407     6.941    u_array/g_pe[41].u_pe/pr_j[2][5]_i_210_n_0
                         LUT6 (Prop_lut6_I4_O)        0.043     6.984 r  u_array/g_pe[41].u_pe/pr_j[2][5]_i_93/O
                         net (fo=1, unplaced)         0.446     7.430    u_array/g_pe[41].u_pe/pr_j[2][5]_i_93_n_0
                         CARRY4 (Prop_carry4_S[3]_CO[3])
                                                      0.223     7.653 r  u_array/g_pe[41].u_pe/pr_j_reg[2][5]_i_20/CO[3]
                         net (fo=1, unplaced)         0.000     7.653    u_array/g_pe[41].u_pe/pr_j_reg[2][5]_i_20_n_0
                         CARRY4 (Prop_carry4_CI_CO[3])
                                                      0.054     7.707 f  u_array/g_pe[41].u_pe/pr_j_reg[2][5]_i_6/CO[3]
                         net (fo=33, unplaced)        0.484     8.191    u_array/g_pe[41].u_pe/pr_j[2][5]_i_28_0[0]
                         LUT6 (Prop_lut6_I5_O)        0.043     8.234 r  u_array/g_pe[41].u_pe/pr_i[2][3]_i_8/O
                         net (fo=1, unplaced)         0.270     8.504    u_array/g_pe[36].u_pe/pr_i[2][3]_i_4_0
                         LUT6 (Prop_lut6_I5_O)        0.043     8.547 r  u_array/g_pe[36].u_pe/pr_i[2][3]_i_6/O
                         net (fo=1, unplaced)         0.270     8.817    u_tracker/p_1_in[1]
                         LUT2 (Prop_lut2_I1_O)        0.043     8.860 r  u_tracker/pr_i[2][3]_i_4/O
                         net (fo=1, unplaced)         0.360     9.220    u_tracker/pr_i[2][3]_i_4_n_0
                         CARRY4 (Prop_carry4_S[1]_CO[3])
                                                      0.299     9.519 r  u_tracker/pr_i_reg[2][3]_i_1/CO[3]
                         net (fo=1, unplaced)         0.000     9.519    u_tracker/pr_i_reg[2][3]_i_1_n_0
                         CARRY4 (Prop_carry4_CI_O[1])
                                                      0.173     9.692 r  u_tracker/pr_i_reg[2][7]_i_1/O[1]
                         net (fo=1, unplaced)         0.301     9.993    u_tracker/s1_i2_out[5]
                         FDRE                                         r  u_tracker/pr_i_reg[2][5]/D
  -------------------------------------------------------------------    -------------------

                         (clock clk rise edge)        3.000     3.000 r  <hidden>
                                                      0.000     3.000 r  clk
                         net (fo=27410, unset)        0.510     3.510    u_tracker/clk
                         FDRE                                         r  u_tracker/pr_i_reg[2][5]/C
                         clock pessimism              0.000     3.510    <hidden>
                         clock uncertainty           -0.035     3.475    <hidden>
                         FDRE (Setup_fdre_C_D)       -0.071     3.404    u_tracker/pr_i_reg[2][5]
  -------------------------------------------------------------------
                         required time                          3.404    <hidden>
                         arrival time                          -9.993    <hidden>
  -------------------------------------------------------------------
                         slack                                 -6.589    <hidden>

Slack (VIOLATED) :        -6.589ns  (required time - arrival time)
  Source:                 u_array/g_pe[87].u_pe/H_curr_reg_reg[7]/C
                            (rising edge-triggered cell FDRE clocked by clk  {rise@0.000ns fall@1.500ns period=3.000ns})
  Destination:            u_tracker/pr_i_reg[5][9]/D
                            (rising edge-triggered cell FDRE clocked by clk  {rise@0.000ns fall@1.500ns period=3.000ns})
  Path Group:             clk
  Path Type:              Setup (Max at Slow Process Corner)
  Requirement:            3.000ns  (clk rise@3.000ns - clk rise@0.000ns)
  Data Path Delay:        9.456ns  (logic 2.457ns (25.984%)  route 6.999ns (74.016%))
  Logic Levels:           23  (CARRY4=11 LUT2=3 LUT4=1 LUT5=2 LUT6=6)
  Clock Path Skew:        -0.027ns (DCD - SCD + CPR)
    Destination Clock Delay (DCD):    0.510ns = ( 3.510 - 3.000 ) 
    Source Clock Delay      (SCD):    0.537ns
    Clock Pessimism Removal (CPR):    0.000ns
  Clock Uncertainty:      0.035ns  ((TSJ^2 + TIJ^2)^1/2 + DJ) / 2 + PE
    Total System Jitter     (TSJ):    0.071ns
    Total Input Jitter      (TIJ):    0.000ns
    Discrete Jitter          (DJ):    0.000ns
    Phase Error              (PE):    0.000ns

    Location             Delay type                Incr(ns)  Path(ns)    Netlist Resource(s)
  -------------------------------------------------------------------    -------------------
                         (clock clk rise edge)        0.000     0.000 r  <hidden>
                                                      0.000     0.000 r  clk
                         net (fo=27410, unset)        0.537     0.537    u_array/g_pe[87].u_pe/clk
                         FDRE                                         r  u_array/g_pe[87].u_pe/H_curr_reg_reg[7]/C
  -------------------------------------------------------------------    -------------------
                         FDRE (Prop_fdre_C_Q)         0.223     0.760 r  u_array/g_pe[87].u_pe/H_curr_reg_reg[7]/Q
                         net (fo=11, unplaced)        0.573     1.333    u_array/g_pe[87].u_pe/H_curr_reg_reg[15]_1[7]
                         LUT6 (Prop_lut6_I0_O)        0.123     1.456 r  u_array/g_pe[87].u_pe/pr_j[5][6]_i_195/O
                         net (fo=1, unplaced)         0.446     1.902    u_array/g_pe[86].u_pe/pr_j_reg[5][6]_i_39_0[3]
                         CARRY4 (Prop_carry4_S[3]_CO[3])
                                                      0.223     2.125 r  u_array/g_pe[86].u_pe/pr_j_reg[5][6]_i_118/CO[3]
                         net (fo=1, unplaced)         0.000     2.125    u_array/g_pe[86].u_pe/pr_j_reg[5][6]_i_118_n_0
                         CARRY4 (Prop_carry4_CI_CO[3])
                                                      0.054     2.179 r  u_array/g_pe[86].u_pe/pr_j_reg[5][6]_i_39/CO[3]
                         net (fo=36, unplaced)        0.486     2.665    u_array/g_pe[86].u_pe/active_q_reg_2[0]
                         LUT5 (Prop_lut5_I2_O)        0.047     2.712 r  u_array/g_pe[86].u_pe/pr_j[5][2]_i_151/O
                         net (fo=5, unplaced)         0.298     3.010    u_array/g_pe[84].u_pe/pr_j[5][1]_i_19_0
                         LUT5 (Prop_lut5_I4_O)        0.043     3.053 r  u_array/g_pe[84].u_pe/pr_j[5][2]_i_113/O
                         net (fo=1, unplaced)         0.446     3.499    u_array/g_pe[84].u_pe/pr_j[5][2]_i_113_n_0
                         CARRY4 (Prop_carry4_S[3]_CO[3])
                                                      0.223     3.722 r  u_array/g_pe[84].u_pe/pr_j_reg[5][2]_i_40/CO[3]
                         net (fo=1, unplaced)         0.000     3.722    u_array/g_pe[84].u_pe/pr_j_reg[5][2]_i_40_n_0
                         CARRY4 (Prop_carry4_CI_CO[3])
                                                      0.054     3.776 f  u_array/g_pe[84].u_pe/pr_j_reg[5][2]_i_8/CO[3]
                         net (fo=37, unplaced)        0.487     4.263    u_array/g_pe[84].u_pe/active_q_reg_3[0]
                         LUT2 (Prop_lut2_I0_O)        0.043     4.306 r  u_array/g_pe[84].u_pe/pr_j[5][6]_i_10/O
                         net (fo=19, unplaced)        0.329     4.635    u_array/g_pe[84].u_pe/pr_j[5][6]_i_10_n_0
                         LUT6 (Prop_lut6_I5_O)        0.043     4.678 r  u_array/g_pe[84].u_pe/pr_j[5][1]_i_36/O
                         net (fo=4, unplaced)         0.294     4.972    u_array/g_pe[82].u_pe/pr_j_reg[5][6]_i_57_6
                         LUT4 (Prop_lut4_I3_O)        0.043     5.015 r  u_array/g_pe[82].u_pe/pr_j[5][6]_i_139/O
                         net (fo=1, unplaced)         0.446     5.461    u_array/g_pe[84].u_pe/pr_j_reg[5][6]_i_25_8[3]
                         CARRY4 (Prop_carry4_S[3]_CO[3])
                                                      0.223     5.684 r  u_array/g_pe[84].u_pe/pr_j_reg[5][6]_i_57/CO[3]
                         net (fo=1, unplaced)         0.000     5.684    u_array/g_pe[84].u_pe/pr_j_reg[5][6]_i_57_n_0
                         CARRY4 (Prop_carry4_CI_CO[3])
                                                      0.054     5.738 r  u_array/g_pe[84].u_pe/pr_j_reg[5][6]_i_25/CO[3]
                         net (fo=8, unplaced)         0.450     6.188    u_array/g_pe[84].u_pe/pr_j[5][6]_i_65[0]
                         LUT2 (Prop_lut2_I0_O)        0.043     6.231 r  u_array/g_pe[84].u_pe/pr_h[5][15]_i_8/O
                         net (fo=17, unplaced)        0.326     6.557    u_array/g_pe[80].u_pe/pr_h_reg[5][1]_0
                         LUT6 (Prop_lut6_I3_O)        0.043     6.600 r  u_array/g_pe[80].u_pe/pr_h[5][6]_i_2/O
                         net (fo=3, unplaced)         0.288     6.888    u_array/g_pe[88].u_pe/pr_h_reg[5][6]
                         LUT6 (Prop_lut6_I5_O)        0.043     6.931 r  u_array/g_pe[88].u_pe/pr_j[5][6]_i_70/O
                         net (fo=1, unplaced)         0.446     7.377    u_array/g_pe[88].u_pe/pr_j[5][6]_i_70_n_0
                         CARRY4 (Prop_carry4_S[3]_CO[3])
                                                      0.223     7.600 r  u_array/g_pe[88].u_pe/pr_j_reg[5][6]_i_26/CO[3]
                         net (fo=1, unplaced)         0.000     7.600    u_array/g_pe[88].u_pe/pr_j_reg[5][6]_i_26_n_0
                         CARRY4 (Prop_carry4_CI_CO[3])
                                                      0.054     7.654 f  u_array/g_pe[88].u_pe/pr_j_reg[5][6]_i_7/CO[3]
                         net (fo=32, unplaced)        0.483     8.137    u_array/g_pe[88].u_pe/pr_j[5][6]_i_34_0[0]
                         LUT6 (Prop_lut6_I5_O)        0.043     8.180 r  u_array/g_pe[88].u_pe/pr_i[5][3]_i_8/O
                         net (fo=1, unplaced)         0.270     8.450    u_array/g_pe[84].u_pe/pr_i[5][3]_i_4_0
                         LUT6 (Prop_lut6_I5_O)        0.043     8.493 r  u_array/g_pe[84].u_pe/pr_i[5][3]_i_6/O
                         net (fo=1, unplaced)         0.270     8.763    u_tracker/p_7_in[1]
                         LUT2 (Prop_lut2_I1_O)        0.043     8.806 r  u_tracker/pr_i[5][3]_i_4/O
                         net (fo=1, unplaced)         0.360     9.166    u_tracker/pr_i[5][3]_i_4_n_0
                         CARRY4 (Prop_carry4_S[1]_CO[3])
                                                      0.299     9.465 r  u_tracker/pr_i_reg[5][3]_i_1/CO[3]
                         net (fo=1, unplaced)         0.000     9.465    u_tracker/pr_i_reg[5][3]_i_1_n_0
                         CARRY4 (Prop_carry4_CI_CO[3])
                                                      0.054     9.519 r  u_tracker/pr_i_reg[5][7]_i_1/CO[3]
                         net (fo=1, unplaced)         0.000     9.519    u_tracker/pr_i_reg[5][7]_i_1_n_0
                         CARRY4 (Prop_carry4_CI_O[1])
                                                      0.173     9.692 r  u_tracker/pr_i_reg[5][11]_i_1/O[1]
                         net (fo=1, unplaced)         0.301     9.993    u_tracker/s1_i8_out[9]
                         FDRE                                         r  u_tracker/pr_i_reg[5][9]/D
  -------------------------------------------------------------------    -------------------

                         (clock clk rise edge)        3.000     3.000 r  <hidden>
                                                      0.000     3.000 r  clk
                         net (fo=27410, unset)        0.510     3.510    u_tracker/clk
                         FDRE                                         r  u_tracker/pr_i_reg[5][9]/C
                         clock pessimism              0.000     3.510    <hidden>
                         clock uncertainty           -0.035     3.475    <hidden>
                         FDRE (Setup_fdre_C_D)       -0.071     3.404    u_tracker/pr_i_reg[5][9]
  -------------------------------------------------------------------
                         required time                          3.404    <hidden>
                         arrival time                          -9.993    <hidden>
  -------------------------------------------------------------------
                         slack                                 -6.589    <hidden>





Pulse Width Checks
--------------------------------------------------------------------------------------
Clock Name:         clk
Waveform(ns):       { 0.000 1.500 }
Period(ns):         3.000
Sources:            { clk }

Check Type        Corner  Lib Pin  Reference Pin  Required(ns)  Actual(ns)  Slack(ns)  Location  Pin
Min Period        n/a     FDRE/C   n/a            0.750         3.000       2.250                u_array/g_pe[0].u_pe/oe_del_reg_reg[0]/C
Min Period        n/a     FDRE/C   n/a            0.750         3.000       2.250                u_array/g_pe[0].u_pe/oe_del_reg_reg[10]/C
Min Period        n/a     FDRE/C   n/a            0.750         3.000       2.250                u_array/g_pe[0].u_pe/oe_del_reg_reg[11]/C
Min Period        n/a     FDRE/C   n/a            0.750         3.000       2.250                u_array/g_pe[0].u_pe/oe_del_reg_reg[12]/C
Min Period        n/a     FDRE/C   n/a            0.750         3.000       2.250                u_array/g_pe[0].u_pe/oe_del_reg_reg[13]/C
Min Period        n/a     FDRE/C   n/a            0.750         3.000       2.250                u_array/g_pe[0].u_pe/oe_del_reg_reg[14]/C
Min Period        n/a     FDRE/C   n/a            0.750         3.000       2.250                u_array/g_pe[0].u_pe/oe_del_reg_reg[15]/C
Min Period        n/a     FDRE/C   n/a            0.750         3.000       2.250                u_array/g_pe[0].u_pe/oe_del_reg_reg[1]/C
Min Period        n/a     FDRE/C   n/a            0.750         3.000       2.250                u_array/g_pe[0].u_pe/oe_del_reg_reg[2]/C
Min Period        n/a     FDRE/C   n/a            0.750         3.000       2.250                u_array/g_pe[0].u_pe/oe_del_reg_reg[3]/C
Min Period        n/a     FDRE/C   n/a            0.750         3.000       2.250                u_array/g_pe[0].u_pe/oe_del_reg_reg[4]/C
Min Period        n/a     FDRE/C   n/a            0.750         3.000       2.250                u_array/g_pe[0].u_pe/oe_del_reg_reg[5]/C
Min Period        n/a     FDRE/C   n/a            0.750         3.000       2.250                u_array/g_pe[0].u_pe/oe_del_reg_reg[6]/C
Min Period        n/a     FDRE/C   n/a            0.750         3.000       2.250                u_array/g_pe[0].u_pe/oe_del_reg_reg[7]/C
Min Period        n/a     FDRE/C   n/a            0.750         3.000       2.250                u_array/g_pe[0].u_pe/oe_del_reg_reg[8]/C
Min Period        n/a     FDRE/C   n/a            0.750         3.000       2.250                u_array/g_pe[0].u_pe/oe_del_reg_reg[9]/C
Min Period        n/a     FDRE/C   n/a            0.750         3.000       2.250                u_array/g_pe[0].u_pe/oe_ins_reg_reg[0]/C
Min Period        n/a     FDRE/C   n/a            0.750         3.000       2.250                u_array/g_pe[0].u_pe/oe_ins_reg_reg[10]/C
Min Period        n/a     FDRE/C   n/a            0.750         3.000       2.250                u_array/g_pe[0].u_pe/oe_ins_reg_reg[11]/C
Min Period        n/a     FDRE/C   n/a            0.750         3.000       2.250                u_array/g_pe[0].u_pe/oe_ins_reg_reg[12]/C
Low Pulse Width   Slow    FDRE/C   n/a            0.400         1.500       1.100                u_array/g_pe[0].u_pe/oe_del_reg_reg[0]/C
Low Pulse Width   Fast    FDRE/C   n/a            0.400         1.500       1.100                u_array/g_pe[0].u_pe/oe_del_reg_reg[0]/C
Low Pulse Width   Slow    FDRE/C   n/a            0.400         1.500       1.100                u_array/g_pe[0].u_pe/oe_del_reg_reg[10]/C
Low Pulse Width   Fast    FDRE/C   n/a            0.400         1.500       1.100                u_array/g_pe[0].u_pe/oe_del_reg_reg[10]/C
Low Pulse Width   Slow    FDRE/C   n/a            0.400         1.500       1.100                u_array/g_pe[0].u_pe/oe_del_reg_reg[11]/C
Low Pulse Width   Fast    FDRE/C   n/a            0.400         1.500       1.100                u_array/g_pe[0].u_pe/oe_del_reg_reg[11]/C
Low Pulse Width   Slow    FDRE/C   n/a            0.400         1.500       1.100                u_array/g_pe[0].u_pe/oe_del_reg_reg[12]/C
Low Pulse Width   Fast    FDRE/C   n/a            0.400         1.500       1.100                u_array/g_pe[0].u_pe/oe_del_reg_reg[12]/C
Low Pulse Width   Slow    FDRE/C   n/a            0.400         1.500       1.100                u_array/g_pe[0].u_pe/oe_del_reg_reg[13]/C
Low Pulse Width   Fast    FDRE/C   n/a            0.400         1.500       1.100                u_array/g_pe[0].u_pe/oe_del_reg_reg[13]/C
Low Pulse Width   Slow    FDRE/C   n/a            0.400         1.500       1.100                u_array/g_pe[0].u_pe/oe_del_reg_reg[14]/C
Low Pulse Width   Fast    FDRE/C   n/a            0.400         1.500       1.100                u_array/g_pe[0].u_pe/oe_del_reg_reg[14]/C
Low Pulse Width   Slow    FDRE/C   n/a            0.400         1.500       1.100                u_array/g_pe[0].u_pe/oe_del_reg_reg[15]/C
Low Pulse Width   Fast    FDRE/C   n/a            0.400         1.500       1.100                u_array/g_pe[0].u_pe/oe_del_reg_reg[15]/C
Low Pulse Width   Slow    FDRE/C   n/a            0.400         1.500       1.100                u_array/g_pe[0].u_pe/oe_del_reg_reg[1]/C
Low Pulse Width   Fast    FDRE/C   n/a            0.400         1.500       1.100                u_array/g_pe[0].u_pe/oe_del_reg_reg[1]/C
Low Pulse Width   Slow    FDRE/C   n/a            0.400         1.500       1.100                u_array/g_pe[0].u_pe/oe_del_reg_reg[2]/C
Low Pulse Width   Fast    FDRE/C   n/a            0.400         1.500       1.100                u_array/g_pe[0].u_pe/oe_del_reg_reg[2]/C
Low Pulse Width   Slow    FDRE/C   n/a            0.400         1.500       1.100                u_array/g_pe[0].u_pe/oe_del_reg_reg[3]/C
Low Pulse Width   Fast    FDRE/C   n/a            0.400         1.500       1.100                u_array/g_pe[0].u_pe/oe_del_reg_reg[3]/C
High Pulse Width  Slow    FDRE/C   n/a            0.350         1.500       1.150                u_array/g_pe[0].u_pe/E_reg_reg[0]/C
High Pulse Width  Fast    FDRE/C   n/a            0.350         1.500       1.150                u_array/g_pe[0].u_pe/E_reg_reg[0]/C
High Pulse Width  Slow    FDRE/C   n/a            0.350         1.500       1.150                u_array/g_pe[0].u_pe/E_reg_reg[10]/C
High Pulse Width  Fast    FDRE/C   n/a            0.350         1.500       1.150                u_array/g_pe[0].u_pe/E_reg_reg[10]/C
High Pulse Width  Slow    FDRE/C   n/a            0.350         1.500       1.150                u_array/g_pe[0].u_pe/E_reg_reg[11]/C
High Pulse Width  Fast    FDRE/C   n/a            0.350         1.500       1.150                u_array/g_pe[0].u_pe/E_reg_reg[11]/C
High Pulse Width  Slow    FDRE/C   n/a            0.350         1.500       1.150                u_array/g_pe[0].u_pe/E_reg_reg[12]/C
High Pulse Width  Fast    FDRE/C   n/a            0.350         1.500       1.150                u_array/g_pe[0].u_pe/E_reg_reg[12]/C
High Pulse Width  Slow    FDRE/C   n/a            0.350         1.500       1.150                u_array/g_pe[0].u_pe/E_reg_reg[13]/C
High Pulse Width  Fast    FDRE/C   n/a            0.350         1.500       1.150                u_array/g_pe[0].u_pe/E_reg_reg[13]/C
High Pulse Width  Slow    FDRE/C   n/a            0.350         1.500       1.150                u_array/g_pe[0].u_pe/E_reg_reg[14]/C
High Pulse Width  Fast    FDRE/C   n/a            0.350         1.500       1.150                u_array/g_pe[0].u_pe/E_reg_reg[14]/C
High Pulse Width  Slow    FDRE/C   n/a            0.350         1.500       1.150                u_array/g_pe[0].u_pe/E_reg_reg[15]/C
High Pulse Width  Fast    FDRE/C   n/a            0.350         1.500       1.150                u_array/g_pe[0].u_pe/E_reg_reg[15]/C
High Pulse Width  Slow    FDRE/C   n/a            0.350         1.500       1.150                u_array/g_pe[0].u_pe/E_reg_reg[1]/C
High Pulse Width  Fast    FDRE/C   n/a            0.350         1.500       1.150                u_array/g_pe[0].u_pe/E_reg_reg[1]/C
High Pulse Width  Slow    FDRE/C   n/a            0.350         1.500       1.150                u_array/g_pe[0].u_pe/E_reg_reg[2]/C
High Pulse Width  Fast    FDRE/C   n/a            0.350         1.500       1.150                u_array/g_pe[0].u_pe/E_reg_reg[2]/C
High Pulse Width  Slow    FDRE/C   n/a            0.350         1.500       1.150                u_array/g_pe[0].u_pe/E_reg_reg[3]/C
High Pulse Width  Fast    FDRE/C   n/a            0.350         1.500       1.150                u_array/g_pe[0].u_pe/E_reg_reg[3]/C



