Copyright 1986-2022 Xilinx, Inc. All Rights Reserved. Copyright 2022-2026 Advanced Micro Devices, Inc. All Rights Reserved.
-----------------------------------------------------------------------------------------------------------------------------------------------------------------------------
| Tool Version : Vivado v.2026.1 (win64) Build 6511674 Tue Jun 16 11:02:23 MDT 2026
| Date         : Sat Aug  1 18:56:02 2026
| Host         : MSI running 64-bit major release  (build 9200)
| Command      : report_timing_summary -delay_type max -max_paths 20 -file C:/Users/kanak/Downloads/FPGA-speed-up-Project-main/synth/ooc/reports/bsw_top_impl_ml4_timing.rpt
| Design       : bsw_top
| Device       : 7v2000t-fhg1761
| Speed File   : -2  PRODUCTION 1.10 2014-09-11
| Design State : Routed
-----------------------------------------------------------------------------------------------------------------------------------------------------------------------------

Timing Summary Report

------------------------------------------------------------------------------------------------
| Timer Settings
| --------------
------------------------------------------------------------------------------------------------

  Enable Multi Corner Analysis               :  Yes
  Enable Pessimism Removal                   :  Yes
  Pessimism Removal Resolution               :  Nearest Common Node
  Enable Input Delay Default Clock           :  No
  Enable Preset / Clear Arcs                 :  No
  Disable Flight Delays                      :  No
  Ignore I/O Paths                           :  No
  Timing Early Launch at Borrowing Latches   :  No
  Borrow Time for Max Delay Exceptions       :  Yes
  Merge Timing Exceptions                    :  Yes
  Inter-SLR Compensation                     :  Conservative

  Corner  Analyze    Analyze    
  Name    Max Paths  Min Paths  
  ------  ---------  ---------  
  Slow    Yes        Yes        
  Fast    Yes        Yes        


------------------------------------------------------------------------------------------------
| Report Methodology
| ------------------
------------------------------------------------------------------------------------------------

No report available as report_methodology has not been run prior. Run report_methodology on the current design for the summary of methodology violations.



check_timing report

Table of Contents
-----------------
1. checking no_clock (0)
2. checking constant_clock (0)
3. checking pulse_width_clock (0)
4. checking unconstrained_internal_endpoints (0)
5. checking no_input_delay (3684)
6. checking no_output_delay (99)
7. checking multiple_clock (0)
8. checking generated_clocks (0)
9. checking loops (0)
10. checking partial_input_delay (0)
11. checking partial_output_delay (0)
12. checking latch_loops (0)

1. checking no_clock (0)
------------------------
 There are 0 register/latch pins with no clock.


2. checking constant_clock (0)
------------------------------
 There are 0 register/latch pins with constant_clock.


3. checking pulse_width_clock (0)
---------------------------------
 There are 0 register/latch pins which need pulse_width check


4. checking unconstrained_internal_endpoints (0)
------------------------------------------------
 There are 0 pins that are not constrained for maximum delay.

 There are 0 pins that are not constrained for maximum delay due to constant clock.


5. checking no_input_delay (3684)
---------------------------------
 There are 3684 input ports with no input delay specified. (HIGH)

 There are 0 input ports with no input delay but user has a false path constraint.


6. checking no_output_delay (99)
--------------------------------
 There are 99 ports with no output delay specified. (HIGH)

 There are 0 ports with no output delay but user has a false path constraint

 There are 0 ports with no output delay but with a timing clock defined on it or propagating through it


7. checking multiple_clock (0)
------------------------------
 There are 0 register/latch pins with multiple clocks.


8. checking generated_clocks (0)
--------------------------------
 There are 0 generated clocks that are not connected to a clock source.


9. checking loops (0)
---------------------
 There are 0 combinational loops in the design.


10. checking partial_input_delay (0)
------------------------------------
 There are 0 input ports with partial input delay specified.


11. checking partial_output_delay (0)
-------------------------------------
 There are 0 ports with partial output delay specified.


12. checking latch_loops (0)
----------------------------
 There are 0 combinational latch loops in the design through latch input



------------------------------------------------------------------------------------------------
| Design Timing Summary
| ---------------------
------------------------------------------------------------------------------------------------

    WNS(ns)      TNS(ns)  TNS Failing Endpoints  TNS Total Endpoints     WPWS(ns)     TPWS(ns)  TPWS Failing Endpoints  TPWS Total Endpoints  
    -------      -------  ---------------------  -------------------     --------     --------  ----------------------  --------------------  
     -3.382   -36720.531                  26182                56711        2.100        0.000                       0                 27338  


Timing constraints are not met.


------------------------------------------------------------------------------------------------
| Clock Summary
| -------------
------------------------------------------------------------------------------------------------

Clock  Waveform(ns)         Period(ns)      Frequency(MHz)
-----  ------------         ----------      --------------
clk    {0.000 2.500}        5.000           200.000         


------------------------------------------------------------------------------------------------
| Intra Clock Table
| -----------------
------------------------------------------------------------------------------------------------

Clock             WNS(ns)      TNS(ns)  TNS Failing Endpoints  TNS Total Endpoints     WPWS(ns)     TPWS(ns)  TPWS Failing Endpoints  TPWS Total Endpoints  
-----             -------      -------  ---------------------  -------------------     --------     --------  ----------------------  --------------------  
clk                -3.382   -36720.531                  26182                56711        2.100        0.000                       0                 27338  


------------------------------------------------------------------------------------------------
| Inter Clock Table
| -----------------
------------------------------------------------------------------------------------------------

From Clock    To Clock          WNS(ns)      TNS(ns)  TNS Failing Endpoints  TNS Total Endpoints  
----------    --------          -------      -------  ---------------------  -------------------  


------------------------------------------------------------------------------------------------
| Other Path Groups Table
| -----------------------
------------------------------------------------------------------------------------------------

Path Group    From Clock    To Clock          WNS(ns)      TNS(ns)  TNS Failing Endpoints  TNS Total Endpoints  
----------    ----------    --------          -------      -------  ---------------------  -------------------  


------------------------------------------------------------------------------------------------
| Timing Details
| --------------
------------------------------------------------------------------------------------------------


---------------------------------------------------------------------------------------------------
From Clock:  clk
  To Clock:  clk

Setup :        26182  Failing Endpoints,  Worst Slack       -3.382ns,  Total Violation   -36720.532ns
Hold  :           NA  Failing Endpoints,  Worst Slack           NA  ,  Total Violation           NA
PW    :            0  Failing Endpoints,  Worst Slack        2.100ns,  Total Violation        0.000ns
---------------------------------------------------------------------------------------------------


Max Delay Paths
--------------------------------------------------------------------------------------
Slack (VIOLATED) :        -3.382ns  (required time - arrival time)
  Source:                 u_array/g_pe[134].u_pe/active_q_reg/C
                            (rising edge-triggered cell FDRE clocked by clk  {rise@0.000ns fall@2.500ns period=5.000ns})
  Destination:            u_tracker/pr_i_reg[8][13]/D
                            (rising edge-triggered cell FDRE clocked by clk  {rise@0.000ns fall@2.500ns period=5.000ns})
  Path Group:             clk
  Path Type:              Setup (Max at Slow Process Corner)
  Requirement:            5.000ns  (clk rise@5.000ns - clk rise@0.000ns)
  Data Path Delay:        8.396ns  (logic 2.350ns (27.990%)  route 6.046ns (72.010%))
  Logic Levels:           21  (CARRY4=9 LUT2=3 LUT4=1 LUT5=2 LUT6=6)
  Clock Path Skew:        -0.027ns (DCD - SCD + CPR)
    Destination Clock Delay (DCD):    0.510ns = ( 5.510 - 5.000 ) 
    Source Clock Delay      (SCD):    0.537ns
    Clock Pessimism Removal (CPR):    0.000ns
  Clock Uncertainty:      0.035ns  ((TSJ^2 + TIJ^2)^1/2 + DJ) / 2 + PE
    Total System Jitter     (TSJ):    0.071ns
    Total Input Jitter      (TIJ):    0.000ns
    Discrete Jitter          (DJ):    0.000ns
    Phase Error              (PE):    0.000ns

    Location             Delay type                Incr(ns)  Path(ns)    Netlist Resource(s)
  -------------------------------------------------------------------    -------------------
                         (clock clk rise edge)        0.000     0.000 r  <hidden>
                                                      0.000     0.000 r  clk
                         net (fo=27477, unset)        0.537     0.537    u_array/g_pe[134].u_pe/clk
    SLICE_X365Y164       FDRE                                         r  u_array/g_pe[134].u_pe/active_q_reg/C
  -------------------------------------------------------------------    -------------------
    SLICE_X365Y164       FDRE (Prop_fdre_C_Q)         0.223     0.760 r  u_array/g_pe[134].u_pe/active_q_reg/Q
                         net (fo=112, routed)         0.622     1.382    u_array/g_pe[134].u_pe/active_q_reg_0[0]
    SLICE_X362Y165       LUT6 (Prop_lut6_I1_O)        0.043     1.425 r  u_array/g_pe[134].u_pe/pr_j[8][7]_i_189/O
                         net (fo=1, routed)           0.389     1.814    u_array/g_pe[134].u_pe/pr_j[8][7]_i_189_n_0
    SLICE_X364Y165       CARRY4 (Prop_carry4_DI[1]_CO[3])
                                                      0.253     2.067 r  u_array/g_pe[134].u_pe/pr_j_reg[8][7]_i_57/CO[3]
                         net (fo=37, routed)          0.719     2.786    u_array/g_pe[134].u_pe/H_curr_reg_reg[15]_2[0]
    SLICE_X367Y163       LUT5 (Prop_lut5_I2_O)        0.043     2.829 r  u_array/g_pe[134].u_pe/pr_j[8][7]_i_216/O
                         net (fo=5, routed)           0.524     3.353    u_array/g_pe[133].u_pe/pr_j_reg[8][7]_i_56_4
    SLICE_X367Y166       LUT5 (Prop_lut5_I2_O)        0.043     3.396 r  u_array/g_pe[133].u_pe/pr_j[8][7]_i_184/O
                         net (fo=1, routed)           0.000     3.396    u_array/g_pe[133].u_pe/pr_j[8][7]_i_184_n_0
    SLICE_X367Y166       CARRY4 (Prop_carry4_S[1]_CO[3])
                                                      0.267     3.663 r  u_array/g_pe[133].u_pe/pr_j_reg[8][7]_i_56/CO[3]
                         net (fo=38, routed)          0.343     4.006    u_array/g_pe[133].u_pe/H_curr_reg_reg[15]_3[0]
    SLICE_X364Y166       LUT2 (Prop_lut2_I0_O)        0.043     4.049 r  u_array/g_pe[133].u_pe/pr_j[8][2]_i_75/O
                         net (fo=16, routed)          0.565     4.614    u_array/g_pe[132].u_pe/pr_j[8][2]_i_30
    SLICE_X367Y164       LUT6 (Prop_lut6_I2_O)        0.043     4.657 r  u_array/g_pe[132].u_pe/pr_j[8][2]_i_72/O
                         net (fo=4, routed)           0.329     4.986    u_array/g_pe[130].u_pe/pr_j_reg[8][2]_i_7
    SLICE_X366Y165       LUT4 (Prop_lut4_I1_O)        0.043     5.029 r  u_array/g_pe[130].u_pe/pr_j[8][2]_i_41/O
                         net (fo=1, routed)           0.000     5.029    u_array/g_pe[132].u_pe/pr_j_reg[8][2]_i_3_5[0]
    SLICE_X366Y165       CARRY4 (Prop_carry4_S[0]_CO[3])
                                                      0.259     5.288 r  u_array/g_pe[132].u_pe/pr_j_reg[8][2]_i_7/CO[3]
                         net (fo=1, routed)           0.000     5.288    u_array/g_pe[130].u_pe/pr_j_reg[8][2][0]
    SLICE_X366Y166       CARRY4 (Prop_carry4_CI_CO[3])
                                                      0.053     5.341 r  u_array/g_pe[130].u_pe/pr_j_reg[8][2]_i_3/CO[3]
                         net (fo=8, routed)           0.560     5.901    u_array/g_pe[130].u_pe/pr_j[8][2]_i_15_0[0]
    SLICE_X372Y166       LUT2 (Prop_lut2_I0_O)        0.043     5.944 r  u_array/g_pe[130].u_pe/pr_h[8][15]_i_9/O
                         net (fo=17, routed)          0.365     6.308    u_array/g_pe[130].u_pe/pr_j_reg[8][2]_i_4_0
    SLICE_X372Y166       LUT6 (Prop_lut6_I3_O)        0.043     6.351 f  u_array/g_pe[130].u_pe/pr_h[8][10]_i_2/O
                         net (fo=3, routed)           0.377     6.728    u_array/g_pe[137].u_pe/pr_h_reg[8][10]_0
    SLICE_X375Y166       LUT6 (Prop_lut6_I5_O)        0.043     6.771 r  u_array/g_pe[137].u_pe/pr_j[8][7]_i_11/O
                         net (fo=1, routed)           0.374     7.145    u_array/g_pe[137].u_pe/pr_j[8][7]_i_11_n_0
    SLICE_X377Y166       CARRY4 (Prop_carry4_DI[1]_CO[3])
                                                      0.250     7.395 f  u_array/g_pe[137].u_pe/pr_j_reg[8][7]_i_2/CO[3]
                         net (fo=30, routed)          0.423     7.818    u_array/g_pe[137].u_pe/pr_j[8][7]_i_16_0[0]
    SLICE_X376Y167       LUT6 (Prop_lut6_I0_O)        0.043     7.861 r  u_array/g_pe[137].u_pe/pr_i[8][3]_i_8/O
                         net (fo=1, routed)           0.258     8.119    u_array/g_pe[130].u_pe/pr_i[8][3]_i_4_0
    SLICE_X376Y168       LUT6 (Prop_lut6_I5_O)        0.043     8.162 r  u_array/g_pe[130].u_pe/pr_i[8][3]_i_6/O
                         net (fo=1, routed)           0.199     8.361    u_tracker/p_13_in[1]
    SLICE_X376Y170       LUT2 (Prop_lut2_I1_O)        0.043     8.404 r  u_tracker/pr_i[8][3]_i_4/O
                         net (fo=1, routed)           0.000     8.404    u_tracker/pr_i[8][3]_i_4_n_0
    SLICE_X376Y170       CARRY4 (Prop_carry4_S[1]_CO[3])
                                                      0.256     8.660 r  u_tracker/pr_i_reg[8][3]_i_1/CO[3]
                         net (fo=1, routed)           0.000     8.660    u_tracker/pr_i_reg[8][3]_i_1_n_0
    SLICE_X376Y171       CARRY4 (Prop_carry4_CI_CO[3])
                                                      0.054     8.714 r  u_tracker/pr_i_reg[8][7]_i_1/CO[3]
                         net (fo=1, routed)           0.000     8.714    u_tracker/pr_i_reg[8][7]_i_1_n_0
    SLICE_X376Y172       CARRY4 (Prop_carry4_CI_CO[3])
                                                      0.054     8.768 r  u_tracker/pr_i_reg[8][11]_i_1/CO[3]
                         net (fo=1, routed)           0.000     8.768    u_tracker/pr_i_reg[8][11]_i_1_n_0
    SLICE_X376Y173       CARRY4 (Prop_carry4_CI_O[1])
                                                      0.165     8.933 r  u_tracker/pr_i_reg[8][15]_i_2/O[1]
                         net (fo=1, routed)           0.000     8.933    u_tracker/s1_i14_out[13]
    SLICE_X376Y173       FDRE                                         r  u_tracker/pr_i_reg[8][13]/D
  -------------------------------------------------------------------    -------------------

                         (clock clk rise edge)        5.000     5.000 r  <hidden>
                                                      0.000     5.000 r  clk
                         net (fo=27477, unset)        0.510     5.510    u_tracker/clk
    SLICE_X376Y173       FDRE                                         r  u_tracker/pr_i_reg[8][13]/C
                         clock pessimism              0.000     5.510    <hidden>
                         clock uncertainty           -0.035     5.475    <hidden>
    SLICE_X376Y173       FDRE (Setup_fdre_C_D)        0.076     5.551    u_tracker/pr_i_reg[8][13]
  -------------------------------------------------------------------
                         required time                          5.551    <hidden>
                         arrival time                          -8.933    <hidden>
  -------------------------------------------------------------------
                         slack                                 -3.382    <hidden>

Slack (VIOLATED) :        -3.380ns  (required time - arrival time)
  Source:                 u_array/g_pe[71].u_pe/H_curr_reg_reg[9]/C
                            (rising edge-triggered cell FDRE clocked by clk  {rise@0.000ns fall@2.500ns period=5.000ns})
  Destination:            u_tracker/pr_i_reg[4][13]/D
                            (rising edge-triggered cell FDRE clocked by clk  {rise@0.000ns fall@2.500ns period=5.000ns})
  Path Group:             clk
  Path Type:              Setup (Max at Slow Process Corner)
  Requirement:            5.000ns  (clk rise@5.000ns - clk rise@0.000ns)
  Data Path Delay:        8.366ns  (logic 2.675ns (31.973%)  route 5.691ns (68.027%))
  Logic Levels:           21  (CARRY4=10 LUT2=2 LUT4=1 LUT5=1 LUT6=5 MUXF7=2)
  Clock Path Skew:        -0.027ns (DCD - SCD + CPR)
    Destination Clock Delay (DCD):    0.510ns = ( 5.510 - 5.000 ) 
    Source Clock Delay      (SCD):    0.537ns
    Clock Pessimism Removal (CPR):    0.000ns
  Clock Uncertainty:      0.035ns  ((TSJ^2 + TIJ^2)^1/2 + DJ) / 2 + PE
    Total System Jitter     (TSJ):    0.071ns
    Total Input Jitter      (TIJ):    0.000ns
    Discrete Jitter          (DJ):    0.000ns
    Phase Error              (PE):    0.000ns

    Location             Delay type                Incr(ns)  Path(ns)    Netlist Resource(s)
  -------------------------------------------------------------------    -------------------
                         (clock clk rise edge)        0.000     0.000 r  <hidden>
                                                      0.000     0.000 r  clk
                         net (fo=27477, unset)        0.537     0.537    u_array/g_pe[71].u_pe/clk
    SLICE_X328Y264       FDRE                                         r  u_array/g_pe[71].u_pe/H_curr_reg_reg[9]/C
  -------------------------------------------------------------------    -------------------
    SLICE_X328Y264       FDRE (Prop_fdre_C_Q)         0.259     0.796 r  u_array/g_pe[71].u_pe/H_curr_reg_reg[9]/Q
                         net (fo=8, routed)           0.380     1.176    u_array/g_pe[71].u_pe/H_curr_reg_reg[15]_1[9]
    SLICE_X334Y264       LUT2 (Prop_lut2_I1_O)        0.043     1.219 r  u_array/g_pe[71].u_pe/pr_h[4][9]_i_17/O
                         net (fo=5, routed)           0.458     1.677    u_array/g_pe[70].u_pe/s1_h[0][71]_1[9]
    SLICE_X336Y264       LUT5 (Prop_lut5_I4_O)        0.043     1.720 r  u_array/g_pe[70].u_pe/pr_j[4][2]_i_170/O
                         net (fo=1, routed)           0.000     1.720    u_array/g_pe[70].u_pe/pr_j[4][2]_i_170_n_0
    SLICE_X336Y264       CARRY4 (Prop_carry4_S[0]_CO[3])
                                                      0.246     1.966 r  u_array/g_pe[70].u_pe/pr_j_reg[4][2]_i_85/CO[3]
                         net (fo=77, routed)          0.552     2.518    u_array/g_pe[70].u_pe/pr_j_reg[4][2]_i_85_n_0
    SLICE_X334Y265       LUT4 (Prop_lut4_I3_O)        0.043     2.561 f  u_array/g_pe[70].u_pe/pr_j[4][2]_i_174/O
                         net (fo=4, routed)           0.382     2.944    u_array/g_pe[70].u_pe/u_tracker/s1_h[1][35][1]
    SLICE_X337Y267       LUT6 (Prop_lut6_I4_O)        0.043     2.987 r  u_array/g_pe[70].u_pe/pr_j[4][2]_i_113/O
                         net (fo=1, routed)           0.352     3.339    u_array/g_pe[70].u_pe/pr_j[4][2]_i_113_n_0
    SLICE_X337Y264       CARRY4 (Prop_carry4_DI[0]_CO[3])
                                                      0.269     3.608 r  u_array/g_pe[70].u_pe/pr_j_reg[4][2]_i_58/CO[3]
                         net (fo=1, routed)           0.000     3.608    u_array/g_pe[70].u_pe/pr_j_reg[4][2]_i_58_n_0
    SLICE_X337Y265       CARRY4 (Prop_carry4_CI_CO[3])
                                                      0.053     3.661 r  u_array/g_pe[70].u_pe/pr_j_reg[4][2]_i_19/CO[3]
                         net (fo=22, routed)          0.510     4.171    u_array/g_pe[70].u_pe/pr_j[4][2]_i_66_0[0]
    SLICE_X338Y266       LUT6 (Prop_lut6_I3_O)        0.043     4.214 f  u_array/g_pe[70].u_pe/pr_h[4][3]_i_10/O
                         net (fo=1, routed)           0.000     4.214    u_array/g_pe[70].u_pe/pr_h[4][3]_i_10_n_0
    SLICE_X338Y266       MUXF7 (Prop_muxf7_I1_O)      0.108     4.322 f  u_array/g_pe[70].u_pe/pr_h_reg[4][3]_i_6/O
                         net (fo=5, routed)           0.335     4.657    u_array/g_pe[65].u_pe/pr_h_reg[4][3]
    SLICE_X341Y265       LUT6 (Prop_lut6_I4_O)        0.124     4.781 r  u_array/g_pe[65].u_pe/pr_j[4][1]_i_19/O
                         net (fo=1, routed)           0.384     5.165    u_array/g_pe[65].u_pe/pr_j[4][1]_i_19_n_0
    SLICE_X342Y263       CARRY4 (Prop_carry4_DI[1]_CO[3])
                                                      0.250     5.415 r  u_array/g_pe[65].u_pe/pr_j_reg[4][1]_i_8/CO[3]
                         net (fo=1, routed)           0.000     5.415    u_array/g_pe[65].u_pe/pr_j_reg[4][1]_i_8_n_0
    SLICE_X342Y264       CARRY4 (Prop_carry4_CI_CO[3])
                                                      0.053     5.468 r  u_array/g_pe[65].u_pe/pr_j_reg[4][1]_i_4/CO[3]
                         net (fo=25, routed)          0.695     6.163    u_array/g_pe[65].u_pe/pr_j[4][1]_i_16_0[0]
    SLICE_X347Y266       LUT6 (Prop_lut6_I1_O)        0.043     6.206 r  u_array/g_pe[65].u_pe/pr_h[4][12]_i_4/O
                         net (fo=3, routed)           0.452     6.659    u_array/g_pe[72].u_pe/pr_h_reg[4][12]_1
    SLICE_X345Y263       LUT6 (Prop_lut6_I3_O)        0.043     6.702 r  u_array/g_pe[72].u_pe/pr_j[4][6]_i_21/O
                         net (fo=1, routed)           0.330     7.032    u_array/g_pe[72].u_pe/pr_j[4][6]_i_21_n_0
    SLICE_X344Y263       CARRY4 (Prop_carry4_DI[2]_CO[3])
                                                      0.202     7.234 r  u_array/g_pe[72].u_pe/pr_j_reg[4][6]_i_5/CO[3]
                         net (fo=27, routed)          0.575     7.809    u_array/g_pe[72].u_pe/pr_j[4][6]_i_27_0[0]
    SLICE_X346Y261       MUXF7 (Prop_muxf7_S_O)       0.147     7.956 r  u_array/g_pe[72].u_pe/pr_i_reg[4][3]_i_6/O
                         net (fo=1, routed)           0.284     8.240    u_tracker/p_5_in[1]
    SLICE_X347Y257       LUT2 (Prop_lut2_I1_O)        0.124     8.364 r  u_tracker/pr_i[4][3]_i_4/O
                         net (fo=1, routed)           0.000     8.364    u_tracker/pr_i[4][3]_i_4_n_0
    SLICE_X347Y257       CARRY4 (Prop_carry4_S[1]_CO[3])
                                                      0.267     8.631 r  u_tracker/pr_i_reg[4][3]_i_1/CO[3]
                         net (fo=1, routed)           0.000     8.631    u_tracker/pr_i_reg[4][3]_i_1_n_0
    SLICE_X347Y258       CARRY4 (Prop_carry4_CI_CO[3])
                                                      0.053     8.684 r  u_tracker/pr_i_reg[4][7]_i_1/CO[3]
                         net (fo=1, routed)           0.000     8.684    u_tracker/pr_i_reg[4][7]_i_1_n_0
    SLICE_X347Y259       CARRY4 (Prop_carry4_CI_CO[3])
                                                      0.053     8.737 r  u_tracker/pr_i_reg[4][11]_i_1/CO[3]
                         net (fo=1, routed)           0.000     8.737    u_tracker/pr_i_reg[4][11]_i_1_n_0
    SLICE_X347Y260       CARRY4 (Prop_carry4_CI_O[1])
                                                      0.166     8.903 r  u_tracker/pr_i_reg[4][15]_i_2/O[1]
                         net (fo=1, routed)           0.000     8.903    u_tracker/s1_i6_out[13]
    SLICE_X347Y260       FDRE                                         r  u_tracker/pr_i_reg[4][13]/D
  -------------------------------------------------------------------    -------------------

                         (clock clk rise edge)        5.000     5.000 r  <hidden>
                                                      0.000     5.000 r  clk
                         net (fo=27477, unset)        0.510     5.510    u_tracker/clk
    SLICE_X347Y260       FDRE                                         r  u_tracker/pr_i_reg[4][13]/C
                         clock pessimism              0.000     5.510    <hidden>
                         clock uncertainty           -0.035     5.475    <hidden>
    SLICE_X347Y260       FDRE (Setup_fdre_C_D)        0.049     5.524    u_tracker/pr_i_reg[4][13]
  -------------------------------------------------------------------
                         required time                          5.524    <hidden>
                         arrival time                          -8.903    <hidden>
  -------------------------------------------------------------------
                         slack                                 -3.380    <hidden>

Slack (VIOLATED) :        -3.368ns  (required time - arrival time)
  Source:                 u_array/g_pe[134].u_pe/active_q_reg/C
                            (rising edge-triggered cell FDRE clocked by clk  {rise@0.000ns fall@2.500ns period=5.000ns})
  Destination:            u_tracker/pr_i_reg[8][15]/D
                            (rising edge-triggered cell FDRE clocked by clk  {rise@0.000ns fall@2.500ns period=5.000ns})
  Path Group:             clk
  Path Type:              Setup (Max at Slow Process Corner)
  Requirement:            5.000ns  (clk rise@5.000ns - clk rise@0.000ns)
  Data Path Delay:        8.382ns  (logic 2.336ns (27.870%)  route 6.046ns (72.130%))
  Logic Levels:           21  (CARRY4=9 LUT2=3 LUT4=1 LUT5=2 LUT6=6)
  Clock Path Skew:        -0.027ns (DCD - SCD + CPR)
    Destination Clock Delay (DCD):    0.510ns = ( 5.510 - 5.000 ) 
    Source Clock Delay      (SCD):    0.537ns
    Clock Pessimism Removal (CPR):    0.000ns
  Clock Uncertainty:      0.035ns  ((TSJ^2 + TIJ^2)^1/2 + DJ) / 2 + PE
    Total System Jitter     (TSJ):    0.071ns
    Total Input Jitter      (TIJ):    0.000ns
    Discrete Jitter          (DJ):    0.000ns
    Phase Error              (PE):    0.000ns

    Location             Delay type                Incr(ns)  Path(ns)    Netlist Resource(s)
  -------------------------------------------------------------------    -------------------
                         (clock clk rise edge)        0.000     0.000 r  <hidden>
                                                      0.000     0.000 r  clk
                         net (fo=27477, unset)        0.537     0.537    u_array/g_pe[134].u_pe/clk
    SLICE_X365Y164       FDRE                                         r  u_array/g_pe[134].u_pe/active_q_reg/C
  -------------------------------------------------------------------    -------------------
    SLICE_X365Y164       FDRE (Prop_fdre_C_Q)         0.223     0.760 r  u_array/g_pe[134].u_pe/active_q_reg/Q
                         net (fo=112, routed)         0.622     1.382    u_array/g_pe[134].u_pe/active_q_reg_0[0]
    SLICE_X362Y165       LUT6 (Prop_lut6_I1_O)        0.043     1.425 r  u_array/g_pe[134].u_pe/pr_j[8][7]_i_189/O
                         net (fo=1, routed)           0.389     1.814    u_array/g_pe[134].u_pe/pr_j[8][7]_i_189_n_0
    SLICE_X364Y165       CARRY4 (Prop_carry4_DI[1]_CO[3])
                                                      0.253     2.067 r  u_array/g_pe[134].u_pe/pr_j_reg[8][7]_i_57/CO[3]
                         net (fo=37, routed)          0.719     2.786    u_array/g_pe[134].u_pe/H_curr_reg_reg[15]_2[0]
    SLICE_X367Y163       LUT5 (Prop_lut5_I2_O)        0.043     2.829 r  u_array/g_pe[134].u_pe/pr_j[8][7]_i_216/O
                         net (fo=5, routed)           0.524     3.353    u_array/g_pe[133].u_pe/pr_j_reg[8][7]_i_56_4
    SLICE_X367Y166       LUT5 (Prop_lut5_I2_O)        0.043     3.396 r  u_array/g_pe[133].u_pe/pr_j[8][7]_i_184/O
                         net (fo=1, routed)           0.000     3.396    u_array/g_pe[133].u_pe/pr_j[8][7]_i_184_n_0
    SLICE_X367Y166       CARRY4 (Prop_carry4_S[1]_CO[3])
                                                      0.267     3.663 r  u_array/g_pe[133].u_pe/pr_j_reg[8][7]_i_56/CO[3]
                         net (fo=38, routed)          0.343     4.006    u_array/g_pe[133].u_pe/H_curr_reg_reg[15]_3[0]
    SLICE_X364Y166       LUT2 (Prop_lut2_I0_O)        0.043     4.049 r  u_array/g_pe[133].u_pe/pr_j[8][2]_i_75/O
                         net (fo=16, routed)          0.565     4.614    u_array/g_pe[132].u_pe/pr_j[8][2]_i_30
    SLICE_X367Y164       LUT6 (Prop_lut6_I2_O)        0.043     4.657 r  u_array/g_pe[132].u_pe/pr_j[8][2]_i_72/O
                         net (fo=4, routed)           0.329     4.986    u_array/g_pe[130].u_pe/pr_j_reg[8][2]_i_7
    SLICE_X366Y165       LUT4 (Prop_lut4_I1_O)        0.043     5.029 r  u_array/g_pe[130].u_pe/pr_j[8][2]_i_41/O
                         net (fo=1, routed)           0.000     5.029    u_array/g_pe[132].u_pe/pr_j_reg[8][2]_i_3_5[0]
    SLICE_X366Y165       CARRY4 (Prop_carry4_S[0]_CO[3])
                                                      0.259     5.288 r  u_array/g_pe[132].u_pe/pr_j_reg[8][2]_i_7/CO[3]
                         net (fo=1, routed)           0.000     5.288    u_array/g_pe[130].u_pe/pr_j_reg[8][2][0]
    SLICE_X366Y166       CARRY4 (Prop_carry4_CI_CO[3])
                                                      0.053     5.341 r  u_array/g_pe[130].u_pe/pr_j_reg[8][2]_i_3/CO[3]
                         net (fo=8, routed)           0.560     5.901    u_array/g_pe[130].u_pe/pr_j[8][2]_i_15_0[0]
    SLICE_X372Y166       LUT2 (Prop_lut2_I0_O)        0.043     5.944 r  u_array/g_pe[130].u_pe/pr_h[8][15]_i_9/O
                         net (fo=17, routed)          0.365     6.308    u_array/g_pe[130].u_pe/pr_j_reg[8][2]_i_4_0
    SLICE_X372Y166       LUT6 (Prop_lut6_I3_O)        0.043     6.351 f  u_array/g_pe[130].u_pe/pr_h[8][10]_i_2/O
                         net (fo=3, routed)           0.377     6.728    u_array/g_pe[137].u_pe/pr_h_reg[8][10]_0
    SLICE_X375Y166       LUT6 (Prop_lut6_I5_O)        0.043     6.771 r  u_array/g_pe[137].u_pe/pr_j[8][7]_i_11/O
                         net (fo=1, routed)           0.374     7.145    u_array/g_pe[137].u_pe/pr_j[8][7]_i_11_n_0
    SLICE_X377Y166       CARRY4 (Prop_carry4_DI[1]_CO[3])
                                                      0.250     7.395 f  u_array/g_pe[137].u_pe/pr_j_reg[8][7]_i_2/CO[3]
                         net (fo=30, routed)          0.423     7.818    u_array/g_pe[137].u_pe/pr_j[8][7]_i_16_0[0]
    SLICE_X376Y167       LUT6 (Prop_lut6_I0_O)        0.043     7.861 r  u_array/g_pe[137].u_pe/pr_i[8][3]_i_8/O
                         net (fo=1, routed)           0.258     8.119    u_array/g_pe[130].u_pe/pr_i[8][3]_i_4_0
    SLICE_X376Y168       LUT6 (Prop_lut6_I5_O)        0.043     8.162 r  u_array/g_pe[130].u_pe/pr_i[8][3]_i_6/O
                         net (fo=1, routed)           0.199     8.361    u_tracker/p_13_in[1]
    SLICE_X376Y170       LUT2 (Prop_lut2_I1_O)        0.043     8.404 r  u_tracker/pr_i[8][3]_i_4/O
                         net (fo=1, routed)           0.000     8.404    u_tracker/pr_i[8][3]_i_4_n_0
    SLICE_X376Y170       CARRY4 (Prop_carry4_S[1]_CO[3])
                                                      0.256     8.660 r  u_tracker/pr_i_reg[8][3]_i_1/CO[3]
                         net (fo=1, routed)           0.000     8.660    u_tracker/pr_i_reg[8][3]_i_1_n_0
    SLICE_X376Y171       CARRY4 (Prop_carry4_CI_CO[3])
                                                      0.054     8.714 r  u_tracker/pr_i_reg[8][7]_i_1/CO[3]
                         net (fo=1, routed)           0.000     8.714    u_tracker/pr_i_reg[8][7]_i_1_n_0
    SLICE_X376Y172       CARRY4 (Prop_carry4_CI_CO[3])
                                                      0.054     8.768 r  u_tracker/pr_i_reg[8][11]_i_1/CO[3]
                         net (fo=1, routed)           0.000     8.768    u_tracker/pr_i_reg[8][11]_i_1_n_0
    SLICE_X376Y173       CARRY4 (Prop_carry4_CI_O[3])
                                                      0.151     8.919 r  u_tracker/pr_i_reg[8][15]_i_2/O[3]
                         net (fo=1, routed)           0.000     8.919    u_tracker/s1_i14_out[15]
    SLICE_X376Y173       FDRE                                         r  u_tracker/pr_i_reg[8][15]/D
  -------------------------------------------------------------------    -------------------

                         (clock clk rise edge)        5.000     5.000 r  <hidden>
                                                      0.000     5.000 r  clk
                         net (fo=27477, unset)        0.510     5.510    u_tracker/clk
    SLICE_X376Y173       FDRE                                         r  u_tracker/pr_i_reg[8][15]/C
                         clock pessimism              0.000     5.510    <hidden>
                         clock uncertainty           -0.035     5.475    <hidden>
    SLICE_X376Y173       FDRE (Setup_fdre_C_D)        0.076     5.551    u_tracker/pr_i_reg[8][15]
  -------------------------------------------------------------------
                         required time                          5.551    <hidden>
                         arrival time                          -8.919    <hidden>
  -------------------------------------------------------------------
                         slack                                 -3.368    <hidden>

Slack (VIOLATED) :        -3.363ns  (required time - arrival time)
  Source:                 u_array/g_pe[71].u_pe/H_curr_reg_reg[9]/C
                            (rising edge-triggered cell FDRE clocked by clk  {rise@0.000ns fall@2.500ns period=5.000ns})
  Destination:            u_tracker/pr_i_reg[4][15]/D
                            (rising edge-triggered cell FDRE clocked by clk  {rise@0.000ns fall@2.500ns period=5.000ns})
  Path Group:             clk
  Path Type:              Setup (Max at Slow Process Corner)
  Requirement:            5.000ns  (clk rise@5.000ns - clk rise@0.000ns)
  Data Path Delay:        8.349ns  (logic 2.658ns (31.835%)  route 5.691ns (68.165%))
  Logic Levels:           21  (CARRY4=10 LUT2=2 LUT4=1 LUT5=1 LUT6=5 MUXF7=2)
  Clock Path Skew:        -0.027ns (DCD - SCD + CPR)
    Destination Clock Delay (DCD):    0.510ns = ( 5.510 - 5.000 ) 
    Source Clock Delay      (SCD):    0.537ns
    Clock Pessimism Removal (CPR):    0.000ns
  Clock Uncertainty:      0.035ns  ((TSJ^2 + TIJ^2)^1/2 + DJ) / 2 + PE
    Total System Jitter     (TSJ):    0.071ns
    Total Input Jitter      (TIJ):    0.000ns
    Discrete Jitter          (DJ):    0.000ns
    Phase Error              (PE):    0.000ns

    Location             Delay type                Incr(ns)  Path(ns)    Netlist Resource(s)
  -------------------------------------------------------------------    -------------------
                         (clock clk rise edge)        0.000     0.000 r  <hidden>
                                                      0.000     0.000 r  clk
                         net (fo=27477, unset)        0.537     0.537    u_array/g_pe[71].u_pe/clk
    SLICE_X328Y264       FDRE                                         r  u_array/g_pe[71].u_pe/H_curr_reg_reg[9]/C
  -------------------------------------------------------------------    -------------------
    SLICE_X328Y264       FDRE (Prop_fdre_C_Q)         0.259     0.796 r  u_array/g_pe[71].u_pe/H_curr_reg_reg[9]/Q
                         net (fo=8, routed)           0.380     1.176    u_array/g_pe[71].u_pe/H_curr_reg_reg[15]_1[9]
    SLICE_X334Y264       LUT2 (Prop_lut2_I1_O)        0.043     1.219 r  u_array/g_pe[71].u_pe/pr_h[4][9]_i_17/O
                         net (fo=5, routed)           0.458     1.677    u_array/g_pe[70].u_pe/s1_h[0][71]_1[9]
    SLICE_X336Y264       LUT5 (Prop_lut5_I4_O)        0.043     1.720 r  u_array/g_pe[70].u_pe/pr_j[4][2]_i_170/O
                         net (fo=1, routed)           0.000     1.720    u_array/g_pe[70].u_pe/pr_j[4][2]_i_170_n_0
    SLICE_X336Y264       CARRY4 (Prop_carry4_S[0]_CO[3])
                                                      0.246     1.966 r  u_array/g_pe[70].u_pe/pr_j_reg[4][2]_i_85/CO[3]
                         net (fo=77, routed)          0.552     2.518    u_array/g_pe[70].u_pe/pr_j_reg[4][2]_i_85_n_0
    SLICE_X334Y265       LUT4 (Prop_lut4_I3_O)        0.043     2.561 f  u_array/g_pe[70].u_pe/pr_j[4][2]_i_174/O
                         net (fo=4, routed)           0.382     2.944    u_array/g_pe[70].u_pe/u_tracker/s1_h[1][35][1]
    SLICE_X337Y267       LUT6 (Prop_lut6_I4_O)        0.043     2.987 r  u_array/g_pe[70].u_pe/pr_j[4][2]_i_113/O
                         net (fo=1, routed)           0.352     3.339    u_array/g_pe[70].u_pe/pr_j[4][2]_i_113_n_0
    SLICE_X337Y264       CARRY4 (Prop_carry4_DI[0]_CO[3])
                                                      0.269     3.608 r  u_array/g_pe[70].u_pe/pr_j_reg[4][2]_i_58/CO[3]
                         net (fo=1, routed)           0.000     3.608    u_array/g_pe[70].u_pe/pr_j_reg[4][2]_i_58_n_0
    SLICE_X337Y265       CARRY4 (Prop_carry4_CI_CO[3])
                                                      0.053     3.661 r  u_array/g_pe[70].u_pe/pr_j_reg[4][2]_i_19/CO[3]
                         net (fo=22, routed)          0.510     4.171    u_array/g_pe[70].u_pe/pr_j[4][2]_i_66_0[0]
    SLICE_X338Y266       LUT6 (Prop_lut6_I3_O)        0.043     4.214 f  u_array/g_pe[70].u_pe/pr_h[4][3]_i_10/O
                         net (fo=1, routed)           0.000     4.214    u_array/g_pe[70].u_pe/pr_h[4][3]_i_10_n_0
    SLICE_X338Y266       MUXF7 (Prop_muxf7_I1_O)      0.108     4.322 f  u_array/g_pe[70].u_pe/pr_h_reg[4][3]_i_6/O
                         net (fo=5, routed)           0.335     4.657    u_array/g_pe[65].u_pe/pr_h_reg[4][3]
    SLICE_X341Y265       LUT6 (Prop_lut6_I4_O)        0.124     4.781 r  u_array/g_pe[65].u_pe/pr_j[4][1]_i_19/O
                         net (fo=1, routed)           0.384     5.165    u_array/g_pe[65].u_pe/pr_j[4][1]_i_19_n_0
    SLICE_X342Y263       CARRY4 (Prop_carry4_DI[1]_CO[3])
                                                      0.250     5.415 r  u_array/g_pe[65].u_pe/pr_j_reg[4][1]_i_8/CO[3]
                         net (fo=1, routed)           0.000     5.415    u_array/g_pe[65].u_pe/pr_j_reg[4][1]_i_8_n_0
    SLICE_X342Y264       CARRY4 (Prop_carry4_CI_CO[3])
                                                      0.053     5.468 r  u_array/g_pe[65].u_pe/pr_j_reg[4][1]_i_4/CO[3]
                         net (fo=25, routed)          0.695     6.163    u_array/g_pe[65].u_pe/pr_j[4][1]_i_16_0[0]
    SLICE_X347Y266       LUT6 (Prop_lut6_I1_O)        0.043     6.206 r  u_array/g_pe[65].u_pe/pr_h[4][12]_i_4/O
                         net (fo=3, routed)           0.452     6.659    u_array/g_pe[72].u_pe/pr_h_reg[4][12]_1
    SLICE_X345Y263       LUT6 (Prop_lut6_I3_O)        0.043     6.702 r  u_array/g_pe[72].u_pe/pr_j[4][6]_i_21/O
                         net (fo=1, routed)           0.330     7.032    u_array/g_pe[72].u_pe/pr_j[4][6]_i_21_n_0
    SLICE_X344Y263       CARRY4 (Prop_carry4_DI[2]_CO[3])
                                                      0.202     7.234 r  u_array/g_pe[72].u_pe/pr_j_reg[4][6]_i_5/CO[3]
                         net (fo=27, routed)          0.575     7.809    u_array/g_pe[72].u_pe/pr_j[4][6]_i_27_0[0]
    SLICE_X346Y261       MUXF7 (Prop_muxf7_S_O)       0.147     7.956 r  u_array/g_pe[72].u_pe/pr_i_reg[4][3]_i_6/O
                         net (fo=1, routed)           0.284     8.240    u_tracker/p_5_in[1]
    SLICE_X347Y257       LUT2 (Prop_lut2_I1_O)        0.124     8.364 r  u_tracker/pr_i[4][3]_i_4/O
                         net (fo=1, routed)           0.000     8.364    u_tracker/pr_i[4][3]_i_4_n_0
    SLICE_X347Y257       CARRY4 (Prop_carry4_S[1]_CO[3])
                                                      0.267     8.631 r  u_tracker/pr_i_reg[4][3]_i_1/CO[3]
                         net (fo=1, routed)           0.000     8.631    u_tracker/pr_i_reg[4][3]_i_1_n_0
    SLICE_X347Y258       CARRY4 (Prop_carry4_CI_CO[3])
                                                      0.053     8.684 r  u_tracker/pr_i_reg[4][7]_i_1/CO[3]
                         net (fo=1, routed)           0.000     8.684    u_tracker/pr_i_reg[4][7]_i_1_n_0
    SLICE_X347Y259       CARRY4 (Prop_carry4_CI_CO[3])
                                                      0.053     8.737 r  u_tracker/pr_i_reg[4][11]_i_1/CO[3]
                         net (fo=1, routed)           0.000     8.737    u_tracker/pr_i_reg[4][11]_i_1_n_0
    SLICE_X347Y260       CARRY4 (Prop_carry4_CI_O[3])
                                                      0.149     8.886 r  u_tracker/pr_i_reg[4][15]_i_2/O[3]
                         net (fo=1, routed)           0.000     8.886    u_tracker/s1_i6_out[15]
    SLICE_X347Y260       FDRE                                         r  u_tracker/pr_i_reg[4][15]/D
  -------------------------------------------------------------------    -------------------

                         (clock clk rise edge)        5.000     5.000 r  <hidden>
                                                      0.000     5.000 r  clk
                         net (fo=27477, unset)        0.510     5.510    u_tracker/clk
    SLICE_X347Y260       FDRE                                         r  u_tracker/pr_i_reg[4][15]/C
                         clock pessimism              0.000     5.510    <hidden>
                         clock uncertainty           -0.035     5.475    <hidden>
    SLICE_X347Y260       FDRE (Setup_fdre_C_D)        0.049     5.524    u_tracker/pr_i_reg[4][15]
  -------------------------------------------------------------------
                         required time                          5.524    <hidden>
                         arrival time                          -8.886    <hidden>
  -------------------------------------------------------------------
                         slack                                 -3.363    <hidden>

Slack (VIOLATED) :        -3.329ns  (required time - arrival time)
  Source:                 u_array/g_pe[134].u_pe/active_q_reg/C
                            (rising edge-triggered cell FDRE clocked by clk  {rise@0.000ns fall@2.500ns period=5.000ns})
  Destination:            u_tracker/pr_i_reg[8][14]/D
                            (rising edge-triggered cell FDRE clocked by clk  {rise@0.000ns fall@2.500ns period=5.000ns})
  Path Group:             clk
  Path Type:              Setup (Max at Slow Process Corner)
  Requirement:            5.000ns  (clk rise@5.000ns - clk rise@0.000ns)
  Data Path Delay:        8.343ns  (logic 2.297ns (27.532%)  route 6.046ns (72.468%))
  Logic Levels:           21  (CARRY4=9 LUT2=3 LUT4=1 LUT5=2 LUT6=6)
  Clock Path Skew:        -0.027ns (DCD - SCD + CPR)
    Destination Clock Delay (DCD):    0.510ns = ( 5.510 - 5.000 ) 
    Source Clock Delay      (SCD):    0.537ns
    Clock Pessimism Removal (CPR):    0.000ns
  Clock Uncertainty:      0.035ns  ((TSJ^2 + TIJ^2)^1/2 + DJ) / 2 + PE
    Total System Jitter     (TSJ):    0.071ns
    Total Input Jitter      (TIJ):    0.000ns
    Discrete Jitter          (DJ):    0.000ns
    Phase Error              (PE):    0.000ns

    Location             Delay type                Incr(ns)  Path(ns)    Netlist Resource(s)
  -------------------------------------------------------------------    -------------------
                         (clock clk rise edge)        0.000     0.000 r  <hidden>
                                                      0.000     0.000 r  clk
                         net (fo=27477, unset)        0.537     0.537    u_array/g_pe[134].u_pe/clk
    SLICE_X365Y164       FDRE                                         r  u_array/g_pe[134].u_pe/active_q_reg/C
  -------------------------------------------------------------------    -------------------
    SLICE_X365Y164       FDRE (Prop_fdre_C_Q)         0.223     0.760 r  u_array/g_pe[134].u_pe/active_q_reg/Q
                         net (fo=112, routed)         0.622     1.382    u_array/g_pe[134].u_pe/active_q_reg_0[0]
    SLICE_X362Y165       LUT6 (Prop_lut6_I1_O)        0.043     1.425 r  u_array/g_pe[134].u_pe/pr_j[8][7]_i_189/O
                         net (fo=1, routed)           0.389     1.814    u_array/g_pe[134].u_pe/pr_j[8][7]_i_189_n_0
    SLICE_X364Y165       CARRY4 (Prop_carry4_DI[1]_CO[3])
                                                      0.253     2.067 r  u_array/g_pe[134].u_pe/pr_j_reg[8][7]_i_57/CO[3]
                         net (fo=37, routed)          0.719     2.786    u_array/g_pe[134].u_pe/H_curr_reg_reg[15]_2[0]
    SLICE_X367Y163       LUT5 (Prop_lut5_I2_O)        0.043     2.829 r  u_array/g_pe[134].u_pe/pr_j[8][7]_i_216/O
                         net (fo=5, routed)           0.524     3.353    u_array/g_pe[133].u_pe/pr_j_reg[8][7]_i_56_4
    SLICE_X367Y166       LUT5 (Prop_lut5_I2_O)        0.043     3.396 r  u_array/g_pe[133].u_pe/pr_j[8][7]_i_184/O
                         net (fo=1, routed)           0.000     3.396    u_array/g_pe[133].u_pe/pr_j[8][7]_i_184_n_0
    SLICE_X367Y166       CARRY4 (Prop_carry4_S[1]_CO[3])
                                                      0.267     3.663 r  u_array/g_pe[133].u_pe/pr_j_reg[8][7]_i_56/CO[3]
                         net (fo=38, routed)          0.343     4.006    u_array/g_pe[133].u_pe/H_curr_reg_reg[15]_3[0]
    SLICE_X364Y166       LUT2 (Prop_lut2_I0_O)        0.043     4.049 r  u_array/g_pe[133].u_pe/pr_j[8][2]_i_75/O
                         net (fo=16, routed)          0.565     4.614    u_array/g_pe[132].u_pe/pr_j[8][2]_i_30
    SLICE_X367Y164       LUT6 (Prop_lut6_I2_O)        0.043     4.657 r  u_array/g_pe[132].u_pe/pr_j[8][2]_i_72/O
                         net (fo=4, routed)           0.329     4.986    u_array/g_pe[130].u_pe/pr_j_reg[8][2]_i_7
    SLICE_X366Y165       LUT4 (Prop_lut4_I1_O)        0.043     5.029 r  u_array/g_pe[130].u_pe/pr_j[8][2]_i_41/O
                         net (fo=1, routed)           0.000     5.029    u_array/g_pe[132].u_pe/pr_j_reg[8][2]_i_3_5[0]
    SLICE_X366Y165       CARRY4 (Prop_carry4_S[0]_CO[3])
                                                      0.259     5.288 r  u_array/g_pe[132].u_pe/pr_j_reg[8][2]_i_7/CO[3]
                         net (fo=1, routed)           0.000     5.288    u_array/g_pe[130].u_pe/pr_j_reg[8][2][0]
    SLICE_X366Y166       CARRY4 (Prop_carry4_CI_CO[3])
                                                      0.053     5.341 r  u_array/g_pe[130].u_pe/pr_j_reg[8][2]_i_3/CO[3]
                         net (fo=8, routed)           0.560     5.901    u_array/g_pe[130].u_pe/pr_j[8][2]_i_15_0[0]
    SLICE_X372Y166       LUT2 (Prop_lut2_I0_O)        0.043     5.944 r  u_array/g_pe[130].u_pe/pr_h[8][15]_i_9/O
                         net (fo=17, routed)          0.365     6.308    u_array/g_pe[130].u_pe/pr_j_reg[8][2]_i_4_0
    SLICE_X372Y166       LUT6 (Prop_lut6_I3_O)        0.043     6.351 f  u_array/g_pe[130].u_pe/pr_h[8][10]_i_2/O
                         net (fo=3, routed)           0.377     6.728    u_array/g_pe[137].u_pe/pr_h_reg[8][10]_0
    SLICE_X375Y166       LUT6 (Prop_lut6_I5_O)        0.043     6.771 r  u_array/g_pe[137].u_pe/pr_j[8][7]_i_11/O
                         net (fo=1, routed)           0.374     7.145    u_array/g_pe[137].u_pe/pr_j[8][7]_i_11_n_0
    SLICE_X377Y166       CARRY4 (Prop_carry4_DI[1]_CO[3])
                                                      0.250     7.395 f  u_array/g_pe[137].u_pe/pr_j_reg[8][7]_i_2/CO[3]
                         net (fo=30, routed)          0.423     7.818    u_array/g_pe[137].u_pe/pr_j[8][7]_i_16_0[0]
    SLICE_X376Y167       LUT6 (Prop_lut6_I0_O)        0.043     7.861 r  u_array/g_pe[137].u_pe/pr_i[8][3]_i_8/O
                         net (fo=1, routed)           0.258     8.119    u_array/g_pe[130].u_pe/pr_i[8][3]_i_4_0
    SLICE_X376Y168       LUT6 (Prop_lut6_I5_O)        0.043     8.162 r  u_array/g_pe[130].u_pe/pr_i[8][3]_i_6/O
                         net (fo=1, routed)           0.199     8.361    u_tracker/p_13_in[1]
    SLICE_X376Y170       LUT2 (Prop_lut2_I1_O)        0.043     8.404 r  u_tracker/pr_i[8][3]_i_4/O
                         net (fo=1, routed)           0.000     8.404    u_tracker/pr_i[8][3]_i_4_n_0
    SLICE_X376Y170       CARRY4 (Prop_carry4_S[1]_CO[3])
                                                      0.256     8.660 r  u_tracker/pr_i_reg[8][3]_i_1/CO[3]
                         net (fo=1, routed)           0.000     8.660    u_tracker/pr_i_reg[8][3]_i_1_n_0
    SLICE_X376Y171       CARRY4 (Prop_carry4_CI_CO[3])
                                                      0.054     8.714 r  u_tracker/pr_i_reg[8][7]_i_1/CO[3]
                         net (fo=1, routed)           0.000     8.714    u_tracker/pr_i_reg[8][7]_i_1_n_0
    SLICE_X376Y172       CARRY4 (Prop_carry4_CI_CO[3])
                                                      0.054     8.768 r  u_tracker/pr_i_reg[8][11]_i_1/CO[3]
                         net (fo=1, routed)           0.000     8.768    u_tracker/pr_i_reg[8][11]_i_1_n_0
    SLICE_X376Y173       CARRY4 (Prop_carry4_CI_O[2])
                                                      0.112     8.880 r  u_tracker/pr_i_reg[8][15]_i_2/O[2]
                         net (fo=1, routed)           0.000     8.880    u_tracker/s1_i14_out[14]
    SLICE_X376Y173       FDRE                                         r  u_tracker/pr_i_reg[8][14]/D
  -------------------------------------------------------------------    -------------------

                         (clock clk rise edge)        5.000     5.000 r  <hidden>
                                                      0.000     5.000 r  clk
                         net (fo=27477, unset)        0.510     5.510    u_tracker/clk
    SLICE_X376Y173       FDRE                                         r  u_tracker/pr_i_reg[8][14]/C
                         clock pessimism              0.000     5.510    <hidden>
                         clock uncertainty           -0.035     5.475    <hidden>
    SLICE_X376Y173       FDRE (Setup_fdre_C_D)        0.076     5.551    u_tracker/pr_i_reg[8][14]
  -------------------------------------------------------------------
                         required time                          5.551    <hidden>
                         arrival time                          -8.880    <hidden>
  -------------------------------------------------------------------
                         slack                                 -3.329    <hidden>

Slack (VIOLATED) :        -3.328ns  (required time - arrival time)
  Source:                 u_array/g_pe[134].u_pe/active_q_reg/C
                            (rising edge-triggered cell FDRE clocked by clk  {rise@0.000ns fall@2.500ns period=5.000ns})
  Destination:            u_tracker/pr_i_reg[8][9]/D
                            (rising edge-triggered cell FDRE clocked by clk  {rise@0.000ns fall@2.500ns period=5.000ns})
  Path Group:             clk
  Path Type:              Setup (Max at Slow Process Corner)
  Requirement:            5.000ns  (clk rise@5.000ns - clk rise@0.000ns)
  Data Path Delay:        8.342ns  (logic 2.296ns (27.524%)  route 6.046ns (72.476%))
  Logic Levels:           20  (CARRY4=8 LUT2=3 LUT4=1 LUT5=2 LUT6=6)
  Clock Path Skew:        -0.027ns (DCD - SCD + CPR)
    Destination Clock Delay (DCD):    0.510ns = ( 5.510 - 5.000 ) 
    Source Clock Delay      (SCD):    0.537ns
    Clock Pessimism Removal (CPR):    0.000ns
  Clock Uncertainty:      0.035ns  ((TSJ^2 + TIJ^2)^1/2 + DJ) / 2 + PE
    Total System Jitter     (TSJ):    0.071ns
    Total Input Jitter      (TIJ):    0.000ns
    Discrete Jitter          (DJ):    0.000ns
    Phase Error              (PE):    0.000ns

    Location             Delay type                Incr(ns)  Path(ns)    Netlist Resource(s)
  -------------------------------------------------------------------    -------------------
                         (clock clk rise edge)        0.000     0.000 r  <hidden>
                                                      0.000     0.000 r  clk
                         net (fo=27477, unset)        0.537     0.537    u_array/g_pe[134].u_pe/clk
    SLICE_X365Y164       FDRE                                         r  u_array/g_pe[134].u_pe/active_q_reg/C
  -------------------------------------------------------------------    -------------------
    SLICE_X365Y164       FDRE (Prop_fdre_C_Q)         0.223     0.760 r  u_array/g_pe[134].u_pe/active_q_reg/Q
                         net (fo=112, routed)         0.622     1.382    u_array/g_pe[134].u_pe/active_q_reg_0[0]
    SLICE_X362Y165       LUT6 (Prop_lut6_I1_O)        0.043     1.425 r  u_array/g_pe[134].u_pe/pr_j[8][7]_i_189/O
                         net (fo=1, routed)           0.389     1.814    u_array/g_pe[134].u_pe/pr_j[8][7]_i_189_n_0
    SLICE_X364Y165       CARRY4 (Prop_carry4_DI[1]_CO[3])
                                                      0.253     2.067 r  u_array/g_pe[134].u_pe/pr_j_reg[8][7]_i_57/CO[3]
                         net (fo=37, routed)          0.719     2.786    u_array/g_pe[134].u_pe/H_curr_reg_reg[15]_2[0]
    SLICE_X367Y163       LUT5 (Prop_lut5_I2_O)        0.043     2.829 r  u_array/g_pe[134].u_pe/pr_j[8][7]_i_216/O
                         net (fo=5, routed)           0.524     3.353    u_array/g_pe[133].u_pe/pr_j_reg[8][7]_i_56_4
    SLICE_X367Y166       LUT5 (Prop_lut5_I2_O)        0.043     3.396 r  u_array/g_pe[133].u_pe/pr_j[8][7]_i_184/O
                         net (fo=1, routed)           0.000     3.396    u_array/g_pe[133].u_pe/pr_j[8][7]_i_184_n_0
    SLICE_X367Y166       CARRY4 (Prop_carry4_S[1]_CO[3])
                                                      0.267     3.663 r  u_array/g_pe[133].u_pe/pr_j_reg[8][7]_i_56/CO[3]
                         net (fo=38, routed)          0.343     4.006    u_array/g_pe[133].u_pe/H_curr_reg_reg[15]_3[0]
    SLICE_X364Y166       LUT2 (Prop_lut2_I0_O)        0.043     4.049 r  u_array/g_pe[133].u_pe/pr_j[8][2]_i_75/O
                         net (fo=16, routed)          0.565     4.614    u_array/g_pe[132].u_pe/pr_j[8][2]_i_30
    SLICE_X367Y164       LUT6 (Prop_lut6_I2_O)        0.043     4.657 r  u_array/g_pe[132].u_pe/pr_j[8][2]_i_72/O
                         net (fo=4, routed)           0.329     4.986    u_array/g_pe[130].u_pe/pr_j_reg[8][2]_i_7
    SLICE_X366Y165       LUT4 (Prop_lut4_I1_O)        0.043     5.029 r  u_array/g_pe[130].u_pe/pr_j[8][2]_i_41/O
                         net (fo=1, routed)           0.000     5.029    u_array/g_pe[132].u_pe/pr_j_reg[8][2]_i_3_5[0]
    SLICE_X366Y165       CARRY4 (Prop_carry4_S[0]_CO[3])
                                                      0.259     5.288 r  u_array/g_pe[132].u_pe/pr_j_reg[8][2]_i_7/CO[3]
                         net (fo=1, routed)           0.000     5.288    u_array/g_pe[130].u_pe/pr_j_reg[8][2][0]
    SLICE_X366Y166       CARRY4 (Prop_carry4_CI_CO[3])
                                                      0.053     5.341 r  u_array/g_pe[130].u_pe/pr_j_reg[8][2]_i_3/CO[3]
                         net (fo=8, routed)           0.560     5.901    u_array/g_pe[130].u_pe/pr_j[8][2]_i_15_0[0]
    SLICE_X372Y166       LUT2 (Prop_lut2_I0_O)        0.043     5.944 r  u_array/g_pe[130].u_pe/pr_h[8][15]_i_9/O
                         net (fo=17, routed)          0.365     6.308    u_array/g_pe[130].u_pe/pr_j_reg[8][2]_i_4_0
    SLICE_X372Y166       LUT6 (Prop_lut6_I3_O)        0.043     6.351 f  u_array/g_pe[130].u_pe/pr_h[8][10]_i_2/O
                         net (fo=3, routed)           0.377     6.728    u_array/g_pe[137].u_pe/pr_h_reg[8][10]_0
    SLICE_X375Y166       LUT6 (Prop_lut6_I5_O)        0.043     6.771 r  u_array/g_pe[137].u_pe/pr_j[8][7]_i_11/O
                         net (fo=1, routed)           0.374     7.145    u_array/g_pe[137].u_pe/pr_j[8][7]_i_11_n_0
    SLICE_X377Y166       CARRY4 (Prop_carry4_DI[1]_CO[3])
                                                      0.250     7.395 f  u_array/g_pe[137].u_pe/pr_j_reg[8][7]_i_2/CO[3]
                         net (fo=30, routed)          0.423     7.818    u_array/g_pe[137].u_pe/pr_j[8][7]_i_16_0[0]
    SLICE_X376Y167       LUT6 (Prop_lut6_I0_O)        0.043     7.861 r  u_array/g_pe[137].u_pe/pr_i[8][3]_i_8/O
                         net (fo=1, routed)           0.258     8.119    u_array/g_pe[130].u_pe/pr_i[8][3]_i_4_0
    SLICE_X376Y168       LUT6 (Prop_lut6_I5_O)        0.043     8.162 r  u_array/g_pe[130].u_pe/pr_i[8][3]_i_6/O
                         net (fo=1, routed)           0.199     8.361    u_tracker/p_13_in[1]
    SLICE_X376Y170       LUT2 (Prop_lut2_I1_O)        0.043     8.404 r  u_tracker/pr_i[8][3]_i_4/O
                         net (fo=1, routed)           0.000     8.404    u_tracker/pr_i[8][3]_i_4_n_0
    SLICE_X376Y170       CARRY4 (Prop_carry4_S[1]_CO[3])
                                                      0.256     8.660 r  u_tracker/pr_i_reg[8][3]_i_1/CO[3]
                         net (fo=1, routed)           0.000     8.660    u_tracker/pr_i_reg[8][3]_i_1_n_0
    SLICE_X376Y171       CARRY4 (Prop_carry4_CI_CO[3])
                                                      0.054     8.714 r  u_tracker/pr_i_reg[8][7]_i_1/CO[3]
                         net (fo=1, routed)           0.000     8.714    u_tracker/pr_i_reg[8][7]_i_1_n_0
    SLICE_X376Y172       CARRY4 (Prop_carry4_CI_O[1])
                                                      0.165     8.879 r  u_tracker/pr_i_reg[8][11]_i_1/O[1]
                         net (fo=1, routed)           0.000     8.879    u_tracker/s1_i14_out[9]
    SLICE_X376Y172       FDRE                                         r  u_tracker/pr_i_reg[8][9]/D
  -------------------------------------------------------------------    -------------------

                         (clock clk rise edge)        5.000     5.000 r  <hidden>
                                                      0.000     5.000 r  clk
                         net (fo=27477, unset)        0.510     5.510    u_tracker/clk
    SLICE_X376Y172       FDRE                                         r  u_tracker/pr_i_reg[8][9]/C
                         clock pessimism              0.000     5.510    <hidden>
                         clock uncertainty           -0.035     5.475    <hidden>
    SLICE_X376Y172       FDRE (Setup_fdre_C_D)        0.076     5.551    u_tracker/pr_i_reg[8][9]
  -------------------------------------------------------------------
                         required time                          5.551    <hidden>
                         arrival time                          -8.879    <hidden>
  -------------------------------------------------------------------
                         slack                                 -3.328    <hidden>

Slack (VIOLATED) :        -3.327ns  (required time - arrival time)
  Source:                 u_array/g_pe[71].u_pe/H_curr_reg_reg[9]/C
                            (rising edge-triggered cell FDRE clocked by clk  {rise@0.000ns fall@2.500ns period=5.000ns})
  Destination:            u_tracker/pr_i_reg[4][9]/D
                            (rising edge-triggered cell FDRE clocked by clk  {rise@0.000ns fall@2.500ns period=5.000ns})
  Path Group:             clk
  Path Type:              Setup (Max at Slow Process Corner)
  Requirement:            5.000ns  (clk rise@5.000ns - clk rise@0.000ns)
  Data Path Delay:        8.313ns  (logic 2.622ns (31.540%)  route 5.691ns (68.460%))
  Logic Levels:           20  (CARRY4=9 LUT2=2 LUT4=1 LUT5=1 LUT6=5 MUXF7=2)
  Clock Path Skew:        -0.027ns (DCD - SCD + CPR)
    Destination Clock Delay (DCD):    0.510ns = ( 5.510 - 5.000 ) 
    Source Clock Delay      (SCD):    0.537ns
    Clock Pessimism Removal (CPR):    0.000ns
  Clock Uncertainty:      0.035ns  ((TSJ^2 + TIJ^2)^1/2 + DJ) / 2 + PE
    Total System Jitter     (TSJ):    0.071ns
    Total Input Jitter      (TIJ):    0.000ns
    Discrete Jitter          (DJ):    0.000ns
    Phase Error              (PE):    0.000ns

    Location             Delay type                Incr(ns)  Path(ns)    Netlist Resource(s)
  -------------------------------------------------------------------    -------------------
                         (clock clk rise edge)        0.000     0.000 r  <hidden>
                                                      0.000     0.000 r  clk
                         net (fo=27477, unset)        0.537     0.537    u_array/g_pe[71].u_pe/clk
    SLICE_X328Y264       FDRE                                         r  u_array/g_pe[71].u_pe/H_curr_reg_reg[9]/C
  -------------------------------------------------------------------    -------------------
    SLICE_X328Y264       FDRE (Prop_fdre_C_Q)         0.259     0.796 r  u_array/g_pe[71].u_pe/H_curr_reg_reg[9]/Q
                         net (fo=8, routed)           0.380     1.176    u_array/g_pe[71].u_pe/H_curr_reg_reg[15]_1[9]
    SLICE_X334Y264       LUT2 (Prop_lut2_I1_O)        0.043     1.219 r  u_array/g_pe[71].u_pe/pr_h[4][9]_i_17/O
                         net (fo=5, routed)           0.458     1.677    u_array/g_pe[70].u_pe/s1_h[0][71]_1[9]
    SLICE_X336Y264       LUT5 (Prop_lut5_I4_O)        0.043     1.720 r  u_array/g_pe[70].u_pe/pr_j[4][2]_i_170/O
                         net (fo=1, routed)           0.000     1.720    u_array/g_pe[70].u_pe/pr_j[4][2]_i_170_n_0
    SLICE_X336Y264       CARRY4 (Prop_carry4_S[0]_CO[3])
                                                      0.246     1.966 r  u_array/g_pe[70].u_pe/pr_j_reg[4][2]_i_85/CO[3]
                         net (fo=77, routed)          0.552     2.518    u_array/g_pe[70].u_pe/pr_j_reg[4][2]_i_85_n_0
    SLICE_X334Y265       LUT4 (Prop_lut4_I3_O)        0.043     2.561 f  u_array/g_pe[70].u_pe/pr_j[4][2]_i_174/O
                         net (fo=4, routed)           0.382     2.944    u_array/g_pe[70].u_pe/u_tracker/s1_h[1][35][1]
    SLICE_X337Y267       LUT6 (Prop_lut6_I4_O)        0.043     2.987 r  u_array/g_pe[70].u_pe/pr_j[4][2]_i_113/O
                         net (fo=1, routed)           0.352     3.339    u_array/g_pe[70].u_pe/pr_j[4][2]_i_113_n_0
    SLICE_X337Y264       CARRY4 (Prop_carry4_DI[0]_CO[3])
                                                      0.269     3.608 r  u_array/g_pe[70].u_pe/pr_j_reg[4][2]_i_58/CO[3]
                         net (fo=1, routed)           0.000     3.608    u_array/g_pe[70].u_pe/pr_j_reg[4][2]_i_58_n_0
    SLICE_X337Y265       CARRY4 (Prop_carry4_CI_CO[3])
                                                      0.053     3.661 r  u_array/g_pe[70].u_pe/pr_j_reg[4][2]_i_19/CO[3]
                         net (fo=22, routed)          0.510     4.171    u_array/g_pe[70].u_pe/pr_j[4][2]_i_66_0[0]
    SLICE_X338Y266       LUT6 (Prop_lut6_I3_O)        0.043     4.214 f  u_array/g_pe[70].u_pe/pr_h[4][3]_i_10/O
                         net (fo=1, routed)           0.000     4.214    u_array/g_pe[70].u_pe/pr_h[4][3]_i_10_n_0
    SLICE_X338Y266       MUXF7 (Prop_muxf7_I1_O)      0.108     4.322 f  u_array/g_pe[70].u_pe/pr_h_reg[4][3]_i_6/O
                         net (fo=5, routed)           0.335     4.657    u_array/g_pe[65].u_pe/pr_h_reg[4][3]
    SLICE_X341Y265       LUT6 (Prop_lut6_I4_O)        0.124     4.781 r  u_array/g_pe[65].u_pe/pr_j[4][1]_i_19/O
                         net (fo=1, routed)           0.384     5.165    u_array/g_pe[65].u_pe/pr_j[4][1]_i_19_n_0
    SLICE_X342Y263       CARRY4 (Prop_carry4_DI[1]_CO[3])
                                                      0.250     5.415 r  u_array/g_pe[65].u_pe/pr_j_reg[4][1]_i_8/CO[3]
                         net (fo=1, routed)           0.000     5.415    u_array/g_pe[65].u_pe/pr_j_reg[4][1]_i_8_n_0
    SLICE_X342Y264       CARRY4 (Prop_carry4_CI_CO[3])
                                                      0.053     5.468 r  u_array/g_pe[65].u_pe/pr_j_reg[4][1]_i_4/CO[3]
                         net (fo=25, routed)          0.695     6.163    u_array/g_pe[65].u_pe/pr_j[4][1]_i_16_0[0]
    SLICE_X347Y266       LUT6 (Prop_lut6_I1_O)        0.043     6.206 r  u_array/g_pe[65].u_pe/pr_h[4][12]_i_4/O
                         net (fo=3, routed)           0.452     6.659    u_array/g_pe[72].u_pe/pr_h_reg[4][12]_1
    SLICE_X345Y263       LUT6 (Prop_lut6_I3_O)        0.043     6.702 r  u_array/g_pe[72].u_pe/pr_j[4][6]_i_21/O
                         net (fo=1, routed)           0.330     7.032    u_array/g_pe[72].u_pe/pr_j[4][6]_i_21_n_0
    SLICE_X344Y263       CARRY4 (Prop_carry4_DI[2]_CO[3])
                                                      0.202     7.234 r  u_array/g_pe[72].u_pe/pr_j_reg[4][6]_i_5/CO[3]
                         net (fo=27, routed)          0.575     7.809    u_array/g_pe[72].u_pe/pr_j[4][6]_i_27_0[0]
    SLICE_X346Y261       MUXF7 (Prop_muxf7_S_O)       0.147     7.956 r  u_array/g_pe[72].u_pe/pr_i_reg[4][3]_i_6/O
                         net (fo=1, routed)           0.284     8.240    u_tracker/p_5_in[1]
    SLICE_X347Y257       LUT2 (Prop_lut2_I1_O)        0.124     8.364 r  u_tracker/pr_i[4][3]_i_4/O
                         net (fo=1, routed)           0.000     8.364    u_tracker/pr_i[4][3]_i_4_n_0
    SLICE_X347Y257       CARRY4 (Prop_carry4_S[1]_CO[3])
                                                      0.267     8.631 r  u_tracker/pr_i_reg[4][3]_i_1/CO[3]
                         net (fo=1, routed)           0.000     8.631    u_tracker/pr_i_reg[4][3]_i_1_n_0
    SLICE_X347Y258       CARRY4 (Prop_carry4_CI_CO[3])
                                                      0.053     8.684 r  u_tracker/pr_i_reg[4][7]_i_1/CO[3]
                         net (fo=1, routed)           0.000     8.684    u_tracker/pr_i_reg[4][7]_i_1_n_0
    SLICE_X347Y259       CARRY4 (Prop_carry4_CI_O[1])
                                                      0.166     8.850 r  u_tracker/pr_i_reg[4][11]_i_1/O[1]
                         net (fo=1, routed)           0.000     8.850    u_tracker/s1_i6_out[9]
    SLICE_X347Y259       FDRE                                         r  u_tracker/pr_i_reg[4][9]/D
  -------------------------------------------------------------------    -------------------

                         (clock clk rise edge)        5.000     5.000 r  <hidden>
                                                      0.000     5.000 r  clk
                         net (fo=27477, unset)        0.510     5.510    u_tracker/clk
    SLICE_X347Y259       FDRE                                         r  u_tracker/pr_i_reg[4][9]/C
                         clock pessimism              0.000     5.510    <hidden>
                         clock uncertainty           -0.035     5.475    <hidden>
    SLICE_X347Y259       FDRE (Setup_fdre_C_D)        0.049     5.524    u_tracker/pr_i_reg[4][9]
  -------------------------------------------------------------------
                         required time                          5.524    <hidden>
                         arrival time                          -8.850    <hidden>
  -------------------------------------------------------------------
                         slack                                 -3.327    <hidden>

Slack (VIOLATED) :        -3.325ns  (required time - arrival time)
  Source:                 u_array/g_pe[134].u_pe/active_q_reg/C
                            (rising edge-triggered cell FDRE clocked by clk  {rise@0.000ns fall@2.500ns period=5.000ns})
  Destination:            u_tracker/pr_i_reg[8][12]/D
                            (rising edge-triggered cell FDRE clocked by clk  {rise@0.000ns fall@2.500ns period=5.000ns})
  Path Group:             clk
  Path Type:              Setup (Max at Slow Process Corner)
  Requirement:            5.000ns  (clk rise@5.000ns - clk rise@0.000ns)
  Data Path Delay:        8.339ns  (logic 2.293ns (27.498%)  route 6.046ns (72.502%))
  Logic Levels:           21  (CARRY4=9 LUT2=3 LUT4=1 LUT5=2 LUT6=6)
  Clock Path Skew:        -0.027ns (DCD - SCD + CPR)
    Destination Clock Delay (DCD):    0.510ns = ( 5.510 - 5.000 ) 
    Source Clock Delay      (SCD):    0.537ns
    Clock Pessimism Removal (CPR):    0.000ns
  Clock Uncertainty:      0.035ns  ((TSJ^2 + TIJ^2)^1/2 + DJ) / 2 + PE
    Total System Jitter     (TSJ):    0.071ns
    Total Input Jitter      (TIJ):    0.000ns
    Discrete Jitter          (DJ):    0.000ns
    Phase Error              (PE):    0.000ns

    Location             Delay type                Incr(ns)  Path(ns)    Netlist Resource(s)
  -------------------------------------------------------------------    -------------------
                         (clock clk rise edge)        0.000     0.000 r  <hidden>
                                                      0.000     0.000 r  clk
                         net (fo=27477, unset)        0.537     0.537    u_array/g_pe[134].u_pe/clk
    SLICE_X365Y164       FDRE                                         r  u_array/g_pe[134].u_pe/active_q_reg/C
  -------------------------------------------------------------------    -------------------
    SLICE_X365Y164       FDRE (Prop_fdre_C_Q)         0.223     0.760 r  u_array/g_pe[134].u_pe/active_q_reg/Q
                         net (fo=112, routed)         0.622     1.382    u_array/g_pe[134].u_pe/active_q_reg_0[0]
    SLICE_X362Y165       LUT6 (Prop_lut6_I1_O)        0.043     1.425 r  u_array/g_pe[134].u_pe/pr_j[8][7]_i_189/O
                         net (fo=1, routed)           0.389     1.814    u_array/g_pe[134].u_pe/pr_j[8][7]_i_189_n_0
    SLICE_X364Y165       CARRY4 (Prop_carry4_DI[1]_CO[3])
                                                      0.253     2.067 r  u_array/g_pe[134].u_pe/pr_j_reg[8][7]_i_57/CO[3]
                         net (fo=37, routed)          0.719     2.786    u_array/g_pe[134].u_pe/H_curr_reg_reg[15]_2[0]
    SLICE_X367Y163       LUT5 (Prop_lut5_I2_O)        0.043     2.829 r  u_array/g_pe[134].u_pe/pr_j[8][7]_i_216/O
                         net (fo=5, routed)           0.524     3.353    u_array/g_pe[133].u_pe/pr_j_reg[8][7]_i_56_4
    SLICE_X367Y166       LUT5 (Prop_lut5_I2_O)        0.043     3.396 r  u_array/g_pe[133].u_pe/pr_j[8][7]_i_184/O
                         net (fo=1, routed)           0.000     3.396    u_array/g_pe[133].u_pe/pr_j[8][7]_i_184_n_0
    SLICE_X367Y166       CARRY4 (Prop_carry4_S[1]_CO[3])
                                                      0.267     3.663 r  u_array/g_pe[133].u_pe/pr_j_reg[8][7]_i_56/CO[3]
                         net (fo=38, routed)          0.343     4.006    u_array/g_pe[133].u_pe/H_curr_reg_reg[15]_3[0]
    SLICE_X364Y166       LUT2 (Prop_lut2_I0_O)        0.043     4.049 r  u_array/g_pe[133].u_pe/pr_j[8][2]_i_75/O
                         net (fo=16, routed)          0.565     4.614    u_array/g_pe[132].u_pe/pr_j[8][2]_i_30
    SLICE_X367Y164       LUT6 (Prop_lut6_I2_O)        0.043     4.657 r  u_array/g_pe[132].u_pe/pr_j[8][2]_i_72/O
                         net (fo=4, routed)           0.329     4.986    u_array/g_pe[130].u_pe/pr_j_reg[8][2]_i_7
    SLICE_X366Y165       LUT4 (Prop_lut4_I1_O)        0.043     5.029 r  u_array/g_pe[130].u_pe/pr_j[8][2]_i_41/O
                         net (fo=1, routed)           0.000     5.029    u_array/g_pe[132].u_pe/pr_j_reg[8][2]_i_3_5[0]
    SLICE_X366Y165       CARRY4 (Prop_carry4_S[0]_CO[3])
                                                      0.259     5.288 r  u_array/g_pe[132].u_pe/pr_j_reg[8][2]_i_7/CO[3]
                         net (fo=1, routed)           0.000     5.288    u_array/g_pe[130].u_pe/pr_j_reg[8][2][0]
    SLICE_X366Y166       CARRY4 (Prop_carry4_CI_CO[3])
                                                      0.053     5.341 r  u_array/g_pe[130].u_pe/pr_j_reg[8][2]_i_3/CO[3]
                         net (fo=8, routed)           0.560     5.901    u_array/g_pe[130].u_pe/pr_j[8][2]_i_15_0[0]
    SLICE_X372Y166       LUT2 (Prop_lut2_I0_O)        0.043     5.944 r  u_array/g_pe[130].u_pe/pr_h[8][15]_i_9/O
                         net (fo=17, routed)          0.365     6.308    u_array/g_pe[130].u_pe/pr_j_reg[8][2]_i_4_0
    SLICE_X372Y166       LUT6 (Prop_lut6_I3_O)        0.043     6.351 f  u_array/g_pe[130].u_pe/pr_h[8][10]_i_2/O
                         net (fo=3, routed)           0.377     6.728    u_array/g_pe[137].u_pe/pr_h_reg[8][10]_0
    SLICE_X375Y166       LUT6 (Prop_lut6_I5_O)        0.043     6.771 r  u_array/g_pe[137].u_pe/pr_j[8][7]_i_11/O
                         net (fo=1, routed)           0.374     7.145    u_array/g_pe[137].u_pe/pr_j[8][7]_i_11_n_0
    SLICE_X377Y166       CARRY4 (Prop_carry4_DI[1]_CO[3])
                                                      0.250     7.395 f  u_array/g_pe[137].u_pe/pr_j_reg[8][7]_i_2/CO[3]
                         net (fo=30, routed)          0.423     7.818    u_array/g_pe[137].u_pe/pr_j[8][7]_i_16_0[0]
    SLICE_X376Y167       LUT6 (Prop_lut6_I0_O)        0.043     7.861 r  u_array/g_pe[137].u_pe/pr_i[8][3]_i_8/O
                         net (fo=1, routed)           0.258     8.119    u_array/g_pe[130].u_pe/pr_i[8][3]_i_4_0
    SLICE_X376Y168       LUT6 (Prop_lut6_I5_O)        0.043     8.162 r  u_array/g_pe[130].u_pe/pr_i[8][3]_i_6/O
                         net (fo=1, routed)           0.199     8.361    u_tracker/p_13_in[1]
    SLICE_X376Y170       LUT2 (Prop_lut2_I1_O)        0.043     8.404 r  u_tracker/pr_i[8][3]_i_4/O
                         net (fo=1, routed)           0.000     8.404    u_tracker/pr_i[8][3]_i_4_n_0
    SLICE_X376Y170       CARRY4 (Prop_carry4_S[1]_CO[3])
                                                      0.256     8.660 r  u_tracker/pr_i_reg[8][3]_i_1/CO[3]
                         net (fo=1, routed)           0.000     8.660    u_tracker/pr_i_reg[8][3]_i_1_n_0
    SLICE_X376Y171       CARRY4 (Prop_carry4_CI_CO[3])
                                                      0.054     8.714 r  u_tracker/pr_i_reg[8][7]_i_1/CO[3]
                         net (fo=1, routed)           0.000     8.714    u_tracker/pr_i_reg[8][7]_i_1_n_0
    SLICE_X376Y172       CARRY4 (Prop_carry4_CI_CO[3])
                                                      0.054     8.768 r  u_tracker/pr_i_reg[8][11]_i_1/CO[3]
                         net (fo=1, routed)           0.000     8.768    u_tracker/pr_i_reg[8][11]_i_1_n_0
    SLICE_X376Y173       CARRY4 (Prop_carry4_CI_O[0])
                                                      0.108     8.876 r  u_tracker/pr_i_reg[8][15]_i_2/O[0]
                         net (fo=1, routed)           0.000     8.876    u_tracker/s1_i14_out[12]
    SLICE_X376Y173       FDRE                                         r  u_tracker/pr_i_reg[8][12]/D
  -------------------------------------------------------------------    -------------------

                         (clock clk rise edge)        5.000     5.000 r  <hidden>
                                                      0.000     5.000 r  clk
                         net (fo=27477, unset)        0.510     5.510    u_tracker/clk
    SLICE_X376Y173       FDRE                                         r  u_tracker/pr_i_reg[8][12]/C
                         clock pessimism              0.000     5.510    <hidden>
                         clock uncertainty           -0.035     5.475    <hidden>
    SLICE_X376Y173       FDRE (Setup_fdre_C_D)        0.076     5.551    u_tracker/pr_i_reg[8][12]
  -------------------------------------------------------------------
                         required time                          5.551    <hidden>
                         arrival time                          -8.876    <hidden>
  -------------------------------------------------------------------
                         slack                                 -3.325    <hidden>

Slack (VIOLATED) :        -3.325ns  (required time - arrival time)
  Source:                 u_array/g_pe[71].u_pe/H_curr_reg_reg[9]/C
                            (rising edge-triggered cell FDRE clocked by clk  {rise@0.000ns fall@2.500ns period=5.000ns})
  Destination:            u_tracker/pr_i_reg[4][12]/D
                            (rising edge-triggered cell FDRE clocked by clk  {rise@0.000ns fall@2.500ns period=5.000ns})
  Path Group:             clk
  Path Type:              Setup (Max at Slow Process Corner)
  Requirement:            5.000ns  (clk rise@5.000ns - clk rise@0.000ns)
  Data Path Delay:        8.311ns  (logic 2.620ns (31.523%)  route 5.691ns (68.477%))
  Logic Levels:           21  (CARRY4=10 LUT2=2 LUT4=1 LUT5=1 LUT6=5 MUXF7=2)
  Clock Path Skew:        -0.027ns (DCD - SCD + CPR)
    Destination Clock Delay (DCD):    0.510ns = ( 5.510 - 5.000 ) 
    Source Clock Delay      (SCD):    0.537ns
    Clock Pessimism Removal (CPR):    0.000ns
  Clock Uncertainty:      0.035ns  ((TSJ^2 + TIJ^2)^1/2 + DJ) / 2 + PE
    Total System Jitter     (TSJ):    0.071ns
    Total Input Jitter      (TIJ):    0.000ns
    Discrete Jitter          (DJ):    0.000ns
    Phase Error              (PE):    0.000ns

    Location             Delay type                Incr(ns)  Path(ns)    Netlist Resource(s)
  -------------------------------------------------------------------    -------------------
                         (clock clk rise edge)        0.000     0.000 r  <hidden>
                                                      0.000     0.000 r  clk
                         net (fo=27477, unset)        0.537     0.537    u_array/g_pe[71].u_pe/clk
    SLICE_X328Y264       FDRE                                         r  u_array/g_pe[71].u_pe/H_curr_reg_reg[9]/C
  -------------------------------------------------------------------    -------------------
    SLICE_X328Y264       FDRE (Prop_fdre_C_Q)         0.259     0.796 r  u_array/g_pe[71].u_pe/H_curr_reg_reg[9]/Q
                         net (fo=8, routed)           0.380     1.176    u_array/g_pe[71].u_pe/H_curr_reg_reg[15]_1[9]
    SLICE_X334Y264       LUT2 (Prop_lut2_I1_O)        0.043     1.219 r  u_array/g_pe[71].u_pe/pr_h[4][9]_i_17/O
                         net (fo=5, routed)           0.458     1.677    u_array/g_pe[70].u_pe/s1_h[0][71]_1[9]
    SLICE_X336Y264       LUT5 (Prop_lut5_I4_O)        0.043     1.720 r  u_array/g_pe[70].u_pe/pr_j[4][2]_i_170/O
                         net (fo=1, routed)           0.000     1.720    u_array/g_pe[70].u_pe/pr_j[4][2]_i_170_n_0
    SLICE_X336Y264       CARRY4 (Prop_carry4_S[0]_CO[3])
                                                      0.246     1.966 r  u_array/g_pe[70].u_pe/pr_j_reg[4][2]_i_85/CO[3]
                         net (fo=77, routed)          0.552     2.518    u_array/g_pe[70].u_pe/pr_j_reg[4][2]_i_85_n_0
    SLICE_X334Y265       LUT4 (Prop_lut4_I3_O)        0.043     2.561 f  u_array/g_pe[70].u_pe/pr_j[4][2]_i_174/O
                         net (fo=4, routed)           0.382     2.944    u_array/g_pe[70].u_pe/u_tracker/s1_h[1][35][1]
    SLICE_X337Y267       LUT6 (Prop_lut6_I4_O)        0.043     2.987 r  u_array/g_pe[70].u_pe/pr_j[4][2]_i_113/O
                         net (fo=1, routed)           0.352     3.339    u_array/g_pe[70].u_pe/pr_j[4][2]_i_113_n_0
    SLICE_X337Y264       CARRY4 (Prop_carry4_DI[0]_CO[3])
                                                      0.269     3.608 r  u_array/g_pe[70].u_pe/pr_j_reg[4][2]_i_58/CO[3]
                         net (fo=1, routed)           0.000     3.608    u_array/g_pe[70].u_pe/pr_j_reg[4][2]_i_58_n_0
    SLICE_X337Y265       CARRY4 (Prop_carry4_CI_CO[3])
                                                      0.053     3.661 r  u_array/g_pe[70].u_pe/pr_j_reg[4][2]_i_19/CO[3]
                         net (fo=22, routed)          0.510     4.171    u_array/g_pe[70].u_pe/pr_j[4][2]_i_66_0[0]
    SLICE_X338Y266       LUT6 (Prop_lut6_I3_O)        0.043     4.214 f  u_array/g_pe[70].u_pe/pr_h[4][3]_i_10/O
                         net (fo=1, routed)           0.000     4.214    u_array/g_pe[70].u_pe/pr_h[4][3]_i_10_n_0
    SLICE_X338Y266       MUXF7 (Prop_muxf7_I1_O)      0.108     4.322 f  u_array/g_pe[70].u_pe/pr_h_reg[4][3]_i_6/O
                         net (fo=5, routed)           0.335     4.657    u_array/g_pe[65].u_pe/pr_h_reg[4][3]
    SLICE_X341Y265       LUT6 (Prop_lut6_I4_O)        0.124     4.781 r  u_array/g_pe[65].u_pe/pr_j[4][1]_i_19/O
                         net (fo=1, routed)           0.384     5.165    u_array/g_pe[65].u_pe/pr_j[4][1]_i_19_n_0
    SLICE_X342Y263       CARRY4 (Prop_carry4_DI[1]_CO[3])
                                                      0.250     5.415 r  u_array/g_pe[65].u_pe/pr_j_reg[4][1]_i_8/CO[3]
                         net (fo=1, routed)           0.000     5.415    u_array/g_pe[65].u_pe/pr_j_reg[4][1]_i_8_n_0
    SLICE_X342Y264       CARRY4 (Prop_carry4_CI_CO[3])
                                                      0.053     5.468 r  u_array/g_pe[65].u_pe/pr_j_reg[4][1]_i_4/CO[3]
                         net (fo=25, routed)          0.695     6.163    u_array/g_pe[65].u_pe/pr_j[4][1]_i_16_0[0]
    SLICE_X347Y266       LUT6 (Prop_lut6_I1_O)        0.043     6.206 r  u_array/g_pe[65].u_pe/pr_h[4][12]_i_4/O
                         net (fo=3, routed)           0.452     6.659    u_array/g_pe[72].u_pe/pr_h_reg[4][12]_1
    SLICE_X345Y263       LUT6 (Prop_lut6_I3_O)        0.043     6.702 r  u_array/g_pe[72].u_pe/pr_j[4][6]_i_21/O
                         net (fo=1, routed)           0.330     7.032    u_array/g_pe[72].u_pe/pr_j[4][6]_i_21_n_0
    SLICE_X344Y263       CARRY4 (Prop_carry4_DI[2]_CO[3])
                                                      0.202     7.234 r  u_array/g_pe[72].u_pe/pr_j_reg[4][6]_i_5/CO[3]
                         net (fo=27, routed)          0.575     7.809    u_array/g_pe[72].u_pe/pr_j[4][6]_i_27_0[0]
    SLICE_X346Y261       MUXF7 (Prop_muxf7_S_O)       0.147     7.956 r  u_array/g_pe[72].u_pe/pr_i_reg[4][3]_i_6/O
                         net (fo=1, routed)           0.284     8.240    u_tracker/p_5_in[1]
    SLICE_X347Y257       LUT2 (Prop_lut2_I1_O)        0.124     8.364 r  u_tracker/pr_i[4][3]_i_4/O
                         net (fo=1, routed)           0.000     8.364    u_tracker/pr_i[4][3]_i_4_n_0
    SLICE_X347Y257       CARRY4 (Prop_carry4_S[1]_CO[3])
                                                      0.267     8.631 r  u_tracker/pr_i_reg[4][3]_i_1/CO[3]
                         net (fo=1, routed)           0.000     8.631    u_tracker/pr_i_reg[4][3]_i_1_n_0
    SLICE_X347Y258       CARRY4 (Prop_carry4_CI_CO[3])
                                                      0.053     8.684 r  u_tracker/pr_i_reg[4][7]_i_1/CO[3]
                         net (fo=1, routed)           0.000     8.684    u_tracker/pr_i_reg[4][7]_i_1_n_0
    SLICE_X347Y259       CARRY4 (Prop_carry4_CI_CO[3])
                                                      0.053     8.737 r  u_tracker/pr_i_reg[4][11]_i_1/CO[3]
                         net (fo=1, routed)           0.000     8.737    u_tracker/pr_i_reg[4][11]_i_1_n_0
    SLICE_X347Y260       CARRY4 (Prop_carry4_CI_O[0])
                                                      0.111     8.848 r  u_tracker/pr_i_reg[4][15]_i_2/O[0]
                         net (fo=1, routed)           0.000     8.848    u_tracker/s1_i6_out[12]
    SLICE_X347Y260       FDRE                                         r  u_tracker/pr_i_reg[4][12]/D
  -------------------------------------------------------------------    -------------------

                         (clock clk rise edge)        5.000     5.000 r  <hidden>
                                                      0.000     5.000 r  clk
                         net (fo=27477, unset)        0.510     5.510    u_tracker/clk
    SLICE_X347Y260       FDRE                                         r  u_tracker/pr_i_reg[4][12]/C
                         clock pessimism              0.000     5.510    <hidden>
                         clock uncertainty           -0.035     5.475    <hidden>
    SLICE_X347Y260       FDRE (Setup_fdre_C_D)        0.049     5.524    u_tracker/pr_i_reg[4][12]
  -------------------------------------------------------------------
                         required time                          5.524    <hidden>
                         arrival time                          -8.848    <hidden>
  -------------------------------------------------------------------
                         slack                                 -3.325    <hidden>

Slack (VIOLATED) :        -3.325ns  (required time - arrival time)
  Source:                 u_array/g_pe[71].u_pe/H_curr_reg_reg[9]/C
                            (rising edge-triggered cell FDRE clocked by clk  {rise@0.000ns fall@2.500ns period=5.000ns})
  Destination:            u_tracker/pr_i_reg[4][14]/D
                            (rising edge-triggered cell FDRE clocked by clk  {rise@0.000ns fall@2.500ns period=5.000ns})
  Path Group:             clk
  Path Type:              Setup (Max at Slow Process Corner)
  Requirement:            5.000ns  (clk rise@5.000ns - clk rise@0.000ns)
  Data Path Delay:        8.311ns  (logic 2.620ns (31.523%)  route 5.691ns (68.477%))
  Logic Levels:           21  (CARRY4=10 LUT2=2 LUT4=1 LUT5=1 LUT6=5 MUXF7=2)
  Clock Path Skew:        -0.027ns (DCD - SCD + CPR)
    Destination Clock Delay (DCD):    0.510ns = ( 5.510 - 5.000 ) 
    Source Clock Delay      (SCD):    0.537ns
    Clock Pessimism Removal (CPR):    0.000ns
  Clock Uncertainty:      0.035ns  ((TSJ^2 + TIJ^2)^1/2 + DJ) / 2 + PE
    Total System Jitter     (TSJ):    0.071ns
    Total Input Jitter      (TIJ):    0.000ns
    Discrete Jitter          (DJ):    0.000ns
    Phase Error              (PE):    0.000ns

    Location             Delay type                Incr(ns)  Path(ns)    Netlist Resource(s)
  -------------------------------------------------------------------    -------------------
                         (clock clk rise edge)        0.000     0.000 r  <hidden>
                                                      0.000     0.000 r  clk
                         net (fo=27477, unset)        0.537     0.537    u_array/g_pe[71].u_pe/clk
    SLICE_X328Y264       FDRE                                         r  u_array/g_pe[71].u_pe/H_curr_reg_reg[9]/C
  -------------------------------------------------------------------    -------------------
    SLICE_X328Y264       FDRE (Prop_fdre_C_Q)         0.259     0.796 r  u_array/g_pe[71].u_pe/H_curr_reg_reg[9]/Q
                         net (fo=8, routed)           0.380     1.176    u_array/g_pe[71].u_pe/H_curr_reg_reg[15]_1[9]
    SLICE_X334Y264       LUT2 (Prop_lut2_I1_O)        0.043     1.219 r  u_array/g_pe[71].u_pe/pr_h[4][9]_i_17/O
                         net (fo=5, routed)           0.458     1.677    u_array/g_pe[70].u_pe/s1_h[0][71]_1[9]
    SLICE_X336Y264       LUT5 (Prop_lut5_I4_O)        0.043     1.720 r  u_array/g_pe[70].u_pe/pr_j[4][2]_i_170/O
                         net (fo=1, routed)           0.000     1.720    u_array/g_pe[70].u_pe/pr_j[4][2]_i_170_n_0
    SLICE_X336Y264       CARRY4 (Prop_carry4_S[0]_CO[3])
                                                      0.246     1.966 r  u_array/g_pe[70].u_pe/pr_j_reg[4][2]_i_85/CO[3]
                         net (fo=77, routed)          0.552     2.518    u_array/g_pe[70].u_pe/pr_j_reg[4][2]_i_85_n_0
    SLICE_X334Y265       LUT4 (Prop_lut4_I3_O)        0.043     2.561 f  u_array/g_pe[70].u_pe/pr_j[4][2]_i_174/O
                         net (fo=4, routed)           0.382     2.944    u_array/g_pe[70].u_pe/u_tracker/s1_h[1][35][1]
    SLICE_X337Y267       LUT6 (Prop_lut6_I4_O)        0.043     2.987 r  u_array/g_pe[70].u_pe/pr_j[4][2]_i_113/O
                         net (fo=1, routed)           0.352     3.339    u_array/g_pe[70].u_pe/pr_j[4][2]_i_113_n_0
    SLICE_X337Y264       CARRY4 (Prop_carry4_DI[0]_CO[3])
                                                      0.269     3.608 r  u_array/g_pe[70].u_pe/pr_j_reg[4][2]_i_58/CO[3]
                         net (fo=1, routed)           0.000     3.608    u_array/g_pe[70].u_pe/pr_j_reg[4][2]_i_58_n_0
    SLICE_X337Y265       CARRY4 (Prop_carry4_CI_CO[3])
                                                      0.053     3.661 r  u_array/g_pe[70].u_pe/pr_j_reg[4][2]_i_19/CO[3]
                         net (fo=22, routed)          0.510     4.171    u_array/g_pe[70].u_pe/pr_j[4][2]_i_66_0[0]
    SLICE_X338Y266       LUT6 (Prop_lut6_I3_O)        0.043     4.214 f  u_array/g_pe[70].u_pe/pr_h[4][3]_i_10/O
                         net (fo=1, routed)           0.000     4.214    u_array/g_pe[70].u_pe/pr_h[4][3]_i_10_n_0
    SLICE_X338Y266       MUXF7 (Prop_muxf7_I1_O)      0.108     4.322 f  u_array/g_pe[70].u_pe/pr_h_reg[4][3]_i_6/O
                         net (fo=5, routed)           0.335     4.657    u_array/g_pe[65].u_pe/pr_h_reg[4][3]
    SLICE_X341Y265       LUT6 (Prop_lut6_I4_O)        0.124     4.781 r  u_array/g_pe[65].u_pe/pr_j[4][1]_i_19/O
                         net (fo=1, routed)           0.384     5.165    u_array/g_pe[65].u_pe/pr_j[4][1]_i_19_n_0
    SLICE_X342Y263       CARRY4 (Prop_carry4_DI[1]_CO[3])
                                                      0.250     5.415 r  u_array/g_pe[65].u_pe/pr_j_reg[4][1]_i_8/CO[3]
                         net (fo=1, routed)           0.000     5.415    u_array/g_pe[65].u_pe/pr_j_reg[4][1]_i_8_n_0
    SLICE_X342Y264       CARRY4 (Prop_carry4_CI_CO[3])
                                                      0.053     5.468 r  u_array/g_pe[65].u_pe/pr_j_reg[4][1]_i_4/CO[3]
                         net (fo=25, routed)          0.695     6.163    u_array/g_pe[65].u_pe/pr_j[4][1]_i_16_0[0]
    SLICE_X347Y266       LUT6 (Prop_lut6_I1_O)        0.043     6.206 r  u_array/g_pe[65].u_pe/pr_h[4][12]_i_4/O
                         net (fo=3, routed)           0.452     6.659    u_array/g_pe[72].u_pe/pr_h_reg[4][12]_1
    SLICE_X345Y263       LUT6 (Prop_lut6_I3_O)        0.043     6.702 r  u_array/g_pe[72].u_pe/pr_j[4][6]_i_21/O
                         net (fo=1, routed)           0.330     7.032    u_array/g_pe[72].u_pe/pr_j[4][6]_i_21_n_0
    SLICE_X344Y263       CARRY4 (Prop_carry4_DI[2]_CO[3])
                                                      0.202     7.234 r  u_array/g_pe[72].u_pe/pr_j_reg[4][6]_i_5/CO[3]
                         net (fo=27, routed)          0.575     7.809    u_array/g_pe[72].u_pe/pr_j[4][6]_i_27_0[0]
    SLICE_X346Y261       MUXF7 (Prop_muxf7_S_O)       0.147     7.956 r  u_array/g_pe[72].u_pe/pr_i_reg[4][3]_i_6/O
                         net (fo=1, routed)           0.284     8.240    u_tracker/p_5_in[1]
    SLICE_X347Y257       LUT2 (Prop_lut2_I1_O)        0.124     8.364 r  u_tracker/pr_i[4][3]_i_4/O
                         net (fo=1, routed)           0.000     8.364    u_tracker/pr_i[4][3]_i_4_n_0
    SLICE_X347Y257       CARRY4 (Prop_carry4_S[1]_CO[3])
                                                      0.267     8.631 r  u_tracker/pr_i_reg[4][3]_i_1/CO[3]
                         net (fo=1, routed)           0.000     8.631    u_tracker/pr_i_reg[4][3]_i_1_n_0
    SLICE_X347Y258       CARRY4 (Prop_carry4_CI_CO[3])
                                                      0.053     8.684 r  u_tracker/pr_i_reg[4][7]_i_1/CO[3]
                         net (fo=1, routed)           0.000     8.684    u_tracker/pr_i_reg[4][7]_i_1_n_0
    SLICE_X347Y259       CARRY4 (Prop_carry4_CI_CO[3])
                                                      0.053     8.737 r  u_tracker/pr_i_reg[4][11]_i_1/CO[3]
                         net (fo=1, routed)           0.000     8.737    u_tracker/pr_i_reg[4][11]_i_1_n_0
    SLICE_X347Y260       CARRY4 (Prop_carry4_CI_O[2])
                                                      0.111     8.848 r  u_tracker/pr_i_reg[4][15]_i_2/O[2]
                         net (fo=1, routed)           0.000     8.848    u_tracker/s1_i6_out[14]
    SLICE_X347Y260       FDRE                                         r  u_tracker/pr_i_reg[4][14]/D
  -------------------------------------------------------------------    -------------------

                         (clock clk rise edge)        5.000     5.000 r  <hidden>
                                                      0.000     5.000 r  clk
                         net (fo=27477, unset)        0.510     5.510    u_tracker/clk
    SLICE_X347Y260       FDRE                                         r  u_tracker/pr_i_reg[4][14]/C
                         clock pessimism              0.000     5.510    <hidden>
                         clock uncertainty           -0.035     5.475    <hidden>
    SLICE_X347Y260       FDRE (Setup_fdre_C_D)        0.049     5.524    u_tracker/pr_i_reg[4][14]
  -------------------------------------------------------------------
                         required time                          5.524    <hidden>
                         arrival time                          -8.848    <hidden>
  -------------------------------------------------------------------
                         slack                                 -3.325    <hidden>

Slack (VIOLATED) :        -3.314ns  (required time - arrival time)
  Source:                 u_array/g_pe[134].u_pe/active_q_reg/C
                            (rising edge-triggered cell FDRE clocked by clk  {rise@0.000ns fall@2.500ns period=5.000ns})
  Destination:            u_tracker/pr_i_reg[8][11]/D
                            (rising edge-triggered cell FDRE clocked by clk  {rise@0.000ns fall@2.500ns period=5.000ns})
  Path Group:             clk
  Path Type:              Setup (Max at Slow Process Corner)
  Requirement:            5.000ns  (clk rise@5.000ns - clk rise@0.000ns)
  Data Path Delay:        8.328ns  (logic 2.282ns (27.402%)  route 6.046ns (72.598%))
  Logic Levels:           20  (CARRY4=8 LUT2=3 LUT4=1 LUT5=2 LUT6=6)
  Clock Path Skew:        -0.027ns (DCD - SCD + CPR)
    Destination Clock Delay (DCD):    0.510ns = ( 5.510 - 5.000 ) 
    Source Clock Delay      (SCD):    0.537ns
    Clock Pessimism Removal (CPR):    0.000ns
  Clock Uncertainty:      0.035ns  ((TSJ^2 + TIJ^2)^1/2 + DJ) / 2 + PE
    Total System Jitter     (TSJ):    0.071ns
    Total Input Jitter      (TIJ):    0.000ns
    Discrete Jitter          (DJ):    0.000ns
    Phase Error              (PE):    0.000ns

    Location             Delay type                Incr(ns)  Path(ns)    Netlist Resource(s)
  -------------------------------------------------------------------    -------------------
                         (clock clk rise edge)        0.000     0.000 r  <hidden>
                                                      0.000     0.000 r  clk
                         net (fo=27477, unset)        0.537     0.537    u_array/g_pe[134].u_pe/clk
    SLICE_X365Y164       FDRE                                         r  u_array/g_pe[134].u_pe/active_q_reg/C
  -------------------------------------------------------------------    -------------------
    SLICE_X365Y164       FDRE (Prop_fdre_C_Q)         0.223     0.760 r  u_array/g_pe[134].u_pe/active_q_reg/Q
                         net (fo=112, routed)         0.622     1.382    u_array/g_pe[134].u_pe/active_q_reg_0[0]
    SLICE_X362Y165       LUT6 (Prop_lut6_I1_O)        0.043     1.425 r  u_array/g_pe[134].u_pe/pr_j[8][7]_i_189/O
                         net (fo=1, routed)           0.389     1.814    u_array/g_pe[134].u_pe/pr_j[8][7]_i_189_n_0
    SLICE_X364Y165       CARRY4 (Prop_carry4_DI[1]_CO[3])
                                                      0.253     2.067 r  u_array/g_pe[134].u_pe/pr_j_reg[8][7]_i_57/CO[3]
                         net (fo=37, routed)          0.719     2.786    u_array/g_pe[134].u_pe/H_curr_reg_reg[15]_2[0]
    SLICE_X367Y163       LUT5 (Prop_lut5_I2_O)        0.043     2.829 r  u_array/g_pe[134].u_pe/pr_j[8][7]_i_216/O
                         net (fo=5, routed)           0.524     3.353    u_array/g_pe[133].u_pe/pr_j_reg[8][7]_i_56_4
    SLICE_X367Y166       LUT5 (Prop_lut5_I2_O)        0.043     3.396 r  u_array/g_pe[133].u_pe/pr_j[8][7]_i_184/O
                         net (fo=1, routed)           0.000     3.396    u_array/g_pe[133].u_pe/pr_j[8][7]_i_184_n_0
    SLICE_X367Y166       CARRY4 (Prop_carry4_S[1]_CO[3])
                                                      0.267     3.663 r  u_array/g_pe[133].u_pe/pr_j_reg[8][7]_i_56/CO[3]
                         net (fo=38, routed)          0.343     4.006    u_array/g_pe[133].u_pe/H_curr_reg_reg[15]_3[0]
    SLICE_X364Y166       LUT2 (Prop_lut2_I0_O)        0.043     4.049 r  u_array/g_pe[133].u_pe/pr_j[8][2]_i_75/O
                         net (fo=16, routed)          0.565     4.614    u_array/g_pe[132].u_pe/pr_j[8][2]_i_30
    SLICE_X367Y164       LUT6 (Prop_lut6_I2_O)        0.043     4.657 r  u_array/g_pe[132].u_pe/pr_j[8][2]_i_72/O
                         net (fo=4, routed)           0.329     4.986    u_array/g_pe[130].u_pe/pr_j_reg[8][2]_i_7
    SLICE_X366Y165       LUT4 (Prop_lut4_I1_O)        0.043     5.029 r  u_array/g_pe[130].u_pe/pr_j[8][2]_i_41/O
                         net (fo=1, routed)           0.000     5.029    u_array/g_pe[132].u_pe/pr_j_reg[8][2]_i_3_5[0]
    SLICE_X366Y165       CARRY4 (Prop_carry4_S[0]_CO[3])
                                                      0.259     5.288 r  u_array/g_pe[132].u_pe/pr_j_reg[8][2]_i_7/CO[3]
                         net (fo=1, routed)           0.000     5.288    u_array/g_pe[130].u_pe/pr_j_reg[8][2][0]
    SLICE_X366Y166       CARRY4 (Prop_carry4_CI_CO[3])
                                                      0.053     5.341 r  u_array/g_pe[130].u_pe/pr_j_reg[8][2]_i_3/CO[3]
                         net (fo=8, routed)           0.560     5.901    u_array/g_pe[130].u_pe/pr_j[8][2]_i_15_0[0]
    SLICE_X372Y166       LUT2 (Prop_lut2_I0_O)        0.043     5.944 r  u_array/g_pe[130].u_pe/pr_h[8][15]_i_9/O
                         net (fo=17, routed)          0.365     6.308    u_array/g_pe[130].u_pe/pr_j_reg[8][2]_i_4_0
    SLICE_X372Y166       LUT6 (Prop_lut6_I3_O)        0.043     6.351 f  u_array/g_pe[130].u_pe/pr_h[8][10]_i_2/O
                         net (fo=3, routed)           0.377     6.728    u_array/g_pe[137].u_pe/pr_h_reg[8][10]_0
    SLICE_X375Y166       LUT6 (Prop_lut6_I5_O)        0.043     6.771 r  u_array/g_pe[137].u_pe/pr_j[8][7]_i_11/O
                         net (fo=1, routed)           0.374     7.145    u_array/g_pe[137].u_pe/pr_j[8][7]_i_11_n_0
    SLICE_X377Y166       CARRY4 (Prop_carry4_DI[1]_CO[3])
                                                      0.250     7.395 f  u_array/g_pe[137].u_pe/pr_j_reg[8][7]_i_2/CO[3]
                         net (fo=30, routed)          0.423     7.818    u_array/g_pe[137].u_pe/pr_j[8][7]_i_16_0[0]
    SLICE_X376Y167       LUT6 (Prop_lut6_I0_O)        0.043     7.861 r  u_array/g_pe[137].u_pe/pr_i[8][3]_i_8/O
                         net (fo=1, routed)           0.258     8.119    u_array/g_pe[130].u_pe/pr_i[8][3]_i_4_0
    SLICE_X376Y168       LUT6 (Prop_lut6_I5_O)        0.043     8.162 r  u_array/g_pe[130].u_pe/pr_i[8][3]_i_6/O
                         net (fo=1, routed)           0.199     8.361    u_tracker/p_13_in[1]
    SLICE_X376Y170       LUT2 (Prop_lut2_I1_O)        0.043     8.404 r  u_tracker/pr_i[8][3]_i_4/O
                         net (fo=1, routed)           0.000     8.404    u_tracker/pr_i[8][3]_i_4_n_0
    SLICE_X376Y170       CARRY4 (Prop_carry4_S[1]_CO[3])
                                                      0.256     8.660 r  u_tracker/pr_i_reg[8][3]_i_1/CO[3]
                         net (fo=1, routed)           0.000     8.660    u_tracker/pr_i_reg[8][3]_i_1_n_0
    SLICE_X376Y171       CARRY4 (Prop_carry4_CI_CO[3])
                                                      0.054     8.714 r  u_tracker/pr_i_reg[8][7]_i_1/CO[3]
                         net (fo=1, routed)           0.000     8.714    u_tracker/pr_i_reg[8][7]_i_1_n_0
    SLICE_X376Y172       CARRY4 (Prop_carry4_CI_O[3])
                                                      0.151     8.865 r  u_tracker/pr_i_reg[8][11]_i_1/O[3]
                         net (fo=1, routed)           0.000     8.865    u_tracker/s1_i14_out[11]
    SLICE_X376Y172       FDRE                                         r  u_tracker/pr_i_reg[8][11]/D
  -------------------------------------------------------------------    -------------------

                         (clock clk rise edge)        5.000     5.000 r  <hidden>
                                                      0.000     5.000 r  clk
                         net (fo=27477, unset)        0.510     5.510    u_tracker/clk
    SLICE_X376Y172       FDRE                                         r  u_tracker/pr_i_reg[8][11]/C
                         clock pessimism              0.000     5.510    <hidden>
                         clock uncertainty           -0.035     5.475    <hidden>
    SLICE_X376Y172       FDRE (Setup_fdre_C_D)        0.076     5.551    u_tracker/pr_i_reg[8][11]
  -------------------------------------------------------------------
                         required time                          5.551    <hidden>
                         arrival time                          -8.865    <hidden>
  -------------------------------------------------------------------
                         slack                                 -3.314    <hidden>

Slack (VIOLATED) :        -3.310ns  (required time - arrival time)
  Source:                 u_array/g_pe[71].u_pe/H_curr_reg_reg[9]/C
                            (rising edge-triggered cell FDRE clocked by clk  {rise@0.000ns fall@2.500ns period=5.000ns})
  Destination:            u_tracker/pr_i_reg[4][11]/D
                            (rising edge-triggered cell FDRE clocked by clk  {rise@0.000ns fall@2.500ns period=5.000ns})
  Path Group:             clk
  Path Type:              Setup (Max at Slow Process Corner)
  Requirement:            5.000ns  (clk rise@5.000ns - clk rise@0.000ns)
  Data Path Delay:        8.296ns  (logic 2.605ns (31.399%)  route 5.691ns (68.601%))
  Logic Levels:           20  (CARRY4=9 LUT2=2 LUT4=1 LUT5=1 LUT6=5 MUXF7=2)
  Clock Path Skew:        -0.027ns (DCD - SCD + CPR)
    Destination Clock Delay (DCD):    0.510ns = ( 5.510 - 5.000 ) 
    Source Clock Delay      (SCD):    0.537ns
    Clock Pessimism Removal (CPR):    0.000ns
  Clock Uncertainty:      0.035ns  ((TSJ^2 + TIJ^2)^1/2 + DJ) / 2 + PE
    Total System Jitter     (TSJ):    0.071ns
    Total Input Jitter      (TIJ):    0.000ns
    Discrete Jitter          (DJ):    0.000ns
    Phase Error              (PE):    0.000ns

    Location             Delay type                Incr(ns)  Path(ns)    Netlist Resource(s)
  -------------------------------------------------------------------    -------------------
                         (clock clk rise edge)        0.000     0.000 r  <hidden>
                                                      0.000     0.000 r  clk
                         net (fo=27477, unset)        0.537     0.537    u_array/g_pe[71].u_pe/clk
    SLICE_X328Y264       FDRE                                         r  u_array/g_pe[71].u_pe/H_curr_reg_reg[9]/C
  -------------------------------------------------------------------    -------------------
    SLICE_X328Y264       FDRE (Prop_fdre_C_Q)         0.259     0.796 r  u_array/g_pe[71].u_pe/H_curr_reg_reg[9]/Q
                         net (fo=8, routed)           0.380     1.176    u_array/g_pe[71].u_pe/H_curr_reg_reg[15]_1[9]
    SLICE_X334Y264       LUT2 (Prop_lut2_I1_O)        0.043     1.219 r  u_array/g_pe[71].u_pe/pr_h[4][9]_i_17/O
                         net (fo=5, routed)           0.458     1.677    u_array/g_pe[70].u_pe/s1_h[0][71]_1[9]
    SLICE_X336Y264       LUT5 (Prop_lut5_I4_O)        0.043     1.720 r  u_array/g_pe[70].u_pe/pr_j[4][2]_i_170/O
                         net (fo=1, routed)           0.000     1.720    u_array/g_pe[70].u_pe/pr_j[4][2]_i_170_n_0
    SLICE_X336Y264       CARRY4 (Prop_carry4_S[0]_CO[3])
                                                      0.246     1.966 r  u_array/g_pe[70].u_pe/pr_j_reg[4][2]_i_85/CO[3]
                         net (fo=77, routed)          0.552     2.518    u_array/g_pe[70].u_pe/pr_j_reg[4][2]_i_85_n_0
    SLICE_X334Y265       LUT4 (Prop_lut4_I3_O)        0.043     2.561 f  u_array/g_pe[70].u_pe/pr_j[4][2]_i_174/O
                         net (fo=4, routed)           0.382     2.944    u_array/g_pe[70].u_pe/u_tracker/s1_h[1][35][1]
    SLICE_X337Y267       LUT6 (Prop_lut6_I4_O)        0.043     2.987 r  u_array/g_pe[70].u_pe/pr_j[4][2]_i_113/O
                         net (fo=1, routed)           0.352     3.339    u_array/g_pe[70].u_pe/pr_j[4][2]_i_113_n_0
    SLICE_X337Y264       CARRY4 (Prop_carry4_DI[0]_CO[3])
                                                      0.269     3.608 r  u_array/g_pe[70].u_pe/pr_j_reg[4][2]_i_58/CO[3]
                         net (fo=1, routed)           0.000     3.608    u_array/g_pe[70].u_pe/pr_j_reg[4][2]_i_58_n_0
    SLICE_X337Y265       CARRY4 (Prop_carry4_CI_CO[3])
                                                      0.053     3.661 r  u_array/g_pe[70].u_pe/pr_j_reg[4][2]_i_19/CO[3]
                         net (fo=22, routed)          0.510     4.171    u_array/g_pe[70].u_pe/pr_j[4][2]_i_66_0[0]
    SLICE_X338Y266       LUT6 (Prop_lut6_I3_O)        0.043     4.214 f  u_array/g_pe[70].u_pe/pr_h[4][3]_i_10/O
                         net (fo=1, routed)           0.000     4.214    u_array/g_pe[70].u_pe/pr_h[4][3]_i_10_n_0
    SLICE_X338Y266       MUXF7 (Prop_muxf7_I1_O)      0.108     4.322 f  u_array/g_pe[70].u_pe/pr_h_reg[4][3]_i_6/O
                         net (fo=5, routed)           0.335     4.657    u_array/g_pe[65].u_pe/pr_h_reg[4][3]
    SLICE_X341Y265       LUT6 (Prop_lut6_I4_O)        0.124     4.781 r  u_array/g_pe[65].u_pe/pr_j[4][1]_i_19/O
                         net (fo=1, routed)           0.384     5.165    u_array/g_pe[65].u_pe/pr_j[4][1]_i_19_n_0
    SLICE_X342Y263       CARRY4 (Prop_carry4_DI[1]_CO[3])
                                                      0.250     5.415 r  u_array/g_pe[65].u_pe/pr_j_reg[4][1]_i_8/CO[3]
                         net (fo=1, routed)           0.000     5.415    u_array/g_pe[65].u_pe/pr_j_reg[4][1]_i_8_n_0
    SLICE_X342Y264       CARRY4 (Prop_carry4_CI_CO[3])
                                                      0.053     5.468 r  u_array/g_pe[65].u_pe/pr_j_reg[4][1]_i_4/CO[3]
                         net (fo=25, routed)          0.695     6.163    u_array/g_pe[65].u_pe/pr_j[4][1]_i_16_0[0]
    SLICE_X347Y266       LUT6 (Prop_lut6_I1_O)        0.043     6.206 r  u_array/g_pe[65].u_pe/pr_h[4][12]_i_4/O
                         net (fo=3, routed)           0.452     6.659    u_array/g_pe[72].u_pe/pr_h_reg[4][12]_1
    SLICE_X345Y263       LUT6 (Prop_lut6_I3_O)        0.043     6.702 r  u_array/g_pe[72].u_pe/pr_j[4][6]_i_21/O
                         net (fo=1, routed)           0.330     7.032    u_array/g_pe[72].u_pe/pr_j[4][6]_i_21_n_0
    SLICE_X344Y263       CARRY4 (Prop_carry4_DI[2]_CO[3])
                                                      0.202     7.234 r  u_array/g_pe[72].u_pe/pr_j_reg[4][6]_i_5/CO[3]
                         net (fo=27, routed)          0.575     7.809    u_array/g_pe[72].u_pe/pr_j[4][6]_i_27_0[0]
    SLICE_X346Y261       MUXF7 (Prop_muxf7_S_O)       0.147     7.956 r  u_array/g_pe[72].u_pe/pr_i_reg[4][3]_i_6/O
                         net (fo=1, routed)           0.284     8.240    u_tracker/p_5_in[1]
    SLICE_X347Y257       LUT2 (Prop_lut2_I1_O)        0.124     8.364 r  u_tracker/pr_i[4][3]_i_4/O
                         net (fo=1, routed)           0.000     8.364    u_tracker/pr_i[4][3]_i_4_n_0
    SLICE_X347Y257       CARRY4 (Prop_carry4_S[1]_CO[3])
                                                      0.267     8.631 r  u_tracker/pr_i_reg[4][3]_i_1/CO[3]
                         net (fo=1, routed)           0.000     8.631    u_tracker/pr_i_reg[4][3]_i_1_n_0
    SLICE_X347Y258       CARRY4 (Prop_carry4_CI_CO[3])
                                                      0.053     8.684 r  u_tracker/pr_i_reg[4][7]_i_1/CO[3]
                         net (fo=1, routed)           0.000     8.684    u_tracker/pr_i_reg[4][7]_i_1_n_0
    SLICE_X347Y259       CARRY4 (Prop_carry4_CI_O[3])
                                                      0.149     8.833 r  u_tracker/pr_i_reg[4][11]_i_1/O[3]
                         net (fo=1, routed)           0.000     8.833    u_tracker/s1_i6_out[11]
    SLICE_X347Y259       FDRE                                         r  u_tracker/pr_i_reg[4][11]/D
  -------------------------------------------------------------------    -------------------

                         (clock clk rise edge)        5.000     5.000 r  <hidden>
                                                      0.000     5.000 r  clk
                         net (fo=27477, unset)        0.510     5.510    u_tracker/clk
    SLICE_X347Y259       FDRE                                         r  u_tracker/pr_i_reg[4][11]/C
                         clock pessimism              0.000     5.510    <hidden>
                         clock uncertainty           -0.035     5.475    <hidden>
    SLICE_X347Y259       FDRE (Setup_fdre_C_D)        0.049     5.524    u_tracker/pr_i_reg[4][11]
  -------------------------------------------------------------------
                         required time                          5.524    <hidden>
                         arrival time                          -8.833    <hidden>
  -------------------------------------------------------------------
                         slack                                 -3.310    <hidden>

Slack (VIOLATED) :        -3.307ns  (required time - arrival time)
  Source:                 u_array/g_pe[150].u_pe/active_q_reg/C
                            (rising edge-triggered cell FDRE clocked by clk  {rise@0.000ns fall@2.500ns period=5.000ns})
  Destination:            u_tracker/pr_i_reg[9][12]/R
                            (rising edge-triggered cell FDRE clocked by clk  {rise@0.000ns fall@2.500ns period=5.000ns})
  Path Group:             clk
  Path Type:              Setup (Max at Slow Process Corner)
  Requirement:            5.000ns  (clk rise@5.000ns - clk rise@0.000ns)
  Data Path Delay:        7.963ns  (logic 1.814ns (22.779%)  route 6.149ns (77.221%))
  Logic Levels:           16  (CARRY4=5 LUT2=1 LUT3=1 LUT4=1 LUT5=3 LUT6=5)
  Clock Path Skew:        -0.027ns (DCD - SCD + CPR)
    Destination Clock Delay (DCD):    0.510ns = ( 5.510 - 5.000 ) 
    Source Clock Delay      (SCD):    0.537ns
    Clock Pessimism Removal (CPR):    0.000ns
  Clock Uncertainty:      0.035ns  ((TSJ^2 + TIJ^2)^1/2 + DJ) / 2 + PE
    Total System Jitter     (TSJ):    0.071ns
    Total Input Jitter      (TIJ):    0.000ns
    Discrete Jitter          (DJ):    0.000ns
    Phase Error              (PE):    0.000ns

    Location             Delay type                Incr(ns)  Path(ns)    Netlist Resource(s)
  -------------------------------------------------------------------    -------------------
                         (clock clk rise edge)        0.000     0.000 r  <hidden>
                                                      0.000     0.000 r  clk
                         net (fo=27477, unset)        0.537     0.537    u_array/g_pe[150].u_pe/clk
    SLICE_X417Y173       FDRE                                         r  u_array/g_pe[150].u_pe/active_q_reg/C
  -------------------------------------------------------------------    -------------------
    SLICE_X417Y173       FDRE (Prop_fdre_C_Q)         0.223     0.760 r  u_array/g_pe[150].u_pe/active_q_reg/Q
                         net (fo=115, routed)         0.727     1.487    u_array/g_pe[150].u_pe/active_q_reg_0
    SLICE_X414Y174       LUT6 (Prop_lut6_I1_O)        0.043     1.530 r  u_array/g_pe[150].u_pe/pr_j[9][7]_i_141/O
                         net (fo=1, routed)           0.330     1.860    u_array/g_pe[150].u_pe/pr_j[9][7]_i_141_n_0
    SLICE_X415Y174       CARRY4 (Prop_carry4_DI[2]_CO[3])
                                                      0.197     2.057 r  u_array/g_pe[150].u_pe/pr_j_reg[9][7]_i_60/CO[3]
                         net (fo=36, routed)          0.649     2.706    u_array/g_pe[150].u_pe/active_q_reg_2[0]
    SLICE_X416Y174       LUT5 (Prop_lut5_I2_O)        0.046     2.752 r  u_array/g_pe[150].u_pe/pr_j[9][7]_i_217/O
                         net (fo=5, routed)           0.447     3.199    u_array/g_pe[149].u_pe/pr_j[9][2]_i_39
    SLICE_X417Y175       LUT5 (Prop_lut5_I0_O)        0.132     3.331 r  u_array/g_pe[149].u_pe/pr_j[9][7]_i_203/O
                         net (fo=1, routed)           0.000     3.331    u_array/g_pe[149].u_pe/pr_j[9][7]_i_203_n_0
    SLICE_X417Y175       CARRY4 (Prop_carry4_S[1]_CO[3])
                                                      0.267     3.598 r  u_array/g_pe[149].u_pe/pr_j_reg[9][7]_i_130/CO[3]
                         net (fo=1, routed)           0.000     3.598    u_array/g_pe[149].u_pe/pr_j_reg[9][7]_i_130_n_0
    SLICE_X417Y176       CARRY4 (Prop_carry4_CI_CO[3])
                                                      0.053     3.651 r  u_array/g_pe[149].u_pe/pr_j_reg[9][7]_i_59/CO[3]
                         net (fo=38, routed)          0.558     4.209    u_array/g_pe[149].u_pe/active_q_reg_1[0]
    SLICE_X421Y175       LUT3 (Prop_lut3_I0_O)        0.043     4.252 f  u_array/g_pe[149].u_pe/pr_j[9][2]_i_75/O
                         net (fo=15, routed)          0.531     4.783    u_array/g_pe[149].u_pe/pr_j[9][2]_i_75_n_0
    SLICE_X420Y177       LUT6 (Prop_lut6_I3_O)        0.043     4.826 r  u_array/g_pe[149].u_pe/pr_j[9][2]_i_46/O
                         net (fo=4, routed)           0.331     5.157    u_array/g_pe[146].u_pe/pr_j_reg[9][2]_i_4_2
    SLICE_X420Y176       LUT4 (Prop_lut4_I3_O)        0.043     5.200 r  u_array/g_pe[146].u_pe/pr_j[9][2]_i_31/O
                         net (fo=1, routed)           0.000     5.200    u_array/g_pe[149].u_pe/pr_j_reg[9][2]_1[1]
    SLICE_X420Y176       CARRY4 (Prop_carry4_S[1]_CO[3])
                                                      0.256     5.456 r  u_array/g_pe[149].u_pe/pr_j_reg[9][2]_i_4/CO[3]
                         net (fo=7, routed)           0.495     5.951    u_array/g_pe[149].u_pe/pr_j[9][2]_i_32[0]
    SLICE_X421Y176       LUT2 (Prop_lut2_I0_O)        0.043     5.994 r  u_array/g_pe[149].u_pe/pr_h[9][15]_i_7/O
                         net (fo=18, routed)          0.253     6.247    u_array/g_pe[146].u_pe/pr_h_reg[9][1]_0
    SLICE_X420Y177       LUT6 (Prop_lut6_I3_O)        0.043     6.290 r  u_array/g_pe[146].u_pe/pr_h[9][11]_i_2/O
                         net (fo=3, routed)           0.418     6.707    u_array/g_pe[157].u_pe/pr_h_reg[9][11]_0
    SLICE_X419Y178       LUT6 (Prop_lut6_I0_O)        0.043     6.750 r  u_array/g_pe[157].u_pe/pr_j[9][3]_i_8/O
                         net (fo=1, routed)           0.290     7.041    u_array/g_pe[157].u_pe/pr_j[9][3]_i_8_n_0
    SLICE_X420Y179       CARRY4 (Prop_carry4_DI[1]_CO[3])
                                                      0.253     7.294 r  u_array/g_pe[157].u_pe/pr_j_reg[9][3]_i_2/CO[3]
                         net (fo=32, routed)          0.444     7.738    u_array/g_pe[157].u_pe/pr_j[9][3]_i_13[0]
    SLICE_X415Y179       LUT5 (Prop_lut5_I0_O)        0.043     7.781 f  u_array/g_pe[157].u_pe/pr_j[9][7]_i_4/O
                         net (fo=2, routed)           0.353     8.133    u_array/g_pe[149].u_pe/pr_i_reg[9][0]_2
    SLICE_X414Y180       LUT6 (Prop_lut6_I4_O)        0.043     8.176 r  u_array/g_pe[149].u_pe/pr_i[9][15]_i_1/O
                         net (fo=16, routed)          0.324     8.500    u_tracker/pr_i_reg[9][0]_0[0]
    SLICE_X412Y182       FDRE                                         r  u_tracker/pr_i_reg[9][12]/R
  -------------------------------------------------------------------    -------------------

                         (clock clk rise edge)        5.000     5.000 r  <hidden>
                                                      0.000     5.000 r  clk
                         net (fo=27477, unset)        0.510     5.510    u_tracker/clk
    SLICE_X412Y182       FDRE                                         r  u_tracker/pr_i_reg[9][12]/C
                         clock pessimism              0.000     5.510    <hidden>
                         clock uncertainty           -0.035     5.475    <hidden>
    SLICE_X412Y182       FDRE (Setup_fdre_C_R)       -0.281     5.194    u_tracker/pr_i_reg[9][12]
  -------------------------------------------------------------------
                         required time                          5.194    <hidden>
                         arrival time                          -8.500    <hidden>
  -------------------------------------------------------------------
                         slack                                 -3.307    <hidden>

Slack (VIOLATED) :        -3.307ns  (required time - arrival time)
  Source:                 u_array/g_pe[150].u_pe/active_q_reg/C
                            (rising edge-triggered cell FDRE clocked by clk  {rise@0.000ns fall@2.500ns period=5.000ns})
  Destination:            u_tracker/pr_i_reg[9][13]/R
                            (rising edge-triggered cell FDRE clocked by clk  {rise@0.000ns fall@2.500ns period=5.000ns})
  Path Group:             clk
  Path Type:              Setup (Max at Slow Process Corner)
  Requirement:            5.000ns  (clk rise@5.000ns - clk rise@0.000ns)
  Data Path Delay:        7.963ns  (logic 1.814ns (22.779%)  route 6.149ns (77.221%))
  Logic Levels:           16  (CARRY4=5 LUT2=1 LUT3=1 LUT4=1 LUT5=3 LUT6=5)
  Clock Path Skew:        -0.027ns (DCD - SCD + CPR)
    Destination Clock Delay (DCD):    0.510ns = ( 5.510 - 5.000 ) 
    Source Clock Delay      (SCD):    0.537ns
    Clock Pessimism Removal (CPR):    0.000ns
  Clock Uncertainty:      0.035ns  ((TSJ^2 + TIJ^2)^1/2 + DJ) / 2 + PE
    Total System Jitter     (TSJ):    0.071ns
    Total Input Jitter      (TIJ):    0.000ns
    Discrete Jitter          (DJ):    0.000ns
    Phase Error              (PE):    0.000ns

    Location             Delay type                Incr(ns)  Path(ns)    Netlist Resource(s)
  -------------------------------------------------------------------    -------------------
                         (clock clk rise edge)        0.000     0.000 r  <hidden>
                                                      0.000     0.000 r  clk
                         net (fo=27477, unset)        0.537     0.537    u_array/g_pe[150].u_pe/clk
    SLICE_X417Y173       FDRE                                         r  u_array/g_pe[150].u_pe/active_q_reg/C
  -------------------------------------------------------------------    -------------------
    SLICE_X417Y173       FDRE (Prop_fdre_C_Q)         0.223     0.760 r  u_array/g_pe[150].u_pe/active_q_reg/Q
                         net (fo=115, routed)         0.727     1.487    u_array/g_pe[150].u_pe/active_q_reg_0
    SLICE_X414Y174       LUT6 (Prop_lut6_I1_O)        0.043     1.530 r  u_array/g_pe[150].u_pe/pr_j[9][7]_i_141/O
                         net (fo=1, routed)           0.330     1.860    u_array/g_pe[150].u_pe/pr_j[9][7]_i_141_n_0
    SLICE_X415Y174       CARRY4 (Prop_carry4_DI[2]_CO[3])
                                                      0.197     2.057 r  u_array/g_pe[150].u_pe/pr_j_reg[9][7]_i_60/CO[3]
                         net (fo=36, routed)          0.649     2.706    u_array/g_pe[150].u_pe/active_q_reg_2[0]
    SLICE_X416Y174       LUT5 (Prop_lut5_I2_O)        0.046     2.752 r  u_array/g_pe[150].u_pe/pr_j[9][7]_i_217/O
                         net (fo=5, routed)           0.447     3.199    u_array/g_pe[149].u_pe/pr_j[9][2]_i_39
    SLICE_X417Y175       LUT5 (Prop_lut5_I0_O)        0.132     3.331 r  u_array/g_pe[149].u_pe/pr_j[9][7]_i_203/O
                         net (fo=1, routed)           0.000     3.331    u_array/g_pe[149].u_pe/pr_j[9][7]_i_203_n_0
    SLICE_X417Y175       CARRY4 (Prop_carry4_S[1]_CO[3])
                                                      0.267     3.598 r  u_array/g_pe[149].u_pe/pr_j_reg[9][7]_i_130/CO[3]
                         net (fo=1, routed)           0.000     3.598    u_array/g_pe[149].u_pe/pr_j_reg[9][7]_i_130_n_0
    SLICE_X417Y176       CARRY4 (Prop_carry4_CI_CO[3])
                                                      0.053     3.651 r  u_array/g_pe[149].u_pe/pr_j_reg[9][7]_i_59/CO[3]
                         net (fo=38, routed)          0.558     4.209    u_array/g_pe[149].u_pe/active_q_reg_1[0]
    SLICE_X421Y175       LUT3 (Prop_lut3_I0_O)        0.043     4.252 f  u_array/g_pe[149].u_pe/pr_j[9][2]_i_75/O
                         net (fo=15, routed)          0.531     4.783    u_array/g_pe[149].u_pe/pr_j[9][2]_i_75_n_0
    SLICE_X420Y177       LUT6 (Prop_lut6_I3_O)        0.043     4.826 r  u_array/g_pe[149].u_pe/pr_j[9][2]_i_46/O
                         net (fo=4, routed)           0.331     5.157    u_array/g_pe[146].u_pe/pr_j_reg[9][2]_i_4_2
    SLICE_X420Y176       LUT4 (Prop_lut4_I3_O)        0.043     5.200 r  u_array/g_pe[146].u_pe/pr_j[9][2]_i_31/O
                         net (fo=1, routed)           0.000     5.200    u_array/g_pe[149].u_pe/pr_j_reg[9][2]_1[1]
    SLICE_X420Y176       CARRY4 (Prop_carry4_S[1]_CO[3])
                                                      0.256     5.456 r  u_array/g_pe[149].u_pe/pr_j_reg[9][2]_i_4/CO[3]
                         net (fo=7, routed)           0.495     5.951    u_array/g_pe[149].u_pe/pr_j[9][2]_i_32[0]
    SLICE_X421Y176       LUT2 (Prop_lut2_I0_O)        0.043     5.994 r  u_array/g_pe[149].u_pe/pr_h[9][15]_i_7/O
                         net (fo=18, routed)          0.253     6.247    u_array/g_pe[146].u_pe/pr_h_reg[9][1]_0
    SLICE_X420Y177       LUT6 (Prop_lut6_I3_O)        0.043     6.290 r  u_array/g_pe[146].u_pe/pr_h[9][11]_i_2/O
                         net (fo=3, routed)           0.418     6.707    u_array/g_pe[157].u_pe/pr_h_reg[9][11]_0
    SLICE_X419Y178       LUT6 (Prop_lut6_I0_O)        0.043     6.750 r  u_array/g_pe[157].u_pe/pr_j[9][3]_i_8/O
                         net (fo=1, routed)           0.290     7.041    u_array/g_pe[157].u_pe/pr_j[9][3]_i_8_n_0
    SLICE_X420Y179       CARRY4 (Prop_carry4_DI[1]_CO[3])
                                                      0.253     7.294 r  u_array/g_pe[157].u_pe/pr_j_reg[9][3]_i_2/CO[3]
                         net (fo=32, routed)          0.444     7.738    u_array/g_pe[157].u_pe/pr_j[9][3]_i_13[0]
    SLICE_X415Y179       LUT5 (Prop_lut5_I0_O)        0.043     7.781 f  u_array/g_pe[157].u_pe/pr_j[9][7]_i_4/O
                         net (fo=2, routed)           0.353     8.133    u_array/g_pe[149].u_pe/pr_i_reg[9][0]_2
    SLICE_X414Y180       LUT6 (Prop_lut6_I4_O)        0.043     8.176 r  u_array/g_pe[149].u_pe/pr_i[9][15]_i_1/O
                         net (fo=16, routed)          0.324     8.500    u_tracker/pr_i_reg[9][0]_0[0]
    SLICE_X412Y182       FDRE                                         r  u_tracker/pr_i_reg[9][13]/R
  -------------------------------------------------------------------    -------------------

                         (clock clk rise edge)        5.000     5.000 r  <hidden>
                                                      0.000     5.000 r  clk
                         net (fo=27477, unset)        0.510     5.510    u_tracker/clk
    SLICE_X412Y182       FDRE                                         r  u_tracker/pr_i_reg[9][13]/C
                         clock pessimism              0.000     5.510    <hidden>
                         clock uncertainty           -0.035     5.475    <hidden>
    SLICE_X412Y182       FDRE (Setup_fdre_C_R)       -0.281     5.194    u_tracker/pr_i_reg[9][13]
  -------------------------------------------------------------------
                         required time                          5.194    <hidden>
                         arrival time                          -8.500    <hidden>
  -------------------------------------------------------------------
                         slack                                 -3.307    <hidden>

Slack (VIOLATED) :        -3.307ns  (required time - arrival time)
  Source:                 u_array/g_pe[150].u_pe/active_q_reg/C
                            (rising edge-triggered cell FDRE clocked by clk  {rise@0.000ns fall@2.500ns period=5.000ns})
  Destination:            u_tracker/pr_i_reg[9][14]/R
                            (rising edge-triggered cell FDRE clocked by clk  {rise@0.000ns fall@2.500ns period=5.000ns})
  Path Group:             clk
  Path Type:              Setup (Max at Slow Process Corner)
  Requirement:            5.000ns  (clk rise@5.000ns - clk rise@0.000ns)
  Data Path Delay:        7.963ns  (logic 1.814ns (22.779%)  route 6.149ns (77.221%))
  Logic Levels:           16  (CARRY4=5 LUT2=1 LUT3=1 LUT4=1 LUT5=3 LUT6=5)
  Clock Path Skew:        -0.027ns (DCD - SCD + CPR)
    Destination Clock Delay (DCD):    0.510ns = ( 5.510 - 5.000 ) 
    Source Clock Delay      (SCD):    0.537ns
    Clock Pessimism Removal (CPR):    0.000ns
  Clock Uncertainty:      0.035ns  ((TSJ^2 + TIJ^2)^1/2 + DJ) / 2 + PE
    Total System Jitter     (TSJ):    0.071ns
    Total Input Jitter      (TIJ):    0.000ns
    Discrete Jitter          (DJ):    0.000ns
    Phase Error              (PE):    0.000ns

    Location             Delay type                Incr(ns)  Path(ns)    Netlist Resource(s)
  -------------------------------------------------------------------    -------------------
                         (clock clk rise edge)        0.000     0.000 r  <hidden>
                                                      0.000     0.000 r  clk
                         net (fo=27477, unset)        0.537     0.537    u_array/g_pe[150].u_pe/clk
    SLICE_X417Y173       FDRE                                         r  u_array/g_pe[150].u_pe/active_q_reg/C
  -------------------------------------------------------------------    -------------------
    SLICE_X417Y173       FDRE (Prop_fdre_C_Q)         0.223     0.760 r  u_array/g_pe[150].u_pe/active_q_reg/Q
                         net (fo=115, routed)         0.727     1.487    u_array/g_pe[150].u_pe/active_q_reg_0
    SLICE_X414Y174       LUT6 (Prop_lut6_I1_O)        0.043     1.530 r  u_array/g_pe[150].u_pe/pr_j[9][7]_i_141/O
                         net (fo=1, routed)           0.330     1.860    u_array/g_pe[150].u_pe/pr_j[9][7]_i_141_n_0
    SLICE_X415Y174       CARRY4 (Prop_carry4_DI[2]_CO[3])
                                                      0.197     2.057 r  u_array/g_pe[150].u_pe/pr_j_reg[9][7]_i_60/CO[3]
                         net (fo=36, routed)          0.649     2.706    u_array/g_pe[150].u_pe/active_q_reg_2[0]
    SLICE_X416Y174       LUT5 (Prop_lut5_I2_O)        0.046     2.752 r  u_array/g_pe[150].u_pe/pr_j[9][7]_i_217/O
                         net (fo=5, routed)           0.447     3.199    u_array/g_pe[149].u_pe/pr_j[9][2]_i_39
    SLICE_X417Y175       LUT5 (Prop_lut5_I0_O)        0.132     3.331 r  u_array/g_pe[149].u_pe/pr_j[9][7]_i_203/O
                         net (fo=1, routed)           0.000     3.331    u_array/g_pe[149].u_pe/pr_j[9][7]_i_203_n_0
    SLICE_X417Y175       CARRY4 (Prop_carry4_S[1]_CO[3])
                                                      0.267     3.598 r  u_array/g_pe[149].u_pe/pr_j_reg[9][7]_i_130/CO[3]
                         net (fo=1, routed)           0.000     3.598    u_array/g_pe[149].u_pe/pr_j_reg[9][7]_i_130_n_0
    SLICE_X417Y176       CARRY4 (Prop_carry4_CI_CO[3])
                                                      0.053     3.651 r  u_array/g_pe[149].u_pe/pr_j_reg[9][7]_i_59/CO[3]
                         net (fo=38, routed)          0.558     4.209    u_array/g_pe[149].u_pe/active_q_reg_1[0]
    SLICE_X421Y175       LUT3 (Prop_lut3_I0_O)        0.043     4.252 f  u_array/g_pe[149].u_pe/pr_j[9][2]_i_75/O
                         net (fo=15, routed)          0.531     4.783    u_array/g_pe[149].u_pe/pr_j[9][2]_i_75_n_0
    SLICE_X420Y177       LUT6 (Prop_lut6_I3_O)        0.043     4.826 r  u_array/g_pe[149].u_pe/pr_j[9][2]_i_46/O
                         net (fo=4, routed)           0.331     5.157    u_array/g_pe[146].u_pe/pr_j_reg[9][2]_i_4_2
    SLICE_X420Y176       LUT4 (Prop_lut4_I3_O)        0.043     5.200 r  u_array/g_pe[146].u_pe/pr_j[9][2]_i_31/O
                         net (fo=1, routed)           0.000     5.200    u_array/g_pe[149].u_pe/pr_j_reg[9][2]_1[1]
    SLICE_X420Y176       CARRY4 (Prop_carry4_S[1]_CO[3])
                                                      0.256     5.456 r  u_array/g_pe[149].u_pe/pr_j_reg[9][2]_i_4/CO[3]
                         net (fo=7, routed)           0.495     5.951    u_array/g_pe[149].u_pe/pr_j[9][2]_i_32[0]
    SLICE_X421Y176       LUT2 (Prop_lut2_I0_O)        0.043     5.994 r  u_array/g_pe[149].u_pe/pr_h[9][15]_i_7/O
                         net (fo=18, routed)          0.253     6.247    u_array/g_pe[146].u_pe/pr_h_reg[9][1]_0
    SLICE_X420Y177       LUT6 (Prop_lut6_I3_O)        0.043     6.290 r  u_array/g_pe[146].u_pe/pr_h[9][11]_i_2/O
                         net (fo=3, routed)           0.418     6.707    u_array/g_pe[157].u_pe/pr_h_reg[9][11]_0
    SLICE_X419Y178       LUT6 (Prop_lut6_I0_O)        0.043     6.750 r  u_array/g_pe[157].u_pe/pr_j[9][3]_i_8/O
                         net (fo=1, routed)           0.290     7.041    u_array/g_pe[157].u_pe/pr_j[9][3]_i_8_n_0
    SLICE_X420Y179       CARRY4 (Prop_carry4_DI[1]_CO[3])
                                                      0.253     7.294 r  u_array/g_pe[157].u_pe/pr_j_reg[9][3]_i_2/CO[3]
                         net (fo=32, routed)          0.444     7.738    u_array/g_pe[157].u_pe/pr_j[9][3]_i_13[0]
    SLICE_X415Y179       LUT5 (Prop_lut5_I0_O)        0.043     7.781 f  u_array/g_pe[157].u_pe/pr_j[9][7]_i_4/O
                         net (fo=2, routed)           0.353     8.133    u_array/g_pe[149].u_pe/pr_i_reg[9][0]_2
    SLICE_X414Y180       LUT6 (Prop_lut6_I4_O)        0.043     8.176 r  u_array/g_pe[149].u_pe/pr_i[9][15]_i_1/O
                         net (fo=16, routed)          0.324     8.500    u_tracker/pr_i_reg[9][0]_0[0]
    SLICE_X412Y182       FDRE                                         r  u_tracker/pr_i_reg[9][14]/R
  -------------------------------------------------------------------    -------------------

                         (clock clk rise edge)        5.000     5.000 r  <hidden>
                                                      0.000     5.000 r  clk
                         net (fo=27477, unset)        0.510     5.510    u_tracker/clk
    SLICE_X412Y182       FDRE                                         r  u_tracker/pr_i_reg[9][14]/C
                         clock pessimism              0.000     5.510    <hidden>
                         clock uncertainty           -0.035     5.475    <hidden>
    SLICE_X412Y182       FDRE (Setup_fdre_C_R)       -0.281     5.194    u_tracker/pr_i_reg[9][14]
  -------------------------------------------------------------------
                         required time                          5.194    <hidden>
                         arrival time                          -8.500    <hidden>
  -------------------------------------------------------------------
                         slack                                 -3.307    <hidden>

Slack (VIOLATED) :        -3.307ns  (required time - arrival time)
  Source:                 u_array/g_pe[150].u_pe/active_q_reg/C
                            (rising edge-triggered cell FDRE clocked by clk  {rise@0.000ns fall@2.500ns period=5.000ns})
  Destination:            u_tracker/pr_i_reg[9][15]/R
                            (rising edge-triggered cell FDRE clocked by clk  {rise@0.000ns fall@2.500ns period=5.000ns})
  Path Group:             clk
  Path Type:              Setup (Max at Slow Process Corner)
  Requirement:            5.000ns  (clk rise@5.000ns - clk rise@0.000ns)
  Data Path Delay:        7.963ns  (logic 1.814ns (22.779%)  route 6.149ns (77.221%))
  Logic Levels:           16  (CARRY4=5 LUT2=1 LUT3=1 LUT4=1 LUT5=3 LUT6=5)
  Clock Path Skew:        -0.027ns (DCD - SCD + CPR)
    Destination Clock Delay (DCD):    0.510ns = ( 5.510 - 5.000 ) 
    Source Clock Delay      (SCD):    0.537ns
    Clock Pessimism Removal (CPR):    0.000ns
  Clock Uncertainty:      0.035ns  ((TSJ^2 + TIJ^2)^1/2 + DJ) / 2 + PE
    Total System Jitter     (TSJ):    0.071ns
    Total Input Jitter      (TIJ):    0.000ns
    Discrete Jitter          (DJ):    0.000ns
    Phase Error              (PE):    0.000ns

    Location             Delay type                Incr(ns)  Path(ns)    Netlist Resource(s)
  -------------------------------------------------------------------    -------------------
                         (clock clk rise edge)        0.000     0.000 r  <hidden>
                                                      0.000     0.000 r  clk
                         net (fo=27477, unset)        0.537     0.537    u_array/g_pe[150].u_pe/clk
    SLICE_X417Y173       FDRE                                         r  u_array/g_pe[150].u_pe/active_q_reg/C
  -------------------------------------------------------------------    -------------------
    SLICE_X417Y173       FDRE (Prop_fdre_C_Q)         0.223     0.760 r  u_array/g_pe[150].u_pe/active_q_reg/Q
                         net (fo=115, routed)         0.727     1.487    u_array/g_pe[150].u_pe/active_q_reg_0
    SLICE_X414Y174       LUT6 (Prop_lut6_I1_O)        0.043     1.530 r  u_array/g_pe[150].u_pe/pr_j[9][7]_i_141/O
                         net (fo=1, routed)           0.330     1.860    u_array/g_pe[150].u_pe/pr_j[9][7]_i_141_n_0
    SLICE_X415Y174       CARRY4 (Prop_carry4_DI[2]_CO[3])
                                                      0.197     2.057 r  u_array/g_pe[150].u_pe/pr_j_reg[9][7]_i_60/CO[3]
                         net (fo=36, routed)          0.649     2.706    u_array/g_pe[150].u_pe/active_q_reg_2[0]
    SLICE_X416Y174       LUT5 (Prop_lut5_I2_O)        0.046     2.752 r  u_array/g_pe[150].u_pe/pr_j[9][7]_i_217/O
                         net (fo=5, routed)           0.447     3.199    u_array/g_pe[149].u_pe/pr_j[9][2]_i_39
    SLICE_X417Y175       LUT5 (Prop_lut5_I0_O)        0.132     3.331 r  u_array/g_pe[149].u_pe/pr_j[9][7]_i_203/O
                         net (fo=1, routed)           0.000     3.331    u_array/g_pe[149].u_pe/pr_j[9][7]_i_203_n_0
    SLICE_X417Y175       CARRY4 (Prop_carry4_S[1]_CO[3])
                                                      0.267     3.598 r  u_array/g_pe[149].u_pe/pr_j_reg[9][7]_i_130/CO[3]
                         net (fo=1, routed)           0.000     3.598    u_array/g_pe[149].u_pe/pr_j_reg[9][7]_i_130_n_0
    SLICE_X417Y176       CARRY4 (Prop_carry4_CI_CO[3])
                                                      0.053     3.651 r  u_array/g_pe[149].u_pe/pr_j_reg[9][7]_i_59/CO[3]
                         net (fo=38, routed)          0.558     4.209    u_array/g_pe[149].u_pe/active_q_reg_1[0]
    SLICE_X421Y175       LUT3 (Prop_lut3_I0_O)        0.043     4.252 f  u_array/g_pe[149].u_pe/pr_j[9][2]_i_75/O
                         net (fo=15, routed)          0.531     4.783    u_array/g_pe[149].u_pe/pr_j[9][2]_i_75_n_0
    SLICE_X420Y177       LUT6 (Prop_lut6_I3_O)        0.043     4.826 r  u_array/g_pe[149].u_pe/pr_j[9][2]_i_46/O
                         net (fo=4, routed)           0.331     5.157    u_array/g_pe[146].u_pe/pr_j_reg[9][2]_i_4_2
    SLICE_X420Y176       LUT4 (Prop_lut4_I3_O)        0.043     5.200 r  u_array/g_pe[146].u_pe/pr_j[9][2]_i_31/O
                         net (fo=1, routed)           0.000     5.200    u_array/g_pe[149].u_pe/pr_j_reg[9][2]_1[1]
    SLICE_X420Y176       CARRY4 (Prop_carry4_S[1]_CO[3])
                                                      0.256     5.456 r  u_array/g_pe[149].u_pe/pr_j_reg[9][2]_i_4/CO[3]
                         net (fo=7, routed)           0.495     5.951    u_array/g_pe[149].u_pe/pr_j[9][2]_i_32[0]
    SLICE_X421Y176       LUT2 (Prop_lut2_I0_O)        0.043     5.994 r  u_array/g_pe[149].u_pe/pr_h[9][15]_i_7/O
                         net (fo=18, routed)          0.253     6.247    u_array/g_pe[146].u_pe/pr_h_reg[9][1]_0
    SLICE_X420Y177       LUT6 (Prop_lut6_I3_O)        0.043     6.290 r  u_array/g_pe[146].u_pe/pr_h[9][11]_i_2/O
                         net (fo=3, routed)           0.418     6.707    u_array/g_pe[157].u_pe/pr_h_reg[9][11]_0
    SLICE_X419Y178       LUT6 (Prop_lut6_I0_O)        0.043     6.750 r  u_array/g_pe[157].u_pe/pr_j[9][3]_i_8/O
                         net (fo=1, routed)           0.290     7.041    u_array/g_pe[157].u_pe/pr_j[9][3]_i_8_n_0
    SLICE_X420Y179       CARRY4 (Prop_carry4_DI[1]_CO[3])
                                                      0.253     7.294 r  u_array/g_pe[157].u_pe/pr_j_reg[9][3]_i_2/CO[3]
                         net (fo=32, routed)          0.444     7.738    u_array/g_pe[157].u_pe/pr_j[9][3]_i_13[0]
    SLICE_X415Y179       LUT5 (Prop_lut5_I0_O)        0.043     7.781 f  u_array/g_pe[157].u_pe/pr_j[9][7]_i_4/O
                         net (fo=2, routed)           0.353     8.133    u_array/g_pe[149].u_pe/pr_i_reg[9][0]_2
    SLICE_X414Y180       LUT6 (Prop_lut6_I4_O)        0.043     8.176 r  u_array/g_pe[149].u_pe/pr_i[9][15]_i_1/O
                         net (fo=16, routed)          0.324     8.500    u_tracker/pr_i_reg[9][0]_0[0]
    SLICE_X412Y182       FDRE                                         r  u_tracker/pr_i_reg[9][15]/R
  -------------------------------------------------------------------    -------------------

                         (clock clk rise edge)        5.000     5.000 r  <hidden>
                                                      0.000     5.000 r  clk
                         net (fo=27477, unset)        0.510     5.510    u_tracker/clk
    SLICE_X412Y182       FDRE                                         r  u_tracker/pr_i_reg[9][15]/C
                         clock pessimism              0.000     5.510    <hidden>
                         clock uncertainty           -0.035     5.475    <hidden>
    SLICE_X412Y182       FDRE (Setup_fdre_C_R)       -0.281     5.194    u_tracker/pr_i_reg[9][15]
  -------------------------------------------------------------------
                         required time                          5.194    <hidden>
                         arrival time                          -8.500    <hidden>
  -------------------------------------------------------------------
                         slack                                 -3.307    <hidden>

Slack (VIOLATED) :        -3.301ns  (required time - arrival time)
  Source:                 u_array/g_pe[150].u_pe/active_q_reg/C
                            (rising edge-triggered cell FDRE clocked by clk  {rise@0.000ns fall@2.500ns period=5.000ns})
  Destination:            u_tracker/pr_i_reg[9][13]/D
                            (rising edge-triggered cell FDRE clocked by clk  {rise@0.000ns fall@2.500ns period=5.000ns})
  Path Group:             clk
  Path Type:              Setup (Max at Slow Process Corner)
  Requirement:            5.000ns  (clk rise@5.000ns - clk rise@0.000ns)
  Data Path Delay:        8.315ns  (logic 2.386ns (28.696%)  route 5.929ns (71.304%))
  Logic Levels:           21  (CARRY4=9 LUT2=2 LUT3=1 LUT4=1 LUT5=2 LUT6=6)
  Clock Path Skew:        -0.027ns (DCD - SCD + CPR)
    Destination Clock Delay (DCD):    0.510ns = ( 5.510 - 5.000 ) 
    Source Clock Delay      (SCD):    0.537ns
    Clock Pessimism Removal (CPR):    0.000ns
  Clock Uncertainty:      0.035ns  ((TSJ^2 + TIJ^2)^1/2 + DJ) / 2 + PE
    Total System Jitter     (TSJ):    0.071ns
    Total Input Jitter      (TIJ):    0.000ns
    Discrete Jitter          (DJ):    0.000ns
    Phase Error              (PE):    0.000ns

    Location             Delay type                Incr(ns)  Path(ns)    Netlist Resource(s)
  -------------------------------------------------------------------    -------------------
                         (clock clk rise edge)        0.000     0.000 r  <hidden>
                                                      0.000     0.000 r  clk
                         net (fo=27477, unset)        0.537     0.537    u_array/g_pe[150].u_pe/clk
    SLICE_X417Y173       FDRE                                         r  u_array/g_pe[150].u_pe/active_q_reg/C
  -------------------------------------------------------------------    -------------------
    SLICE_X417Y173       FDRE (Prop_fdre_C_Q)         0.223     0.760 r  u_array/g_pe[150].u_pe/active_q_reg/Q
                         net (fo=115, routed)         0.727     1.487    u_array/g_pe[150].u_pe/active_q_reg_0
    SLICE_X414Y174       LUT6 (Prop_lut6_I1_O)        0.043     1.530 r  u_array/g_pe[150].u_pe/pr_j[9][7]_i_141/O
                         net (fo=1, routed)           0.330     1.860    u_array/g_pe[150].u_pe/pr_j[9][7]_i_141_n_0
    SLICE_X415Y174       CARRY4 (Prop_carry4_DI[2]_CO[3])
                                                      0.197     2.057 r  u_array/g_pe[150].u_pe/pr_j_reg[9][7]_i_60/CO[3]
                         net (fo=36, routed)          0.649     2.706    u_array/g_pe[150].u_pe/active_q_reg_2[0]
    SLICE_X416Y174       LUT5 (Prop_lut5_I2_O)        0.046     2.752 r  u_array/g_pe[150].u_pe/pr_j[9][7]_i_217/O
                         net (fo=5, routed)           0.447     3.199    u_array/g_pe[149].u_pe/pr_j[9][2]_i_39
    SLICE_X417Y175       LUT5 (Prop_lut5_I0_O)        0.132     3.331 r  u_array/g_pe[149].u_pe/pr_j[9][7]_i_203/O
                         net (fo=1, routed)           0.000     3.331    u_array/g_pe[149].u_pe/pr_j[9][7]_i_203_n_0
    SLICE_X417Y175       CARRY4 (Prop_carry4_S[1]_CO[3])
                                                      0.267     3.598 r  u_array/g_pe[149].u_pe/pr_j_reg[9][7]_i_130/CO[3]
                         net (fo=1, routed)           0.000     3.598    u_array/g_pe[149].u_pe/pr_j_reg[9][7]_i_130_n_0
    SLICE_X417Y176       CARRY4 (Prop_carry4_CI_CO[3])
                                                      0.053     3.651 r  u_array/g_pe[149].u_pe/pr_j_reg[9][7]_i_59/CO[3]
                         net (fo=38, routed)          0.558     4.209    u_array/g_pe[149].u_pe/active_q_reg_1[0]
    SLICE_X421Y175       LUT3 (Prop_lut3_I0_O)        0.043     4.252 f  u_array/g_pe[149].u_pe/pr_j[9][2]_i_75/O
                         net (fo=15, routed)          0.531     4.783    u_array/g_pe[149].u_pe/pr_j[9][2]_i_75_n_0
    SLICE_X420Y177       LUT6 (Prop_lut6_I3_O)        0.043     4.826 r  u_array/g_pe[149].u_pe/pr_j[9][2]_i_46/O
                         net (fo=4, routed)           0.331     5.157    u_array/g_pe[146].u_pe/pr_j_reg[9][2]_i_4_2
    SLICE_X420Y176       LUT4 (Prop_lut4_I3_O)        0.043     5.200 r  u_array/g_pe[146].u_pe/pr_j[9][2]_i_31/O
                         net (fo=1, routed)           0.000     5.200    u_array/g_pe[149].u_pe/pr_j_reg[9][2]_1[1]
    SLICE_X420Y176       CARRY4 (Prop_carry4_S[1]_CO[3])
                                                      0.256     5.456 r  u_array/g_pe[149].u_pe/pr_j_reg[9][2]_i_4/CO[3]
                         net (fo=7, routed)           0.495     5.951    u_array/g_pe[149].u_pe/pr_j[9][2]_i_32[0]
    SLICE_X421Y176       LUT2 (Prop_lut2_I0_O)        0.043     5.994 r  u_array/g_pe[149].u_pe/pr_h[9][15]_i_7/O
                         net (fo=18, routed)          0.253     6.247    u_array/g_pe[146].u_pe/pr_h_reg[9][1]_0
    SLICE_X420Y177       LUT6 (Prop_lut6_I3_O)        0.043     6.290 r  u_array/g_pe[146].u_pe/pr_h[9][11]_i_2/O
                         net (fo=3, routed)           0.418     6.707    u_array/g_pe[157].u_pe/pr_h_reg[9][11]_0
    SLICE_X419Y178       LUT6 (Prop_lut6_I0_O)        0.043     6.750 r  u_array/g_pe[157].u_pe/pr_j[9][3]_i_8/O
                         net (fo=1, routed)           0.290     7.041    u_array/g_pe[157].u_pe/pr_j[9][3]_i_8_n_0
    SLICE_X420Y179       CARRY4 (Prop_carry4_DI[1]_CO[3])
                                                      0.253     7.294 f  u_array/g_pe[157].u_pe/pr_j_reg[9][3]_i_2/CO[3]
                         net (fo=32, routed)          0.368     7.661    u_array/g_pe[157].u_pe/pr_j[9][3]_i_13[0]
    SLICE_X418Y178       LUT6 (Prop_lut6_I5_O)        0.043     7.704 r  u_array/g_pe[157].u_pe/pr_i[9][3]_i_8/O
                         net (fo=1, routed)           0.253     7.957    u_array/g_pe[149].u_pe/pr_i[9][3]_i_4
    SLICE_X416Y179       LUT6 (Prop_lut6_I5_O)        0.043     8.000 r  u_array/g_pe[149].u_pe/pr_i[9][3]_i_6/O
                         net (fo=1, routed)           0.280     8.280    u_tracker/p_15_in[1]
    SLICE_X412Y179       LUT2 (Prop_lut2_I1_O)        0.043     8.323 r  u_tracker/pr_i[9][3]_i_4/O
                         net (fo=1, routed)           0.000     8.323    u_tracker/pr_i[9][3]_i_4_n_0
    SLICE_X412Y179       CARRY4 (Prop_carry4_S[1]_CO[3])
                                                      0.256     8.579 r  u_tracker/pr_i_reg[9][3]_i_1/CO[3]
                         net (fo=1, routed)           0.000     8.579    u_tracker/pr_i_reg[9][3]_i_1_n_0
    SLICE_X412Y180       CARRY4 (Prop_carry4_CI_CO[3])
                                                      0.054     8.633 r  u_tracker/pr_i_reg[9][7]_i_1/CO[3]
                         net (fo=1, routed)           0.000     8.633    u_tracker/pr_i_reg[9][7]_i_1_n_0
    SLICE_X412Y181       CARRY4 (Prop_carry4_CI_CO[3])
                                                      0.054     8.687 r  u_tracker/pr_i_reg[9][11]_i_1/CO[3]
                         net (fo=1, routed)           0.000     8.687    u_tracker/pr_i_reg[9][11]_i_1_n_0
    SLICE_X412Y182       CARRY4 (Prop_carry4_CI_O[1])
                                                      0.165     8.852 r  u_tracker/pr_i_reg[9][15]_i_2/O[1]
                         net (fo=1, routed)           0.000     8.852    u_tracker/s1_i16_out[13]
    SLICE_X412Y182       FDRE                                         r  u_tracker/pr_i_reg[9][13]/D
  -------------------------------------------------------------------    -------------------

                         (clock clk rise edge)        5.000     5.000 r  <hidden>
                                                      0.000     5.000 r  clk
                         net (fo=27477, unset)        0.510     5.510    u_tracker/clk
    SLICE_X412Y182       FDRE                                         r  u_tracker/pr_i_reg[9][13]/C
                         clock pessimism              0.000     5.510    <hidden>
                         clock uncertainty           -0.035     5.475    <hidden>
    SLICE_X412Y182       FDRE (Setup_fdre_C_D)        0.076     5.551    u_tracker/pr_i_reg[9][13]
  -------------------------------------------------------------------
                         required time                          5.551    <hidden>
                         arrival time                          -8.852    <hidden>
  -------------------------------------------------------------------
                         slack                                 -3.301    <hidden>

Slack (VIOLATED) :        -3.300ns  (required time - arrival time)
  Source:                 u_array/g_pe[150].u_pe/active_q_reg/C
                            (rising edge-triggered cell FDRE clocked by clk  {rise@0.000ns fall@2.500ns period=5.000ns})
  Destination:            u_tracker/pr_i_reg[9][0]/R
                            (rising edge-triggered cell FDRE clocked by clk  {rise@0.000ns fall@2.500ns period=5.000ns})
  Path Group:             clk
  Path Type:              Setup (Max at Slow Process Corner)
  Requirement:            5.000ns  (clk rise@5.000ns - clk rise@0.000ns)
  Data Path Delay:        7.957ns  (logic 1.814ns (22.798%)  route 6.143ns (77.202%))
  Logic Levels:           16  (CARRY4=5 LUT2=1 LUT3=1 LUT4=1 LUT5=3 LUT6=5)
  Clock Path Skew:        -0.027ns (DCD - SCD + CPR)
    Destination Clock Delay (DCD):    0.510ns = ( 5.510 - 5.000 ) 
    Source Clock Delay      (SCD):    0.537ns
    Clock Pessimism Removal (CPR):    0.000ns
  Clock Uncertainty:      0.035ns  ((TSJ^2 + TIJ^2)^1/2 + DJ) / 2 + PE
    Total System Jitter     (TSJ):    0.071ns
    Total Input Jitter      (TIJ):    0.000ns
    Discrete Jitter          (DJ):    0.000ns
    Phase Error              (PE):    0.000ns

    Location             Delay type                Incr(ns)  Path(ns)    Netlist Resource(s)
  -------------------------------------------------------------------    -------------------
                         (clock clk rise edge)        0.000     0.000 r  <hidden>
                                                      0.000     0.000 r  clk
                         net (fo=27477, unset)        0.537     0.537    u_array/g_pe[150].u_pe/clk
    SLICE_X417Y173       FDRE                                         r  u_array/g_pe[150].u_pe/active_q_reg/C
  -------------------------------------------------------------------    -------------------
    SLICE_X417Y173       FDRE (Prop_fdre_C_Q)         0.223     0.760 r  u_array/g_pe[150].u_pe/active_q_reg/Q
                         net (fo=115, routed)         0.727     1.487    u_array/g_pe[150].u_pe/active_q_reg_0
    SLICE_X414Y174       LUT6 (Prop_lut6_I1_O)        0.043     1.530 r  u_array/g_pe[150].u_pe/pr_j[9][7]_i_141/O
                         net (fo=1, routed)           0.330     1.860    u_array/g_pe[150].u_pe/pr_j[9][7]_i_141_n_0
    SLICE_X415Y174       CARRY4 (Prop_carry4_DI[2]_CO[3])
                                                      0.197     2.057 r  u_array/g_pe[150].u_pe/pr_j_reg[9][7]_i_60/CO[3]
                         net (fo=36, routed)          0.649     2.706    u_array/g_pe[150].u_pe/active_q_reg_2[0]
    SLICE_X416Y174       LUT5 (Prop_lut5_I2_O)        0.046     2.752 r  u_array/g_pe[150].u_pe/pr_j[9][7]_i_217/O
                         net (fo=5, routed)           0.447     3.199    u_array/g_pe[149].u_pe/pr_j[9][2]_i_39
    SLICE_X417Y175       LUT5 (Prop_lut5_I0_O)        0.132     3.331 r  u_array/g_pe[149].u_pe/pr_j[9][7]_i_203/O
                         net (fo=1, routed)           0.000     3.331    u_array/g_pe[149].u_pe/pr_j[9][7]_i_203_n_0
    SLICE_X417Y175       CARRY4 (Prop_carry4_S[1]_CO[3])
                                                      0.267     3.598 r  u_array/g_pe[149].u_pe/pr_j_reg[9][7]_i_130/CO[3]
                         net (fo=1, routed)           0.000     3.598    u_array/g_pe[149].u_pe/pr_j_reg[9][7]_i_130_n_0
    SLICE_X417Y176       CARRY4 (Prop_carry4_CI_CO[3])
                                                      0.053     3.651 r  u_array/g_pe[149].u_pe/pr_j_reg[9][7]_i_59/CO[3]
                         net (fo=38, routed)          0.558     4.209    u_array/g_pe[149].u_pe/active_q_reg_1[0]
    SLICE_X421Y175       LUT3 (Prop_lut3_I0_O)        0.043     4.252 f  u_array/g_pe[149].u_pe/pr_j[9][2]_i_75/O
                         net (fo=15, routed)          0.531     4.783    u_array/g_pe[149].u_pe/pr_j[9][2]_i_75_n_0
    SLICE_X420Y177       LUT6 (Prop_lut6_I3_O)        0.043     4.826 r  u_array/g_pe[149].u_pe/pr_j[9][2]_i_46/O
                         net (fo=4, routed)           0.331     5.157    u_array/g_pe[146].u_pe/pr_j_reg[9][2]_i_4_2
    SLICE_X420Y176       LUT4 (Prop_lut4_I3_O)        0.043     5.200 r  u_array/g_pe[146].u_pe/pr_j[9][2]_i_31/O
                         net (fo=1, routed)           0.000     5.200    u_array/g_pe[149].u_pe/pr_j_reg[9][2]_1[1]
    SLICE_X420Y176       CARRY4 (Prop_carry4_S[1]_CO[3])
                                                      0.256     5.456 r  u_array/g_pe[149].u_pe/pr_j_reg[9][2]_i_4/CO[3]
                         net (fo=7, routed)           0.495     5.951    u_array/g_pe[149].u_pe/pr_j[9][2]_i_32[0]
    SLICE_X421Y176       LUT2 (Prop_lut2_I0_O)        0.043     5.994 r  u_array/g_pe[149].u_pe/pr_h[9][15]_i_7/O
                         net (fo=18, routed)          0.253     6.247    u_array/g_pe[146].u_pe/pr_h_reg[9][1]_0
    SLICE_X420Y177       LUT6 (Prop_lut6_I3_O)        0.043     6.290 r  u_array/g_pe[146].u_pe/pr_h[9][11]_i_2/O
                         net (fo=3, routed)           0.418     6.707    u_array/g_pe[157].u_pe/pr_h_reg[9][11]_0
    SLICE_X419Y178       LUT6 (Prop_lut6_I0_O)        0.043     6.750 r  u_array/g_pe[157].u_pe/pr_j[9][3]_i_8/O
                         net (fo=1, routed)           0.290     7.041    u_array/g_pe[157].u_pe/pr_j[9][3]_i_8_n_0
    SLICE_X420Y179       CARRY4 (Prop_carry4_DI[1]_CO[3])
                                                      0.253     7.294 r  u_array/g_pe[157].u_pe/pr_j_reg[9][3]_i_2/CO[3]
                         net (fo=32, routed)          0.444     7.738    u_array/g_pe[157].u_pe/pr_j[9][3]_i_13[0]
    SLICE_X415Y179       LUT5 (Prop_lut5_I0_O)        0.043     7.781 f  u_array/g_pe[157].u_pe/pr_j[9][7]_i_4/O
                         net (fo=2, routed)           0.353     8.133    u_array/g_pe[149].u_pe/pr_i_reg[9][0]_2
    SLICE_X414Y180       LUT6 (Prop_lut6_I4_O)        0.043     8.176 r  u_array/g_pe[149].u_pe/pr_i[9][15]_i_1/O
                         net (fo=16, routed)          0.317     8.494    u_tracker/pr_i_reg[9][0]_0[0]
    SLICE_X412Y179       FDRE                                         r  u_tracker/pr_i_reg[9][0]/R
  -------------------------------------------------------------------    -------------------

                         (clock clk rise edge)        5.000     5.000 r  <hidden>
                                                      0.000     5.000 r  clk
                         net (fo=27477, unset)        0.510     5.510    u_tracker/clk
    SLICE_X412Y179       FDRE                                         r  u_tracker/pr_i_reg[9][0]/C
                         clock pessimism              0.000     5.510    <hidden>
                         clock uncertainty           -0.035     5.475    <hidden>
    SLICE_X412Y179       FDRE (Setup_fdre_C_R)       -0.281     5.194    u_tracker/pr_i_reg[9][0]
  -------------------------------------------------------------------
                         required time                          5.194    <hidden>
                         arrival time                          -8.494    <hidden>
  -------------------------------------------------------------------
                         slack                                 -3.300    <hidden>

Slack (VIOLATED) :        -3.300ns  (required time - arrival time)
  Source:                 u_array/g_pe[150].u_pe/active_q_reg/C
                            (rising edge-triggered cell FDRE clocked by clk  {rise@0.000ns fall@2.500ns period=5.000ns})
  Destination:            u_tracker/pr_i_reg[9][1]/R
                            (rising edge-triggered cell FDRE clocked by clk  {rise@0.000ns fall@2.500ns period=5.000ns})
  Path Group:             clk
  Path Type:              Setup (Max at Slow Process Corner)
  Requirement:            5.000ns  (clk rise@5.000ns - clk rise@0.000ns)
  Data Path Delay:        7.957ns  (logic 1.814ns (22.798%)  route 6.143ns (77.202%))
  Logic Levels:           16  (CARRY4=5 LUT2=1 LUT3=1 LUT4=1 LUT5=3 LUT6=5)
  Clock Path Skew:        -0.027ns (DCD - SCD + CPR)
    Destination Clock Delay (DCD):    0.510ns = ( 5.510 - 5.000 ) 
    Source Clock Delay      (SCD):    0.537ns
    Clock Pessimism Removal (CPR):    0.000ns
  Clock Uncertainty:      0.035ns  ((TSJ^2 + TIJ^2)^1/2 + DJ) / 2 + PE
    Total System Jitter     (TSJ):    0.071ns
    Total Input Jitter      (TIJ):    0.000ns
    Discrete Jitter          (DJ):    0.000ns
    Phase Error              (PE):    0.000ns

    Location             Delay type                Incr(ns)  Path(ns)    Netlist Resource(s)
  -------------------------------------------------------------------    -------------------
                         (clock clk rise edge)        0.000     0.000 r  <hidden>
                                                      0.000     0.000 r  clk
                         net (fo=27477, unset)        0.537     0.537    u_array/g_pe[150].u_pe/clk
    SLICE_X417Y173       FDRE                                         r  u_array/g_pe[150].u_pe/active_q_reg/C
  -------------------------------------------------------------------    -------------------
    SLICE_X417Y173       FDRE (Prop_fdre_C_Q)         0.223     0.760 r  u_array/g_pe[150].u_pe/active_q_reg/Q
                         net (fo=115, routed)         0.727     1.487    u_array/g_pe[150].u_pe/active_q_reg_0
    SLICE_X414Y174       LUT6 (Prop_lut6_I1_O)        0.043     1.530 r  u_array/g_pe[150].u_pe/pr_j[9][7]_i_141/O
                         net (fo=1, routed)           0.330     1.860    u_array/g_pe[150].u_pe/pr_j[9][7]_i_141_n_0
    SLICE_X415Y174       CARRY4 (Prop_carry4_DI[2]_CO[3])
                                                      0.197     2.057 r  u_array/g_pe[150].u_pe/pr_j_reg[9][7]_i_60/CO[3]
                         net (fo=36, routed)          0.649     2.706    u_array/g_pe[150].u_pe/active_q_reg_2[0]
    SLICE_X416Y174       LUT5 (Prop_lut5_I2_O)        0.046     2.752 r  u_array/g_pe[150].u_pe/pr_j[9][7]_i_217/O
                         net (fo=5, routed)           0.447     3.199    u_array/g_pe[149].u_pe/pr_j[9][2]_i_39
    SLICE_X417Y175       LUT5 (Prop_lut5_I0_O)        0.132     3.331 r  u_array/g_pe[149].u_pe/pr_j[9][7]_i_203/O
                         net (fo=1, routed)           0.000     3.331    u_array/g_pe[149].u_pe/pr_j[9][7]_i_203_n_0
    SLICE_X417Y175       CARRY4 (Prop_carry4_S[1]_CO[3])
                                                      0.267     3.598 r  u_array/g_pe[149].u_pe/pr_j_reg[9][7]_i_130/CO[3]
                         net (fo=1, routed)           0.000     3.598    u_array/g_pe[149].u_pe/pr_j_reg[9][7]_i_130_n_0
    SLICE_X417Y176       CARRY4 (Prop_carry4_CI_CO[3])
                                                      0.053     3.651 r  u_array/g_pe[149].u_pe/pr_j_reg[9][7]_i_59/CO[3]
                         net (fo=38, routed)          0.558     4.209    u_array/g_pe[149].u_pe/active_q_reg_1[0]
    SLICE_X421Y175       LUT3 (Prop_lut3_I0_O)        0.043     4.252 f  u_array/g_pe[149].u_pe/pr_j[9][2]_i_75/O
                         net (fo=15, routed)          0.531     4.783    u_array/g_pe[149].u_pe/pr_j[9][2]_i_75_n_0
    SLICE_X420Y177       LUT6 (Prop_lut6_I3_O)        0.043     4.826 r  u_array/g_pe[149].u_pe/pr_j[9][2]_i_46/O
                         net (fo=4, routed)           0.331     5.157    u_array/g_pe[146].u_pe/pr_j_reg[9][2]_i_4_2
    SLICE_X420Y176       LUT4 (Prop_lut4_I3_O)        0.043     5.200 r  u_array/g_pe[146].u_pe/pr_j[9][2]_i_31/O
                         net (fo=1, routed)           0.000     5.200    u_array/g_pe[149].u_pe/pr_j_reg[9][2]_1[1]
    SLICE_X420Y176       CARRY4 (Prop_carry4_S[1]_CO[3])
                                                      0.256     5.456 r  u_array/g_pe[149].u_pe/pr_j_reg[9][2]_i_4/CO[3]
                         net (fo=7, routed)           0.495     5.951    u_array/g_pe[149].u_pe/pr_j[9][2]_i_32[0]
    SLICE_X421Y176       LUT2 (Prop_lut2_I0_O)        0.043     5.994 r  u_array/g_pe[149].u_pe/pr_h[9][15]_i_7/O
                         net (fo=18, routed)          0.253     6.247    u_array/g_pe[146].u_pe/pr_h_reg[9][1]_0
    SLICE_X420Y177       LUT6 (Prop_lut6_I3_O)        0.043     6.290 r  u_array/g_pe[146].u_pe/pr_h[9][11]_i_2/O
                         net (fo=3, routed)           0.418     6.707    u_array/g_pe[157].u_pe/pr_h_reg[9][11]_0
    SLICE_X419Y178       LUT6 (Prop_lut6_I0_O)        0.043     6.750 r  u_array/g_pe[157].u_pe/pr_j[9][3]_i_8/O
                         net (fo=1, routed)           0.290     7.041    u_array/g_pe[157].u_pe/pr_j[9][3]_i_8_n_0
    SLICE_X420Y179       CARRY4 (Prop_carry4_DI[1]_CO[3])
                                                      0.253     7.294 r  u_array/g_pe[157].u_pe/pr_j_reg[9][3]_i_2/CO[3]
                         net (fo=32, routed)          0.444     7.738    u_array/g_pe[157].u_pe/pr_j[9][3]_i_13[0]
    SLICE_X415Y179       LUT5 (Prop_lut5_I0_O)        0.043     7.781 f  u_array/g_pe[157].u_pe/pr_j[9][7]_i_4/O
                         net (fo=2, routed)           0.353     8.133    u_array/g_pe[149].u_pe/pr_i_reg[9][0]_2
    SLICE_X414Y180       LUT6 (Prop_lut6_I4_O)        0.043     8.176 r  u_array/g_pe[149].u_pe/pr_i[9][15]_i_1/O
                         net (fo=16, routed)          0.317     8.494    u_tracker/pr_i_reg[9][0]_0[0]
    SLICE_X412Y179       FDRE                                         r  u_tracker/pr_i_reg[9][1]/R
  -------------------------------------------------------------------    -------------------

                         (clock clk rise edge)        5.000     5.000 r  <hidden>
                                                      0.000     5.000 r  clk
                         net (fo=27477, unset)        0.510     5.510    u_tracker/clk
    SLICE_X412Y179       FDRE                                         r  u_tracker/pr_i_reg[9][1]/C
                         clock pessimism              0.000     5.510    <hidden>
                         clock uncertainty           -0.035     5.475    <hidden>
    SLICE_X412Y179       FDRE (Setup_fdre_C_R)       -0.281     5.194    u_tracker/pr_i_reg[9][1]
  -------------------------------------------------------------------
                         required time                          5.194    <hidden>
                         arrival time                          -8.494    <hidden>
  -------------------------------------------------------------------
                         slack                                 -3.300    <hidden>

Slack (VIOLATED) :        -3.300ns  (required time - arrival time)
  Source:                 u_array/g_pe[150].u_pe/active_q_reg/C
                            (rising edge-triggered cell FDRE clocked by clk  {rise@0.000ns fall@2.500ns period=5.000ns})
  Destination:            u_tracker/pr_i_reg[9][2]/R
                            (rising edge-triggered cell FDRE clocked by clk  {rise@0.000ns fall@2.500ns period=5.000ns})
  Path Group:             clk
  Path Type:              Setup (Max at Slow Process Corner)
  Requirement:            5.000ns  (clk rise@5.000ns - clk rise@0.000ns)
  Data Path Delay:        7.957ns  (logic 1.814ns (22.798%)  route 6.143ns (77.202%))
  Logic Levels:           16  (CARRY4=5 LUT2=1 LUT3=1 LUT4=1 LUT5=3 LUT6=5)
  Clock Path Skew:        -0.027ns (DCD - SCD + CPR)
    Destination Clock Delay (DCD):    0.510ns = ( 5.510 - 5.000 ) 
    Source Clock Delay      (SCD):    0.537ns
    Clock Pessimism Removal (CPR):    0.000ns
  Clock Uncertainty:      0.035ns  ((TSJ^2 + TIJ^2)^1/2 + DJ) / 2 + PE
    Total System Jitter     (TSJ):    0.071ns
    Total Input Jitter      (TIJ):    0.000ns
    Discrete Jitter          (DJ):    0.000ns
    Phase Error              (PE):    0.000ns

    Location             Delay type                Incr(ns)  Path(ns)    Netlist Resource(s)
  -------------------------------------------------------------------    -------------------
                         (clock clk rise edge)        0.000     0.000 r  <hidden>
                                                      0.000     0.000 r  clk
                         net (fo=27477, unset)        0.537     0.537    u_array/g_pe[150].u_pe/clk
    SLICE_X417Y173       FDRE                                         r  u_array/g_pe[150].u_pe/active_q_reg/C
  -------------------------------------------------------------------    -------------------
    SLICE_X417Y173       FDRE (Prop_fdre_C_Q)         0.223     0.760 r  u_array/g_pe[150].u_pe/active_q_reg/Q
                         net (fo=115, routed)         0.727     1.487    u_array/g_pe[150].u_pe/active_q_reg_0
    SLICE_X414Y174       LUT6 (Prop_lut6_I1_O)        0.043     1.530 r  u_array/g_pe[150].u_pe/pr_j[9][7]_i_141/O
                         net (fo=1, routed)           0.330     1.860    u_array/g_pe[150].u_pe/pr_j[9][7]_i_141_n_0
    SLICE_X415Y174       CARRY4 (Prop_carry4_DI[2]_CO[3])
                                                      0.197     2.057 r  u_array/g_pe[150].u_pe/pr_j_reg[9][7]_i_60/CO[3]
                         net (fo=36, routed)          0.649     2.706    u_array/g_pe[150].u_pe/active_q_reg_2[0]
    SLICE_X416Y174       LUT5 (Prop_lut5_I2_O)        0.046     2.752 r  u_array/g_pe[150].u_pe/pr_j[9][7]_i_217/O
                         net (fo=5, routed)           0.447     3.199    u_array/g_pe[149].u_pe/pr_j[9][2]_i_39
    SLICE_X417Y175       LUT5 (Prop_lut5_I0_O)        0.132     3.331 r  u_array/g_pe[149].u_pe/pr_j[9][7]_i_203/O
                         net (fo=1, routed)           0.000     3.331    u_array/g_pe[149].u_pe/pr_j[9][7]_i_203_n_0
    SLICE_X417Y175       CARRY4 (Prop_carry4_S[1]_CO[3])
                                                      0.267     3.598 r  u_array/g_pe[149].u_pe/pr_j_reg[9][7]_i_130/CO[3]
                         net (fo=1, routed)           0.000     3.598    u_array/g_pe[149].u_pe/pr_j_reg[9][7]_i_130_n_0
    SLICE_X417Y176       CARRY4 (Prop_carry4_CI_CO[3])
                                                      0.053     3.651 r  u_array/g_pe[149].u_pe/pr_j_reg[9][7]_i_59/CO[3]
                         net (fo=38, routed)          0.558     4.209    u_array/g_pe[149].u_pe/active_q_reg_1[0]
    SLICE_X421Y175       LUT3 (Prop_lut3_I0_O)        0.043     4.252 f  u_array/g_pe[149].u_pe/pr_j[9][2]_i_75/O
                         net (fo=15, routed)          0.531     4.783    u_array/g_pe[149].u_pe/pr_j[9][2]_i_75_n_0
    SLICE_X420Y177       LUT6 (Prop_lut6_I3_O)        0.043     4.826 r  u_array/g_pe[149].u_pe/pr_j[9][2]_i_46/O
                         net (fo=4, routed)           0.331     5.157    u_array/g_pe[146].u_pe/pr_j_reg[9][2]_i_4_2
    SLICE_X420Y176       LUT4 (Prop_lut4_I3_O)        0.043     5.200 r  u_array/g_pe[146].u_pe/pr_j[9][2]_i_31/O
                         net (fo=1, routed)           0.000     5.200    u_array/g_pe[149].u_pe/pr_j_reg[9][2]_1[1]
    SLICE_X420Y176       CARRY4 (Prop_carry4_S[1]_CO[3])
                                                      0.256     5.456 r  u_array/g_pe[149].u_pe/pr_j_reg[9][2]_i_4/CO[3]
                         net (fo=7, routed)           0.495     5.951    u_array/g_pe[149].u_pe/pr_j[9][2]_i_32[0]
    SLICE_X421Y176       LUT2 (Prop_lut2_I0_O)        0.043     5.994 r  u_array/g_pe[149].u_pe/pr_h[9][15]_i_7/O
                         net (fo=18, routed)          0.253     6.247    u_array/g_pe[146].u_pe/pr_h_reg[9][1]_0
    SLICE_X420Y177       LUT6 (Prop_lut6_I3_O)        0.043     6.290 r  u_array/g_pe[146].u_pe/pr_h[9][11]_i_2/O
                         net (fo=3, routed)           0.418     6.707    u_array/g_pe[157].u_pe/pr_h_reg[9][11]_0
    SLICE_X419Y178       LUT6 (Prop_lut6_I0_O)        0.043     6.750 r  u_array/g_pe[157].u_pe/pr_j[9][3]_i_8/O
                         net (fo=1, routed)           0.290     7.041    u_array/g_pe[157].u_pe/pr_j[9][3]_i_8_n_0
    SLICE_X420Y179       CARRY4 (Prop_carry4_DI[1]_CO[3])
                                                      0.253     7.294 r  u_array/g_pe[157].u_pe/pr_j_reg[9][3]_i_2/CO[3]
                         net (fo=32, routed)          0.444     7.738    u_array/g_pe[157].u_pe/pr_j[9][3]_i_13[0]
    SLICE_X415Y179       LUT5 (Prop_lut5_I0_O)        0.043     7.781 f  u_array/g_pe[157].u_pe/pr_j[9][7]_i_4/O
                         net (fo=2, routed)           0.353     8.133    u_array/g_pe[149].u_pe/pr_i_reg[9][0]_2
    SLICE_X414Y180       LUT6 (Prop_lut6_I4_O)        0.043     8.176 r  u_array/g_pe[149].u_pe/pr_i[9][15]_i_1/O
                         net (fo=16, routed)          0.317     8.494    u_tracker/pr_i_reg[9][0]_0[0]
    SLICE_X412Y179       FDRE                                         r  u_tracker/pr_i_reg[9][2]/R
  -------------------------------------------------------------------    -------------------

                         (clock clk rise edge)        5.000     5.000 r  <hidden>
                                                      0.000     5.000 r  clk
                         net (fo=27477, unset)        0.510     5.510    u_tracker/clk
    SLICE_X412Y179       FDRE                                         r  u_tracker/pr_i_reg[9][2]/C
                         clock pessimism              0.000     5.510    <hidden>
                         clock uncertainty           -0.035     5.475    <hidden>
    SLICE_X412Y179       FDRE (Setup_fdre_C_R)       -0.281     5.194    u_tracker/pr_i_reg[9][2]
  -------------------------------------------------------------------
                         required time                          5.194    <hidden>
                         arrival time                          -8.494    <hidden>
  -------------------------------------------------------------------
                         slack                                 -3.300    <hidden>





Pulse Width Checks
--------------------------------------------------------------------------------------
Clock Name:         clk
Waveform(ns):       { 0.000 2.500 }
Period(ns):         5.000
Sources:            { clk }

Check Type        Corner  Lib Pin  Reference Pin  Required(ns)  Actual(ns)  Slack(ns)  Location        Pin
Min Period        n/a     FDRE/C   n/a            0.750         5.000       4.250      SLICE_X311Y169  u_array/g_pe[0].u_pe/e_del_reg_reg[6]/C
Min Period        n/a     FDRE/C   n/a            0.750         5.000       4.250      SLICE_X414Y183  u_array/g_pe[0].u_pe/query_base_reg_reg[1]/C
Min Period        n/a     FDRE/C   n/a            0.750         5.000       4.250      SLICE_X300Y200  u_array/g_pe[100].u_pe/query_base_reg_reg[1]/C
Min Period        n/a     FDRE/C   n/a            0.750         5.000       4.250      SLICE_X301Y203  u_array/g_pe[101].u_pe/query_base_reg_reg[2]/C
Min Period        n/a     FDRE/C   n/a            0.750         5.000       4.250      SLICE_X313Y202  u_array/g_pe[102].u_pe/H_prev_reg_reg[1]/C
Min Period        n/a     FDRE/C   n/a            0.750         5.000       4.250      SLICE_X312Y202  u_array/g_pe[102].u_pe/query_base_reg_reg[2]/C
Min Period        n/a     FDRE/C   n/a            0.750         5.000       4.250      SLICE_X307Y198  u_array/g_pe[103].u_pe/query_base_reg_reg[2]/C
Min Period        n/a     FDRE/C   n/a            0.750         5.000       4.250      SLICE_X340Y194  u_array/g_pe[104].u_pe/H_prev_reg_reg[11]/C
Min Period        n/a     FDRE/C   n/a            0.750         5.000       4.250      SLICE_X321Y191  u_array/g_pe[104].u_pe/query_base_reg_reg[1]/C
Min Period        n/a     FDRE/C   n/a            0.750         5.000       4.250      SLICE_X342Y190  u_array/g_pe[105].u_pe/query_base_reg_reg[2]/C
Min Period        n/a     FDRE/C   n/a            0.750         5.000       4.250      SLICE_X351Y198  u_array/g_pe[106].u_pe/query_base_reg_reg[1]/C
Min Period        n/a     FDRE/C   n/a            0.750         5.000       4.250      SLICE_X332Y194  u_array/g_pe[107].u_pe/H_prev_reg_reg[11]/C
Min Period        n/a     FDRE/C   n/a            0.750         5.000       4.250      SLICE_X333Y193  u_array/g_pe[107].u_pe/H_prev_reg_reg[6]/C
Min Period        n/a     FDRE/C   n/a            0.750         5.000       4.250      SLICE_X333Y193  u_array/g_pe[107].u_pe/H_prev_reg_reg[7]/C
Min Period        n/a     FDRE/C   n/a            0.750         5.000       4.250      SLICE_X333Y193  u_array/g_pe[107].u_pe/H_prev_reg_reg[8]/C
Min Period        n/a     FDRE/C   n/a            0.750         5.000       4.250      SLICE_X349Y198  u_array/g_pe[107].u_pe/query_base_reg_reg[2]/C
Min Period        n/a     FDRE/C   n/a            0.750         5.000       4.250      SLICE_X334Y190  u_array/g_pe[108].u_pe/query_base_reg_reg[1]/C
Min Period        n/a     FDRE/C   n/a            0.750         5.000       4.250      SLICE_X305Y194  u_array/g_pe[109].u_pe/H_prev_reg_reg[6]/C
Min Period        n/a     FDRE/C   n/a            0.750         5.000       4.250      SLICE_X305Y194  u_array/g_pe[109].u_pe/H_prev_reg_reg[7]/C
Min Period        n/a     FDRE/C   n/a            0.750         5.000       4.250      SLICE_X310Y188  u_array/g_pe[109].u_pe/query_base_reg_reg[2]/C
Low Pulse Width   Slow    FDRE/C   n/a            0.400         2.500       2.100      SLICE_X311Y169  u_array/g_pe[0].u_pe/e_del_reg_reg[6]/C
Low Pulse Width   Fast    FDRE/C   n/a            0.400         2.500       2.100      SLICE_X311Y169  u_array/g_pe[0].u_pe/e_del_reg_reg[6]/C
Low Pulse Width   Slow    FDRE/C   n/a            0.400         2.500       2.100      SLICE_X414Y183  u_array/g_pe[0].u_pe/query_base_reg_reg[1]/C
Low Pulse Width   Fast    FDRE/C   n/a            0.400         2.500       2.100      SLICE_X414Y183  u_array/g_pe[0].u_pe/query_base_reg_reg[1]/C
Low Pulse Width   Slow    FDRE/C   n/a            0.400         2.500       2.100      SLICE_X300Y200  u_array/g_pe[100].u_pe/query_base_reg_reg[1]/C
Low Pulse Width   Fast    FDRE/C   n/a            0.400         2.500       2.100      SLICE_X300Y200  u_array/g_pe[100].u_pe/query_base_reg_reg[1]/C
Low Pulse Width   Slow    FDRE/C   n/a            0.400         2.500       2.100      SLICE_X301Y203  u_array/g_pe[101].u_pe/query_base_reg_reg[2]/C
Low Pulse Width   Fast    FDRE/C   n/a            0.400         2.500       2.100      SLICE_X301Y203  u_array/g_pe[101].u_pe/query_base_reg_reg[2]/C
Low Pulse Width   Slow    FDRE/C   n/a            0.400         2.500       2.100      SLICE_X313Y202  u_array/g_pe[102].u_pe/H_prev_reg_reg[1]/C
Low Pulse Width   Fast    FDRE/C   n/a            0.400         2.500       2.100      SLICE_X313Y202  u_array/g_pe[102].u_pe/H_prev_reg_reg[1]/C
Low Pulse Width   Slow    FDRE/C   n/a            0.400         2.500       2.100      SLICE_X312Y202  u_array/g_pe[102].u_pe/query_base_reg_reg[2]/C
Low Pulse Width   Fast    FDRE/C   n/a            0.400         2.500       2.100      SLICE_X312Y202  u_array/g_pe[102].u_pe/query_base_reg_reg[2]/C
Low Pulse Width   Slow    FDRE/C   n/a            0.400         2.500       2.100      SLICE_X307Y198  u_array/g_pe[103].u_pe/query_base_reg_reg[2]/C
Low Pulse Width   Fast    FDRE/C   n/a            0.400         2.500       2.100      SLICE_X307Y198  u_array/g_pe[103].u_pe/query_base_reg_reg[2]/C
Low Pulse Width   Slow    FDRE/C   n/a            0.400         2.500       2.100      SLICE_X340Y194  u_array/g_pe[104].u_pe/H_prev_reg_reg[11]/C
Low Pulse Width   Fast    FDRE/C   n/a            0.400         2.500       2.100      SLICE_X340Y194  u_array/g_pe[104].u_pe/H_prev_reg_reg[11]/C
Low Pulse Width   Slow    FDRE/C   n/a            0.400         2.500       2.100      SLICE_X321Y191  u_array/g_pe[104].u_pe/query_base_reg_reg[1]/C
Low Pulse Width   Fast    FDRE/C   n/a            0.400         2.500       2.100      SLICE_X321Y191  u_array/g_pe[104].u_pe/query_base_reg_reg[1]/C
Low Pulse Width   Slow    FDRE/C   n/a            0.400         2.500       2.100      SLICE_X342Y190  u_array/g_pe[105].u_pe/query_base_reg_reg[2]/C
Low Pulse Width   Fast    FDRE/C   n/a            0.400         2.500       2.100      SLICE_X342Y190  u_array/g_pe[105].u_pe/query_base_reg_reg[2]/C
High Pulse Width  Slow    FDRE/C   n/a            0.350         2.500       2.150      SLICE_X425Y187  u_array/g_pe[0].u_pe/E_reg_reg[0]/C
High Pulse Width  Fast    FDRE/C   n/a            0.350         2.500       2.150      SLICE_X425Y187  u_array/g_pe[0].u_pe/E_reg_reg[0]/C
High Pulse Width  Slow    FDRE/C   n/a            0.350         2.500       2.150      SLICE_X421Y189  u_array/g_pe[0].u_pe/E_reg_reg[10]/C
High Pulse Width  Fast    FDRE/C   n/a            0.350         2.500       2.150      SLICE_X421Y189  u_array/g_pe[0].u_pe/E_reg_reg[10]/C
High Pulse Width  Slow    FDRE/C   n/a            0.350         2.500       2.150      SLICE_X420Y190  u_array/g_pe[0].u_pe/E_reg_reg[11]/C
High Pulse Width  Fast    FDRE/C   n/a            0.350         2.500       2.150      SLICE_X420Y190  u_array/g_pe[0].u_pe/E_reg_reg[11]/C
High Pulse Width  Slow    FDRE/C   n/a            0.350         2.500       2.150      SLICE_X425Y187  u_array/g_pe[0].u_pe/E_reg_reg[12]/C
High Pulse Width  Fast    FDRE/C   n/a            0.350         2.500       2.150      SLICE_X425Y187  u_array/g_pe[0].u_pe/E_reg_reg[12]/C
High Pulse Width  Slow    FDRE/C   n/a            0.350         2.500       2.150      SLICE_X420Y189  u_array/g_pe[0].u_pe/E_reg_reg[13]/C
High Pulse Width  Fast    FDRE/C   n/a            0.350         2.500       2.150      SLICE_X420Y189  u_array/g_pe[0].u_pe/E_reg_reg[13]/C
High Pulse Width  Slow    FDRE/C   n/a            0.350         2.500       2.150      SLICE_X421Y189  u_array/g_pe[0].u_pe/E_reg_reg[14]/C
High Pulse Width  Fast    FDRE/C   n/a            0.350         2.500       2.150      SLICE_X421Y189  u_array/g_pe[0].u_pe/E_reg_reg[14]/C
High Pulse Width  Slow    FDRE/C   n/a            0.350         2.500       2.150      SLICE_X420Y190  u_array/g_pe[0].u_pe/E_reg_reg[15]/C
High Pulse Width  Fast    FDRE/C   n/a            0.350         2.500       2.150      SLICE_X420Y190  u_array/g_pe[0].u_pe/E_reg_reg[15]/C
High Pulse Width  Slow    FDRE/C   n/a            0.350         2.500       2.150      SLICE_X420Y189  u_array/g_pe[0].u_pe/E_reg_reg[1]/C
High Pulse Width  Fast    FDRE/C   n/a            0.350         2.500       2.150      SLICE_X420Y189  u_array/g_pe[0].u_pe/E_reg_reg[1]/C
High Pulse Width  Slow    FDRE/C   n/a            0.350         2.500       2.150      SLICE_X421Y188  u_array/g_pe[0].u_pe/E_reg_reg[2]/C
High Pulse Width  Fast    FDRE/C   n/a            0.350         2.500       2.150      SLICE_X421Y188  u_array/g_pe[0].u_pe/E_reg_reg[2]/C
High Pulse Width  Slow    FDRE/C   n/a            0.350         2.500       2.150      SLICE_X420Y189  u_array/g_pe[0].u_pe/E_reg_reg[3]/C
High Pulse Width  Fast    FDRE/C   n/a            0.350         2.500       2.150      SLICE_X420Y189  u_array/g_pe[0].u_pe/E_reg_reg[3]/C



