Copyright 1986-2022 Xilinx, Inc. All Rights Reserved. Copyright 2022-2026 Advanced Micro Devices, Inc. All Rights Reserved.
-----------------------------------------------------------------------------------------------------------------------------------------------------------------------------
| Tool Version : Vivado v.2026.1 (win64) Build 6511674 Tue Jun 16 11:02:23 MDT 2026
| Date         : Sat Aug  1 19:39:40 2026
| Host         : MSI running 64-bit major release  (build 9200)
| Command      : report_timing_summary -delay_type max -max_paths 20 -file C:/Users/kanak/Downloads/FPGA-speed-up-Project-main/synth/ooc/reports/bsw_top_impl_ml2_timing.rpt
| Design       : bsw_top
| Device       : 7v2000t-fhg1761
| Speed File   : -2  PRODUCTION 1.10 2014-09-11
| Design State : Routed
-----------------------------------------------------------------------------------------------------------------------------------------------------------------------------

Timing Summary Report

------------------------------------------------------------------------------------------------
| Timer Settings
| --------------
------------------------------------------------------------------------------------------------

  Enable Multi Corner Analysis               :  Yes
  Enable Pessimism Removal                   :  Yes
  Pessimism Removal Resolution               :  Nearest Common Node
  Enable Input Delay Default Clock           :  No
  Enable Preset / Clear Arcs                 :  No
  Disable Flight Delays                      :  No
  Ignore I/O Paths                           :  No
  Timing Early Launch at Borrowing Latches   :  No
  Borrow Time for Max Delay Exceptions       :  Yes
  Merge Timing Exceptions                    :  Yes
  Inter-SLR Compensation                     :  Conservative

  Corner  Analyze    Analyze    
  Name    Max Paths  Min Paths  
  ------  ---------  ---------  
  Slow    Yes        Yes        
  Fast    Yes        Yes        


------------------------------------------------------------------------------------------------
| Report Methodology
| ------------------
------------------------------------------------------------------------------------------------

No report available as report_methodology has not been run prior. Run report_methodology on the current design for the summary of methodology violations.



check_timing report

Table of Contents
-----------------
1. checking no_clock (0)
2. checking constant_clock (0)
3. checking pulse_width_clock (0)
4. checking unconstrained_internal_endpoints (0)
5. checking no_input_delay (3684)
6. checking no_output_delay (99)
7. checking multiple_clock (0)
8. checking generated_clocks (0)
9. checking loops (0)
10. checking partial_input_delay (0)
11. checking partial_output_delay (0)
12. checking latch_loops (0)

1. checking no_clock (0)
------------------------
 There are 0 register/latch pins with no clock.


2. checking constant_clock (0)
------------------------------
 There are 0 register/latch pins with constant_clock.


3. checking pulse_width_clock (0)
---------------------------------
 There are 0 register/latch pins which need pulse_width check


4. checking unconstrained_internal_endpoints (0)
------------------------------------------------
 There are 0 pins that are not constrained for maximum delay.

 There are 0 pins that are not constrained for maximum delay due to constant clock.


5. checking no_input_delay (3684)
---------------------------------
 There are 3684 input ports with no input delay specified. (HIGH)

 There are 0 input ports with no input delay but user has a false path constraint.


6. checking no_output_delay (99)
--------------------------------
 There are 99 ports with no output delay specified. (HIGH)

 There are 0 ports with no output delay but user has a false path constraint

 There are 0 ports with no output delay but with a timing clock defined on it or propagating through it


7. checking multiple_clock (0)
------------------------------
 There are 0 register/latch pins with multiple clocks.


8. checking generated_clocks (0)
--------------------------------
 There are 0 generated clocks that are not connected to a clock source.


9. checking loops (0)
---------------------
 There are 0 combinational loops in the design.


10. checking partial_input_delay (0)
------------------------------------
 There are 0 input ports with partial input delay specified.


11. checking partial_output_delay (0)
-------------------------------------
 There are 0 ports with partial output delay specified.


12. checking latch_loops (0)
----------------------------
 There are 0 combinational latch loops in the design through latch input



------------------------------------------------------------------------------------------------
| Design Timing Summary
| ---------------------
------------------------------------------------------------------------------------------------

    WNS(ns)      TNS(ns)  TNS Failing Endpoints  TNS Total Endpoints     WPWS(ns)     TPWS(ns)  TPWS Failing Endpoints  TPWS Total Endpoints  
    -------      -------  ---------------------  -------------------     --------     --------  ----------------------  --------------------  
     -3.844   -29193.324                  21578                58728        2.100        0.000                       0                 28365  


Timing constraints are not met.


------------------------------------------------------------------------------------------------
| Clock Summary
| -------------
------------------------------------------------------------------------------------------------

Clock  Waveform(ns)         Period(ns)      Frequency(MHz)
-----  ------------         ----------      --------------
clk    {0.000 2.500}        5.000           200.000         


------------------------------------------------------------------------------------------------
| Intra Clock Table
| -----------------
------------------------------------------------------------------------------------------------

Clock             WNS(ns)      TNS(ns)  TNS Failing Endpoints  TNS Total Endpoints     WPWS(ns)     TPWS(ns)  TPWS Failing Endpoints  TPWS Total Endpoints  
-----             -------      -------  ---------------------  -------------------     --------     --------  ----------------------  --------------------  
clk                -3.844   -29193.324                  21578                58728        2.100        0.000                       0                 28365  


------------------------------------------------------------------------------------------------
| Inter Clock Table
| -----------------
------------------------------------------------------------------------------------------------

From Clock    To Clock          WNS(ns)      TNS(ns)  TNS Failing Endpoints  TNS Total Endpoints  
----------    --------          -------      -------  ---------------------  -------------------  


------------------------------------------------------------------------------------------------
| Other Path Groups Table
| -----------------------
------------------------------------------------------------------------------------------------

Path Group    From Clock    To Clock          WNS(ns)      TNS(ns)  TNS Failing Endpoints  TNS Total Endpoints  
----------    ----------    --------          -------      -------  ---------------------  -------------------  


------------------------------------------------------------------------------------------------
| Timing Details
| --------------
------------------------------------------------------------------------------------------------


---------------------------------------------------------------------------------------------------
From Clock:  clk
  To Clock:  clk

Setup :        21578  Failing Endpoints,  Worst Slack       -3.844ns,  Total Violation   -29193.325ns
Hold  :           NA  Failing Endpoints,  Worst Slack           NA  ,  Total Violation           NA
PW    :            0  Failing Endpoints,  Worst Slack        2.100ns,  Total Violation        0.000ns
---------------------------------------------------------------------------------------------------


Max Delay Paths
--------------------------------------------------------------------------------------
Slack (VIOLATED) :        -3.844ns  (required time - arrival time)
  Source:                 u_tracker/pr_h_reg[38][9]/C
                            (rising edge-triggered cell FDRE clocked by clk  {rise@0.000ns fall@2.500ns period=5.000ns})
  Destination:            u_tracker/cm_i_reg[2]/D
                            (rising edge-triggered cell FDRE clocked by clk  {rise@0.000ns fall@2.500ns period=5.000ns})
  Path Group:             clk
  Path Type:              Setup (Max at Slow Process Corner)
  Requirement:            5.000ns  (clk rise@5.000ns - clk rise@0.000ns)
  Data Path Delay:        8.846ns  (logic 2.125ns (24.021%)  route 6.721ns (75.979%))
  Logic Levels:           20  (CARRY4=9 LUT2=3 LUT3=1 LUT4=2 LUT6=5)
  Clock Path Skew:        -0.027ns (DCD - SCD + CPR)
    Destination Clock Delay (DCD):    0.510ns = ( 5.510 - 5.000 ) 
    Source Clock Delay      (SCD):    0.537ns
    Clock Pessimism Removal (CPR):    0.000ns
  Clock Uncertainty:      0.035ns  ((TSJ^2 + TIJ^2)^1/2 + DJ) / 2 + PE
    Total System Jitter     (TSJ):    0.071ns
    Total Input Jitter      (TIJ):    0.000ns
    Discrete Jitter          (DJ):    0.000ns
    Phase Error              (PE):    0.000ns

    Location             Delay type                Incr(ns)  Path(ns)    Netlist Resource(s)
  -------------------------------------------------------------------    -------------------
                         (clock clk rise edge)        0.000     0.000 r  <hidden>
                                                      0.000     0.000 r  clk
                         net (fo=28504, unset)        0.537     0.537    u_tracker/clk
    SLICE_X367Y523       FDRE                                         r  u_tracker/pr_h_reg[38][9]/C
  -------------------------------------------------------------------    -------------------
    SLICE_X367Y523       FDRE (Prop_fdre_C_Q)         0.204     0.741 r  u_tracker/pr_h_reg[38][9]/Q
                         net (fo=8, routed)           0.645     1.386    u_tracker/pr_h_reg[38]_393[9]
    SLICE_X367Y522       LUT4 (Prop_lut4_I1_O)        0.126     1.512 r  u_tracker/cm_j[2]_i_22/O
                         net (fo=1, routed)           0.000     1.512    u_tracker/cm_j[2]_i_22_n_0
    SLICE_X367Y522       CARRY4 (Prop_carry4_S[0]_CO[3])
                                                      0.259     1.771 r  u_tracker/cm_j_reg[2]_i_6/CO[3]
                         net (fo=84, routed)          0.646     2.418    u_tracker/cm_j_reg[2]_i_6_n_0
    SLICE_X365Y522       LUT3 (Prop_lut3_I1_O)        0.043     2.461 f  u_tracker/cm_h[15]_i_75/O
                         net (fo=5, routed)           0.321     2.781    u_tracker/s2_h[1][19]_421[2]
    SLICE_X365Y520       LUT6 (Prop_lut6_I1_O)        0.043     2.824 r  u_tracker/cm_i[15]_i_346/O
                         net (fo=1, routed)           0.296     3.121    u_tracker/cm_i[15]_i_346_n_0
    SLICE_X368Y520       CARRY4 (Prop_carry4_DI[1]_CO[3])
                                                      0.253     3.374 r  u_tracker/cm_i_reg[15]_i_111/CO[3]
                         net (fo=1, routed)           0.000     3.374    u_tracker/cm_i_reg[15]_i_111_n_0
    SLICE_X368Y521       CARRY4 (Prop_carry4_CI_CO[3])
                                                      0.054     3.428 r  u_tracker/cm_i_reg[15]_i_31/CO[3]
                         net (fo=87, routed)          0.633     4.061    u_tracker/cm_i_reg[15]_i_31_n_0
    SLICE_X369Y518       LUT6 (Prop_lut6_I5_O)        0.043     4.104 f  u_tracker/cm_h[15]_i_53/O
                         net (fo=6, routed)           0.405     4.508    u_tracker/cm_h[15]_i_53_n_0
    SLICE_X369Y519       LUT2 (Prop_lut2_I0_O)        0.043     4.551 r  u_tracker/cm_i[15]_i_340/O
                         net (fo=1, routed)           0.000     4.551    u_tracker/cm_i[15]_i_340_n_0
    SLICE_X369Y519       CARRY4 (Prop_carry4_S[3]_CO[3])
                                                      0.193     4.744 r  u_tracker/cm_i_reg[15]_i_102/CO[3]
                         net (fo=1, routed)           0.000     4.744    u_tracker/cm_i_reg[15]_i_102_n_0
    SLICE_X369Y520       CARRY4 (Prop_carry4_CI_CO[3])
                                                      0.053     4.797 r  u_tracker/cm_i_reg[15]_i_30/CO[3]
                         net (fo=6, routed)           0.476     5.273    u_tracker/cm_i_reg[15]_i_30_n_0
    SLICE_X371Y520       LUT2 (Prop_lut2_I0_O)        0.043     5.316 r  u_tracker/cm_j[3]_i_22/O
                         net (fo=30, routed)          0.507     5.823    u_tracker/cm_j[3]_i_22_n_0
    SLICE_X370Y518       LUT6 (Prop_lut6_I3_O)        0.043     5.866 r  u_tracker/cm_h[15]_i_24/O
                         net (fo=1, routed)           0.301     6.167    u_tracker/cm_h[15]_i_24_n_0
    SLICE_X371Y518       CARRY4 (Prop_carry4_DI[3]_CO[3])
                                                      0.190     6.357 r  u_tracker/cm_h_reg[15]_i_6/CO[3]
                         net (fo=1, routed)           0.000     6.357    u_tracker/cm_h_reg[15]_i_6_n_0
    SLICE_X371Y519       CARRY4 (Prop_carry4_CI_CO[3])
                                                      0.053     6.410 f  u_tracker/cm_h_reg[15]_i_2/CO[3]
                         net (fo=42, routed)          0.481     6.891    u_tracker/cm_h_reg[15]_i_2_n_0
    SLICE_X372Y518       LUT6 (Prop_lut6_I5_O)        0.043     6.934 r  u_tracker/cm_h[2]_i_2/O
                         net (fo=5, routed)           0.594     7.529    u_tracker/cm_h[2]_i_2_n_0
    SLICE_X374Y516       LUT4 (Prop_lut4_I3_O)        0.043     7.572 r  u_tracker/cm_h[14]_i_57/O
                         net (fo=1, routed)           0.000     7.572    u_tracker/cm_h[14]_i_57_n_0
    SLICE_X374Y516       CARRY4 (Prop_carry4_S[1]_CO[3])
                                                      0.256     7.828 r  u_tracker/cm_h_reg[14]_i_26/CO[3]
                         net (fo=1, routed)           0.000     7.828    u_tracker/cm_h_reg[14]_i_26_n_0
    SLICE_X374Y517       CARRY4 (Prop_carry4_CI_CO[3])
                                                      0.054     7.882 r  u_tracker/cm_h_reg[14]_i_6/CO[3]
                         net (fo=20, routed)          0.661     8.542    u_tracker/cm_h_reg[14]_i_6_n_0
    SLICE_X378Y517       LUT2 (Prop_lut2_I0_O)        0.043     8.585 r  u_tracker/cm_i[15]_i_3/O
                         net (fo=23, routed)          0.755     9.340    u_tracker/cm_i[15]_i_3_n_0
    SLICE_X380Y520       LUT6 (Prop_lut6_I1_O)        0.043     9.383 r  u_tracker/cm_i[2]_i_1/O
                         net (fo=1, routed)           0.000     9.383    u_tracker/s2_i[2]
    SLICE_X380Y520       FDRE                                         r  u_tracker/cm_i_reg[2]/D
  -------------------------------------------------------------------    -------------------

                         (clock clk rise edge)        5.000     5.000 r  <hidden>
                                                      0.000     5.000 r  clk
                         net (fo=28504, unset)        0.510     5.510    u_tracker/clk
    SLICE_X380Y520       FDRE                                         r  u_tracker/cm_i_reg[2]/C
                         clock pessimism              0.000     5.510    <hidden>
                         clock uncertainty           -0.035     5.475    <hidden>
    SLICE_X380Y520       FDRE (Setup_fdre_C_D)        0.065     5.540    u_tracker/cm_i_reg[2]
  -------------------------------------------------------------------
                         required time                          5.540    <hidden>
                         arrival time                          -9.383    <hidden>
  -------------------------------------------------------------------
                         slack                                 -3.844    <hidden>

Slack (VIOLATED) :        -3.824ns  (required time - arrival time)
  Source:                 u_tracker/pr_h_reg[38][9]/C
                            (rising edge-triggered cell FDRE clocked by clk  {rise@0.000ns fall@2.500ns period=5.000ns})
  Destination:            u_tracker/cm_j_reg[0]/D
                            (rising edge-triggered cell FDRE clocked by clk  {rise@0.000ns fall@2.500ns period=5.000ns})
  Path Group:             clk
  Path Type:              Setup (Max at Slow Process Corner)
  Requirement:            5.000ns  (clk rise@5.000ns - clk rise@0.000ns)
  Data Path Delay:        8.796ns  (logic 2.125ns (24.159%)  route 6.671ns (75.841%))
  Logic Levels:           20  (CARRY4=9 LUT2=3 LUT3=1 LUT4=2 LUT6=5)
  Clock Path Skew:        -0.027ns (DCD - SCD + CPR)
    Destination Clock Delay (DCD):    0.510ns = ( 5.510 - 5.000 ) 
    Source Clock Delay      (SCD):    0.537ns
    Clock Pessimism Removal (CPR):    0.000ns
  Clock Uncertainty:      0.035ns  ((TSJ^2 + TIJ^2)^1/2 + DJ) / 2 + PE
    Total System Jitter     (TSJ):    0.071ns
    Total Input Jitter      (TIJ):    0.000ns
    Discrete Jitter          (DJ):    0.000ns
    Phase Error              (PE):    0.000ns

    Location             Delay type                Incr(ns)  Path(ns)    Netlist Resource(s)
  -------------------------------------------------------------------    -------------------
                         (clock clk rise edge)        0.000     0.000 r  <hidden>
                                                      0.000     0.000 r  clk
                         net (fo=28504, unset)        0.537     0.537    u_tracker/clk
    SLICE_X367Y523       FDRE                                         r  u_tracker/pr_h_reg[38][9]/C
  -------------------------------------------------------------------    -------------------
    SLICE_X367Y523       FDRE (Prop_fdre_C_Q)         0.204     0.741 r  u_tracker/pr_h_reg[38][9]/Q
                         net (fo=8, routed)           0.645     1.386    u_tracker/pr_h_reg[38]_393[9]
    SLICE_X367Y522       LUT4 (Prop_lut4_I1_O)        0.126     1.512 r  u_tracker/cm_j[2]_i_22/O
                         net (fo=1, routed)           0.000     1.512    u_tracker/cm_j[2]_i_22_n_0
    SLICE_X367Y522       CARRY4 (Prop_carry4_S[0]_CO[3])
                                                      0.259     1.771 r  u_tracker/cm_j_reg[2]_i_6/CO[3]
                         net (fo=84, routed)          0.646     2.418    u_tracker/cm_j_reg[2]_i_6_n_0
    SLICE_X365Y522       LUT3 (Prop_lut3_I1_O)        0.043     2.461 f  u_tracker/cm_h[15]_i_75/O
                         net (fo=5, routed)           0.321     2.781    u_tracker/s2_h[1][19]_421[2]
    SLICE_X365Y520       LUT6 (Prop_lut6_I1_O)        0.043     2.824 r  u_tracker/cm_i[15]_i_346/O
                         net (fo=1, routed)           0.296     3.121    u_tracker/cm_i[15]_i_346_n_0
    SLICE_X368Y520       CARRY4 (Prop_carry4_DI[1]_CO[3])
                                                      0.253     3.374 r  u_tracker/cm_i_reg[15]_i_111/CO[3]
                         net (fo=1, routed)           0.000     3.374    u_tracker/cm_i_reg[15]_i_111_n_0
    SLICE_X368Y521       CARRY4 (Prop_carry4_CI_CO[3])
                                                      0.054     3.428 r  u_tracker/cm_i_reg[15]_i_31/CO[3]
                         net (fo=87, routed)          0.633     4.061    u_tracker/cm_i_reg[15]_i_31_n_0
    SLICE_X369Y518       LUT6 (Prop_lut6_I5_O)        0.043     4.104 f  u_tracker/cm_h[15]_i_53/O
                         net (fo=6, routed)           0.405     4.508    u_tracker/cm_h[15]_i_53_n_0
    SLICE_X369Y519       LUT2 (Prop_lut2_I0_O)        0.043     4.551 r  u_tracker/cm_i[15]_i_340/O
                         net (fo=1, routed)           0.000     4.551    u_tracker/cm_i[15]_i_340_n_0
    SLICE_X369Y519       CARRY4 (Prop_carry4_S[3]_CO[3])
                                                      0.193     4.744 r  u_tracker/cm_i_reg[15]_i_102/CO[3]
                         net (fo=1, routed)           0.000     4.744    u_tracker/cm_i_reg[15]_i_102_n_0
    SLICE_X369Y520       CARRY4 (Prop_carry4_CI_CO[3])
                                                      0.053     4.797 r  u_tracker/cm_i_reg[15]_i_30/CO[3]
                         net (fo=6, routed)           0.476     5.273    u_tracker/cm_i_reg[15]_i_30_n_0
    SLICE_X371Y520       LUT2 (Prop_lut2_I0_O)        0.043     5.316 r  u_tracker/cm_j[3]_i_22/O
                         net (fo=30, routed)          0.507     5.823    u_tracker/cm_j[3]_i_22_n_0
    SLICE_X370Y518       LUT6 (Prop_lut6_I3_O)        0.043     5.866 r  u_tracker/cm_h[15]_i_24/O
                         net (fo=1, routed)           0.301     6.167    u_tracker/cm_h[15]_i_24_n_0
    SLICE_X371Y518       CARRY4 (Prop_carry4_DI[3]_CO[3])
                                                      0.190     6.357 r  u_tracker/cm_h_reg[15]_i_6/CO[3]
                         net (fo=1, routed)           0.000     6.357    u_tracker/cm_h_reg[15]_i_6_n_0
    SLICE_X371Y519       CARRY4 (Prop_carry4_CI_CO[3])
                                                      0.053     6.410 f  u_tracker/cm_h_reg[15]_i_2/CO[3]
                         net (fo=42, routed)          0.481     6.891    u_tracker/cm_h_reg[15]_i_2_n_0
    SLICE_X372Y518       LUT6 (Prop_lut6_I5_O)        0.043     6.934 r  u_tracker/cm_h[2]_i_2/O
                         net (fo=5, routed)           0.594     7.529    u_tracker/cm_h[2]_i_2_n_0
    SLICE_X374Y516       LUT4 (Prop_lut4_I3_O)        0.043     7.572 r  u_tracker/cm_h[14]_i_57/O
                         net (fo=1, routed)           0.000     7.572    u_tracker/cm_h[14]_i_57_n_0
    SLICE_X374Y516       CARRY4 (Prop_carry4_S[1]_CO[3])
                                                      0.256     7.828 r  u_tracker/cm_h_reg[14]_i_26/CO[3]
                         net (fo=1, routed)           0.000     7.828    u_tracker/cm_h_reg[14]_i_26_n_0
    SLICE_X374Y517       CARRY4 (Prop_carry4_CI_CO[3])
                                                      0.054     7.882 r  u_tracker/cm_h_reg[14]_i_6/CO[3]
                         net (fo=20, routed)          0.661     8.542    u_tracker/cm_h_reg[14]_i_6_n_0
    SLICE_X378Y517       LUT2 (Prop_lut2_I0_O)        0.043     8.585 r  u_tracker/cm_i[15]_i_3/O
                         net (fo=23, routed)          0.705     9.290    u_tracker/cm_i[15]_i_3_n_0
    SLICE_X385Y519       LUT6 (Prop_lut6_I1_O)        0.043     9.333 r  u_tracker/cm_j[0]_i_1/O
                         net (fo=1, routed)           0.000     9.333    u_tracker/s2_j[0]
    SLICE_X385Y519       FDRE                                         r  u_tracker/cm_j_reg[0]/D
  -------------------------------------------------------------------    -------------------

                         (clock clk rise edge)        5.000     5.000 r  <hidden>
                                                      0.000     5.000 r  clk
                         net (fo=28504, unset)        0.510     5.510    u_tracker/clk
    SLICE_X385Y519       FDRE                                         r  u_tracker/cm_j_reg[0]/C
                         clock pessimism              0.000     5.510    <hidden>
                         clock uncertainty           -0.035     5.475    <hidden>
    SLICE_X385Y519       FDRE (Setup_fdre_C_D)        0.034     5.509    u_tracker/cm_j_reg[0]
  -------------------------------------------------------------------
                         required time                          5.509    <hidden>
                         arrival time                          -9.333    <hidden>
  -------------------------------------------------------------------
                         slack                                 -3.824    <hidden>

Slack (VIOLATED) :        -3.819ns  (required time - arrival time)
  Source:                 u_tracker/pr_h_reg[38][9]/C
                            (rising edge-triggered cell FDRE clocked by clk  {rise@0.000ns fall@2.500ns period=5.000ns})
  Destination:            u_tracker/cm_i_reg[10]/D
                            (rising edge-triggered cell FDRE clocked by clk  {rise@0.000ns fall@2.500ns period=5.000ns})
  Path Group:             clk
  Path Type:              Setup (Max at Slow Process Corner)
  Requirement:            5.000ns  (clk rise@5.000ns - clk rise@0.000ns)
  Data Path Delay:        8.822ns  (logic 2.125ns (24.088%)  route 6.697ns (75.912%))
  Logic Levels:           20  (CARRY4=9 LUT2=3 LUT3=1 LUT4=2 LUT6=5)
  Clock Path Skew:        -0.027ns (DCD - SCD + CPR)
    Destination Clock Delay (DCD):    0.510ns = ( 5.510 - 5.000 ) 
    Source Clock Delay      (SCD):    0.537ns
    Clock Pessimism Removal (CPR):    0.000ns
  Clock Uncertainty:      0.035ns  ((TSJ^2 + TIJ^2)^1/2 + DJ) / 2 + PE
    Total System Jitter     (TSJ):    0.071ns
    Total Input Jitter      (TIJ):    0.000ns
    Discrete Jitter          (DJ):    0.000ns
    Phase Error              (PE):    0.000ns

    Location             Delay type                Incr(ns)  Path(ns)    Netlist Resource(s)
  -------------------------------------------------------------------    -------------------
                         (clock clk rise edge)        0.000     0.000 r  <hidden>
                                                      0.000     0.000 r  clk
                         net (fo=28504, unset)        0.537     0.537    u_tracker/clk
    SLICE_X367Y523       FDRE                                         r  u_tracker/pr_h_reg[38][9]/C
  -------------------------------------------------------------------    -------------------
    SLICE_X367Y523       FDRE (Prop_fdre_C_Q)         0.204     0.741 r  u_tracker/pr_h_reg[38][9]/Q
                         net (fo=8, routed)           0.645     1.386    u_tracker/pr_h_reg[38]_393[9]
    SLICE_X367Y522       LUT4 (Prop_lut4_I1_O)        0.126     1.512 r  u_tracker/cm_j[2]_i_22/O
                         net (fo=1, routed)           0.000     1.512    u_tracker/cm_j[2]_i_22_n_0
    SLICE_X367Y522       CARRY4 (Prop_carry4_S[0]_CO[3])
                                                      0.259     1.771 r  u_tracker/cm_j_reg[2]_i_6/CO[3]
                         net (fo=84, routed)          0.646     2.418    u_tracker/cm_j_reg[2]_i_6_n_0
    SLICE_X365Y522       LUT3 (Prop_lut3_I1_O)        0.043     2.461 f  u_tracker/cm_h[15]_i_75/O
                         net (fo=5, routed)           0.321     2.781    u_tracker/s2_h[1][19]_421[2]
    SLICE_X365Y520       LUT6 (Prop_lut6_I1_O)        0.043     2.824 r  u_tracker/cm_i[15]_i_346/O
                         net (fo=1, routed)           0.296     3.121    u_tracker/cm_i[15]_i_346_n_0
    SLICE_X368Y520       CARRY4 (Prop_carry4_DI[1]_CO[3])
                                                      0.253     3.374 r  u_tracker/cm_i_reg[15]_i_111/CO[3]
                         net (fo=1, routed)           0.000     3.374    u_tracker/cm_i_reg[15]_i_111_n_0
    SLICE_X368Y521       CARRY4 (Prop_carry4_CI_CO[3])
                                                      0.054     3.428 r  u_tracker/cm_i_reg[15]_i_31/CO[3]
                         net (fo=87, routed)          0.633     4.061    u_tracker/cm_i_reg[15]_i_31_n_0
    SLICE_X369Y518       LUT6 (Prop_lut6_I5_O)        0.043     4.104 f  u_tracker/cm_h[15]_i_53/O
                         net (fo=6, routed)           0.405     4.508    u_tracker/cm_h[15]_i_53_n_0
    SLICE_X369Y519       LUT2 (Prop_lut2_I0_O)        0.043     4.551 r  u_tracker/cm_i[15]_i_340/O
                         net (fo=1, routed)           0.000     4.551    u_tracker/cm_i[15]_i_340_n_0
    SLICE_X369Y519       CARRY4 (Prop_carry4_S[3]_CO[3])
                                                      0.193     4.744 r  u_tracker/cm_i_reg[15]_i_102/CO[3]
                         net (fo=1, routed)           0.000     4.744    u_tracker/cm_i_reg[15]_i_102_n_0
    SLICE_X369Y520       CARRY4 (Prop_carry4_CI_CO[3])
                                                      0.053     4.797 r  u_tracker/cm_i_reg[15]_i_30/CO[3]
                         net (fo=6, routed)           0.476     5.273    u_tracker/cm_i_reg[15]_i_30_n_0
    SLICE_X371Y520       LUT2 (Prop_lut2_I0_O)        0.043     5.316 r  u_tracker/cm_j[3]_i_22/O
                         net (fo=30, routed)          0.507     5.823    u_tracker/cm_j[3]_i_22_n_0
    SLICE_X370Y518       LUT6 (Prop_lut6_I3_O)        0.043     5.866 r  u_tracker/cm_h[15]_i_24/O
                         net (fo=1, routed)           0.301     6.167    u_tracker/cm_h[15]_i_24_n_0
    SLICE_X371Y518       CARRY4 (Prop_carry4_DI[3]_CO[3])
                                                      0.190     6.357 r  u_tracker/cm_h_reg[15]_i_6/CO[3]
                         net (fo=1, routed)           0.000     6.357    u_tracker/cm_h_reg[15]_i_6_n_0
    SLICE_X371Y519       CARRY4 (Prop_carry4_CI_CO[3])
                                                      0.053     6.410 f  u_tracker/cm_h_reg[15]_i_2/CO[3]
                         net (fo=42, routed)          0.481     6.891    u_tracker/cm_h_reg[15]_i_2_n_0
    SLICE_X372Y518       LUT6 (Prop_lut6_I5_O)        0.043     6.934 r  u_tracker/cm_h[2]_i_2/O
                         net (fo=5, routed)           0.594     7.529    u_tracker/cm_h[2]_i_2_n_0
    SLICE_X374Y516       LUT4 (Prop_lut4_I3_O)        0.043     7.572 r  u_tracker/cm_h[14]_i_57/O
                         net (fo=1, routed)           0.000     7.572    u_tracker/cm_h[14]_i_57_n_0
    SLICE_X374Y516       CARRY4 (Prop_carry4_S[1]_CO[3])
                                                      0.256     7.828 r  u_tracker/cm_h_reg[14]_i_26/CO[3]
                         net (fo=1, routed)           0.000     7.828    u_tracker/cm_h_reg[14]_i_26_n_0
    SLICE_X374Y517       CARRY4 (Prop_carry4_CI_CO[3])
                                                      0.054     7.882 r  u_tracker/cm_h_reg[14]_i_6/CO[3]
                         net (fo=20, routed)          0.661     8.542    u_tracker/cm_h_reg[14]_i_6_n_0
    SLICE_X378Y517       LUT2 (Prop_lut2_I0_O)        0.043     8.585 r  u_tracker/cm_i[15]_i_3/O
                         net (fo=23, routed)          0.731     9.316    u_tracker/cm_i[15]_i_3_n_0
    SLICE_X384Y519       LUT6 (Prop_lut6_I1_O)        0.043     9.359 r  u_tracker/cm_i[10]_i_1/O
                         net (fo=1, routed)           0.000     9.359    u_tracker/s2_i[10]
    SLICE_X384Y519       FDRE                                         r  u_tracker/cm_i_reg[10]/D
  -------------------------------------------------------------------    -------------------

                         (clock clk rise edge)        5.000     5.000 r  <hidden>
                                                      0.000     5.000 r  clk
                         net (fo=28504, unset)        0.510     5.510    u_tracker/clk
    SLICE_X384Y519       FDRE                                         r  u_tracker/cm_i_reg[10]/C
                         clock pessimism              0.000     5.510    <hidden>
                         clock uncertainty           -0.035     5.475    <hidden>
    SLICE_X384Y519       FDRE (Setup_fdre_C_D)        0.065     5.540    u_tracker/cm_i_reg[10]
  -------------------------------------------------------------------
                         required time                          5.540    <hidden>
                         arrival time                          -9.359    <hidden>
  -------------------------------------------------------------------
                         slack                                 -3.819    <hidden>

Slack (VIOLATED) :        -3.800ns  (required time - arrival time)
  Source:                 u_tracker/pr_h_reg[38][9]/C
                            (rising edge-triggered cell FDRE clocked by clk  {rise@0.000ns fall@2.500ns period=5.000ns})
  Destination:            u_tracker/cm_i_reg[13]/D
                            (rising edge-triggered cell FDRE clocked by clk  {rise@0.000ns fall@2.500ns period=5.000ns})
  Path Group:             clk
  Path Type:              Setup (Max at Slow Process Corner)
  Requirement:            5.000ns  (clk rise@5.000ns - clk rise@0.000ns)
  Data Path Delay:        8.772ns  (logic 2.125ns (24.225%)  route 6.647ns (75.775%))
  Logic Levels:           20  (CARRY4=9 LUT2=3 LUT3=1 LUT4=2 LUT6=5)
  Clock Path Skew:        -0.027ns (DCD - SCD + CPR)
    Destination Clock Delay (DCD):    0.510ns = ( 5.510 - 5.000 ) 
    Source Clock Delay      (SCD):    0.537ns
    Clock Pessimism Removal (CPR):    0.000ns
  Clock Uncertainty:      0.035ns  ((TSJ^2 + TIJ^2)^1/2 + DJ) / 2 + PE
    Total System Jitter     (TSJ):    0.071ns
    Total Input Jitter      (TIJ):    0.000ns
    Discrete Jitter          (DJ):    0.000ns
    Phase Error              (PE):    0.000ns

    Location             Delay type                Incr(ns)  Path(ns)    Netlist Resource(s)
  -------------------------------------------------------------------    -------------------
                         (clock clk rise edge)        0.000     0.000 r  <hidden>
                                                      0.000     0.000 r  clk
                         net (fo=28504, unset)        0.537     0.537    u_tracker/clk
    SLICE_X367Y523       FDRE                                         r  u_tracker/pr_h_reg[38][9]/C
  -------------------------------------------------------------------    -------------------
    SLICE_X367Y523       FDRE (Prop_fdre_C_Q)         0.204     0.741 r  u_tracker/pr_h_reg[38][9]/Q
                         net (fo=8, routed)           0.645     1.386    u_tracker/pr_h_reg[38]_393[9]
    SLICE_X367Y522       LUT4 (Prop_lut4_I1_O)        0.126     1.512 r  u_tracker/cm_j[2]_i_22/O
                         net (fo=1, routed)           0.000     1.512    u_tracker/cm_j[2]_i_22_n_0
    SLICE_X367Y522       CARRY4 (Prop_carry4_S[0]_CO[3])
                                                      0.259     1.771 r  u_tracker/cm_j_reg[2]_i_6/CO[3]
                         net (fo=84, routed)          0.646     2.418    u_tracker/cm_j_reg[2]_i_6_n_0
    SLICE_X365Y522       LUT3 (Prop_lut3_I1_O)        0.043     2.461 f  u_tracker/cm_h[15]_i_75/O
                         net (fo=5, routed)           0.321     2.781    u_tracker/s2_h[1][19]_421[2]
    SLICE_X365Y520       LUT6 (Prop_lut6_I1_O)        0.043     2.824 r  u_tracker/cm_i[15]_i_346/O
                         net (fo=1, routed)           0.296     3.121    u_tracker/cm_i[15]_i_346_n_0
    SLICE_X368Y520       CARRY4 (Prop_carry4_DI[1]_CO[3])
                                                      0.253     3.374 r  u_tracker/cm_i_reg[15]_i_111/CO[3]
                         net (fo=1, routed)           0.000     3.374    u_tracker/cm_i_reg[15]_i_111_n_0
    SLICE_X368Y521       CARRY4 (Prop_carry4_CI_CO[3])
                                                      0.054     3.428 r  u_tracker/cm_i_reg[15]_i_31/CO[3]
                         net (fo=87, routed)          0.633     4.061    u_tracker/cm_i_reg[15]_i_31_n_0
    SLICE_X369Y518       LUT6 (Prop_lut6_I5_O)        0.043     4.104 f  u_tracker/cm_h[15]_i_53/O
                         net (fo=6, routed)           0.405     4.508    u_tracker/cm_h[15]_i_53_n_0
    SLICE_X369Y519       LUT2 (Prop_lut2_I0_O)        0.043     4.551 r  u_tracker/cm_i[15]_i_340/O
                         net (fo=1, routed)           0.000     4.551    u_tracker/cm_i[15]_i_340_n_0
    SLICE_X369Y519       CARRY4 (Prop_carry4_S[3]_CO[3])
                                                      0.193     4.744 r  u_tracker/cm_i_reg[15]_i_102/CO[3]
                         net (fo=1, routed)           0.000     4.744    u_tracker/cm_i_reg[15]_i_102_n_0
    SLICE_X369Y520       CARRY4 (Prop_carry4_CI_CO[3])
                                                      0.053     4.797 r  u_tracker/cm_i_reg[15]_i_30/CO[3]
                         net (fo=6, routed)           0.476     5.273    u_tracker/cm_i_reg[15]_i_30_n_0
    SLICE_X371Y520       LUT2 (Prop_lut2_I0_O)        0.043     5.316 r  u_tracker/cm_j[3]_i_22/O
                         net (fo=30, routed)          0.507     5.823    u_tracker/cm_j[3]_i_22_n_0
    SLICE_X370Y518       LUT6 (Prop_lut6_I3_O)        0.043     5.866 r  u_tracker/cm_h[15]_i_24/O
                         net (fo=1, routed)           0.301     6.167    u_tracker/cm_h[15]_i_24_n_0
    SLICE_X371Y518       CARRY4 (Prop_carry4_DI[3]_CO[3])
                                                      0.190     6.357 r  u_tracker/cm_h_reg[15]_i_6/CO[3]
                         net (fo=1, routed)           0.000     6.357    u_tracker/cm_h_reg[15]_i_6_n_0
    SLICE_X371Y519       CARRY4 (Prop_carry4_CI_CO[3])
                                                      0.053     6.410 f  u_tracker/cm_h_reg[15]_i_2/CO[3]
                         net (fo=42, routed)          0.481     6.891    u_tracker/cm_h_reg[15]_i_2_n_0
    SLICE_X372Y518       LUT6 (Prop_lut6_I5_O)        0.043     6.934 r  u_tracker/cm_h[2]_i_2/O
                         net (fo=5, routed)           0.594     7.529    u_tracker/cm_h[2]_i_2_n_0
    SLICE_X374Y516       LUT4 (Prop_lut4_I3_O)        0.043     7.572 r  u_tracker/cm_h[14]_i_57/O
                         net (fo=1, routed)           0.000     7.572    u_tracker/cm_h[14]_i_57_n_0
    SLICE_X374Y516       CARRY4 (Prop_carry4_S[1]_CO[3])
                                                      0.256     7.828 r  u_tracker/cm_h_reg[14]_i_26/CO[3]
                         net (fo=1, routed)           0.000     7.828    u_tracker/cm_h_reg[14]_i_26_n_0
    SLICE_X374Y517       CARRY4 (Prop_carry4_CI_CO[3])
                                                      0.054     7.882 r  u_tracker/cm_h_reg[14]_i_6/CO[3]
                         net (fo=20, routed)          0.661     8.542    u_tracker/cm_h_reg[14]_i_6_n_0
    SLICE_X378Y517       LUT2 (Prop_lut2_I0_O)        0.043     8.585 r  u_tracker/cm_i[15]_i_3/O
                         net (fo=23, routed)          0.681     9.266    u_tracker/cm_i[15]_i_3_n_0
    SLICE_X387Y520       LUT6 (Prop_lut6_I1_O)        0.043     9.309 r  u_tracker/cm_i[13]_i_1/O
                         net (fo=1, routed)           0.000     9.309    u_tracker/s2_i[13]
    SLICE_X387Y520       FDRE                                         r  u_tracker/cm_i_reg[13]/D
  -------------------------------------------------------------------    -------------------

                         (clock clk rise edge)        5.000     5.000 r  <hidden>
                                                      0.000     5.000 r  clk
                         net (fo=28504, unset)        0.510     5.510    u_tracker/clk
    SLICE_X387Y520       FDRE                                         r  u_tracker/cm_i_reg[13]/C
                         clock pessimism              0.000     5.510    <hidden>
                         clock uncertainty           -0.035     5.475    <hidden>
    SLICE_X387Y520       FDRE (Setup_fdre_C_D)        0.034     5.509    u_tracker/cm_i_reg[13]
  -------------------------------------------------------------------
                         required time                          5.509    <hidden>
                         arrival time                          -9.309    <hidden>
  -------------------------------------------------------------------
                         slack                                 -3.800    <hidden>

Slack (VIOLATED) :        -3.780ns  (required time - arrival time)
  Source:                 u_tracker/pr_h_reg[27][2]/C
                            (rising edge-triggered cell FDRE clocked by clk  {rise@0.000ns fall@2.500ns period=5.000ns})
  Destination:            u_tracker/cm_j_reg[1]/D
                            (rising edge-triggered cell FDRE clocked by clk  {rise@0.000ns fall@2.500ns period=5.000ns})
  Path Group:             clk
  Path Type:              Setup (Max at Slow Process Corner)
  Requirement:            5.000ns  (clk rise@5.000ns - clk rise@0.000ns)
  Data Path Delay:        8.751ns  (logic 2.216ns (25.322%)  route 6.535ns (74.678%))
  Logic Levels:           23  (CARRY4=10 LUT2=1 LUT3=2 LUT4=5 LUT5=1 LUT6=4)
  Clock Path Skew:        -0.027ns (DCD - SCD + CPR)
    Destination Clock Delay (DCD):    0.510ns = ( 5.510 - 5.000 ) 
    Source Clock Delay      (SCD):    0.537ns
    Clock Pessimism Removal (CPR):    0.000ns
  Clock Uncertainty:      0.035ns  ((TSJ^2 + TIJ^2)^1/2 + DJ) / 2 + PE
    Total System Jitter     (TSJ):    0.071ns
    Total Input Jitter      (TIJ):    0.000ns
    Discrete Jitter          (DJ):    0.000ns
    Phase Error              (PE):    0.000ns

    Location             Delay type                Incr(ns)  Path(ns)    Netlist Resource(s)
  -------------------------------------------------------------------    -------------------
                         (clock clk rise edge)        0.000     0.000 r  <hidden>
                                                      0.000     0.000 r  clk
                         net (fo=28504, unset)        0.537     0.537    u_tracker/clk
    SLICE_X373Y508       FDRE                                         r  u_tracker/pr_h_reg[27][2]/C
  -------------------------------------------------------------------    -------------------
    SLICE_X373Y508       FDRE (Prop_fdre_C_Q)         0.223     0.760 r  u_tracker/pr_h_reg[27][2]/Q
                         net (fo=3, routed)           0.489     1.249    u_tracker/pr_h_reg[27]_62[2]
    SLICE_X375Y508       LUT4 (Prop_lut4_I1_O)        0.043     1.292 r  u_tracker/cm_i[15]_i_481/O
                         net (fo=1, routed)           0.000     1.292    u_tracker/cm_i[15]_i_481_n_0
    SLICE_X375Y508       CARRY4 (Prop_carry4_S[1]_CO[3])
                                                      0.267     1.559 r  u_tracker/cm_i_reg[15]_i_280/CO[3]
                         net (fo=1, routed)           0.000     1.559    u_tracker/cm_i_reg[15]_i_280_n_0
    SLICE_X375Y509       CARRY4 (Prop_carry4_CI_CO[3])
                                                      0.053     1.612 r  u_tracker/cm_i_reg[15]_i_91/CO[3]
                         net (fo=37, routed)          0.666     2.279    u_tracker/cm_i_reg[15]_i_91_n_0
    SLICE_X373Y509       LUT3 (Prop_lut3_I2_O)        0.043     2.322 r  u_tracker/cm_j[6]_i_95/O
                         net (fo=5, routed)           0.389     2.711    u_tracker/s2_h[1][13]_411[7]
    SLICE_X375Y510       LUT4 (Prop_lut4_I3_O)        0.043     2.754 r  u_tracker/cm_j[6]_i_74/O
                         net (fo=1, routed)           0.000     2.754    u_tracker/cm_j[6]_i_74_n_0
    SLICE_X375Y510       CARRY4 (Prop_carry4_S[3]_CO[3])
                                                      0.193     2.947 r  u_tracker/cm_j_reg[6]_i_35/CO[3]
                         net (fo=1, routed)           0.000     2.947    u_tracker/cm_j_reg[6]_i_35_n_0
    SLICE_X375Y511       CARRY4 (Prop_carry4_CI_CO[3])
                                                      0.053     3.000 r  u_tracker/cm_j_reg[6]_i_14/CO[3]
                         net (fo=20, routed)          0.615     3.615    u_tracker/cm_j_reg[6]_i_14_n_0
    SLICE_X378Y510       LUT6 (Prop_lut6_I1_O)        0.043     3.658 r  u_tracker/cm_h[3]_i_26/O
                         net (fo=3, routed)           0.440     4.098    u_tracker/cm_h[3]_i_26_n_0
    SLICE_X378Y511       LUT4 (Prop_lut4_I2_O)        0.043     4.141 r  u_tracker/cm_i[15]_i_261/O
                         net (fo=1, routed)           0.000     4.141    u_tracker/cm_i[15]_i_261_n_0
    SLICE_X378Y511       CARRY4 (Prop_carry4_S[1]_CO[3])
                                                      0.256     4.397 r  u_tracker/cm_i_reg[15]_i_81/CO[3]
                         net (fo=1, routed)           0.000     4.397    u_tracker/cm_i_reg[15]_i_81_n_0
    SLICE_X378Y512       CARRY4 (Prop_carry4_CI_CO[3])
                                                      0.054     4.451 r  u_tracker/cm_i_reg[15]_i_23/CO[3]
                         net (fo=38, routed)          0.569     5.020    u_tracker/cm_i_reg[15]_i_23_n_0
    SLICE_X379Y512       LUT3 (Prop_lut3_I2_O)        0.043     5.063 r  u_tracker/cm_h[0]_i_22/O
                         net (fo=5, routed)           0.468     5.531    u_tracker/s2_h[3][3]_419[0]
    SLICE_X379Y514       LUT4 (Prop_lut4_I3_O)        0.043     5.574 r  u_tracker/cm_j[6]_i_93/O
                         net (fo=1, routed)           0.000     5.574    u_tracker/cm_j[6]_i_93_n_0
    SLICE_X379Y514       CARRY4 (Prop_carry4_S[0]_CO[3])
                                                      0.259     5.833 r  u_tracker/cm_j_reg[6]_i_45/CO[3]
                         net (fo=1, routed)           0.000     5.833    u_tracker/cm_j_reg[6]_i_45_n_0
    SLICE_X379Y515       CARRY4 (Prop_carry4_CI_CO[3])
                                                      0.053     5.886 f  u_tracker/cm_j_reg[6]_i_16/CO[3]
                         net (fo=21, routed)          0.487     6.373    u_tracker/cm_j_reg[6]_i_16_n_0
    SLICE_X377Y514       LUT5 (Prop_lut5_I4_O)        0.043     6.416 r  u_tracker/cm_h[7]_i_12/O
                         net (fo=1, routed)           0.342     6.758    u_tracker/cm_h[7]_i_12_n_0
    SLICE_X377Y515       LUT6 (Prop_lut6_I0_O)        0.043     6.801 r  u_tracker/cm_h[7]_i_4/O
                         net (fo=5, routed)           0.576     7.377    u_tracker/s2_h[7]
    SLICE_X373Y515       LUT4 (Prop_lut4_I2_O)        0.043     7.420 r  u_tracker/cm_j[3]_i_34/O
                         net (fo=1, routed)           0.000     7.420    u_tracker/cm_j[3]_i_34_n_0
    SLICE_X373Y515       CARRY4 (Prop_carry4_S[3]_CO[3])
                                                      0.193     7.613 r  u_tracker/cm_j_reg[3]_i_13/CO[3]
                         net (fo=1, routed)           0.000     7.613    u_tracker/cm_j_reg[3]_i_13_n_0
    SLICE_X373Y516       CARRY4 (Prop_carry4_CI_CO[3])
                                                      0.053     7.666 r  u_tracker/cm_j_reg[3]_i_4/CO[3]
                         net (fo=20, routed)          0.654     8.320    u_tracker/s2_h1
    SLICE_X374Y514       LUT2 (Prop_lut2_I0_O)        0.043     8.363 r  u_tracker/cm_j[5]_i_3/O
                         net (fo=21, routed)          0.421     8.784    u_tracker/cm_j[5]_i_3_n_0
    SLICE_X379Y516       LUT6 (Prop_lut6_I0_O)        0.043     8.827 r  u_tracker/cm_j[1]_i_6/O
                         net (fo=1, routed)           0.419     9.245    u_tracker/cm_j[1]_i_6_n_0
    SLICE_X377Y518       LUT6 (Prop_lut6_I5_O)        0.043     9.288 r  u_tracker/cm_j[1]_i_1/O
                         net (fo=1, routed)           0.000     9.288    u_tracker/s2_j[1]
    SLICE_X377Y518       FDRE                                         r  u_tracker/cm_j_reg[1]/D
  -------------------------------------------------------------------    -------------------

                         (clock clk rise edge)        5.000     5.000 r  <hidden>
                                                      0.000     5.000 r  clk
                         net (fo=28504, unset)        0.510     5.510    u_tracker/clk
    SLICE_X377Y518       FDRE                                         r  u_tracker/cm_j_reg[1]/C
                         clock pessimism              0.000     5.510    <hidden>
                         clock uncertainty           -0.035     5.475    <hidden>
    SLICE_X377Y518       FDRE (Setup_fdre_C_D)        0.034     5.509    u_tracker/cm_j_reg[1]
  -------------------------------------------------------------------
                         required time                          5.509    <hidden>
                         arrival time                          -9.288    <hidden>
  -------------------------------------------------------------------
                         slack                                 -3.780    <hidden>

Slack (VIOLATED) :        -3.776ns  (required time - arrival time)
  Source:                 u_tracker/pr_h_reg[27][2]/C
                            (rising edge-triggered cell FDRE clocked by clk  {rise@0.000ns fall@2.500ns period=5.000ns})
  Destination:            u_tracker/cm_i_reg[15]/D
                            (rising edge-triggered cell FDRE clocked by clk  {rise@0.000ns fall@2.500ns period=5.000ns})
  Path Group:             clk
  Path Type:              Setup (Max at Slow Process Corner)
  Requirement:            5.000ns  (clk rise@5.000ns - clk rise@0.000ns)
  Data Path Delay:        8.747ns  (logic 2.216ns (25.335%)  route 6.531ns (74.665%))
  Logic Levels:           23  (CARRY4=10 LUT2=1 LUT3=2 LUT4=5 LUT5=1 LUT6=4)
  Clock Path Skew:        -0.027ns (DCD - SCD + CPR)
    Destination Clock Delay (DCD):    0.510ns = ( 5.510 - 5.000 ) 
    Source Clock Delay      (SCD):    0.537ns
    Clock Pessimism Removal (CPR):    0.000ns
  Clock Uncertainty:      0.035ns  ((TSJ^2 + TIJ^2)^1/2 + DJ) / 2 + PE
    Total System Jitter     (TSJ):    0.071ns
    Total Input Jitter      (TIJ):    0.000ns
    Discrete Jitter          (DJ):    0.000ns
    Phase Error              (PE):    0.000ns

    Location             Delay type                Incr(ns)  Path(ns)    Netlist Resource(s)
  -------------------------------------------------------------------    -------------------
                         (clock clk rise edge)        0.000     0.000 r  <hidden>
                                                      0.000     0.000 r  clk
                         net (fo=28504, unset)        0.537     0.537    u_tracker/clk
    SLICE_X373Y508       FDRE                                         r  u_tracker/pr_h_reg[27][2]/C
  -------------------------------------------------------------------    -------------------
    SLICE_X373Y508       FDRE (Prop_fdre_C_Q)         0.223     0.760 r  u_tracker/pr_h_reg[27][2]/Q
                         net (fo=3, routed)           0.489     1.249    u_tracker/pr_h_reg[27]_62[2]
    SLICE_X375Y508       LUT4 (Prop_lut4_I1_O)        0.043     1.292 r  u_tracker/cm_i[15]_i_481/O
                         net (fo=1, routed)           0.000     1.292    u_tracker/cm_i[15]_i_481_n_0
    SLICE_X375Y508       CARRY4 (Prop_carry4_S[1]_CO[3])
                                                      0.267     1.559 r  u_tracker/cm_i_reg[15]_i_280/CO[3]
                         net (fo=1, routed)           0.000     1.559    u_tracker/cm_i_reg[15]_i_280_n_0
    SLICE_X375Y509       CARRY4 (Prop_carry4_CI_CO[3])
                                                      0.053     1.612 r  u_tracker/cm_i_reg[15]_i_91/CO[3]
                         net (fo=37, routed)          0.666     2.279    u_tracker/cm_i_reg[15]_i_91_n_0
    SLICE_X373Y509       LUT3 (Prop_lut3_I2_O)        0.043     2.322 r  u_tracker/cm_j[6]_i_95/O
                         net (fo=5, routed)           0.389     2.711    u_tracker/s2_h[1][13]_411[7]
    SLICE_X375Y510       LUT4 (Prop_lut4_I3_O)        0.043     2.754 r  u_tracker/cm_j[6]_i_74/O
                         net (fo=1, routed)           0.000     2.754    u_tracker/cm_j[6]_i_74_n_0
    SLICE_X375Y510       CARRY4 (Prop_carry4_S[3]_CO[3])
                                                      0.193     2.947 r  u_tracker/cm_j_reg[6]_i_35/CO[3]
                         net (fo=1, routed)           0.000     2.947    u_tracker/cm_j_reg[6]_i_35_n_0
    SLICE_X375Y511       CARRY4 (Prop_carry4_CI_CO[3])
                                                      0.053     3.000 r  u_tracker/cm_j_reg[6]_i_14/CO[3]
                         net (fo=20, routed)          0.615     3.615    u_tracker/cm_j_reg[6]_i_14_n_0
    SLICE_X378Y510       LUT6 (Prop_lut6_I1_O)        0.043     3.658 r  u_tracker/cm_h[3]_i_26/O
                         net (fo=3, routed)           0.440     4.098    u_tracker/cm_h[3]_i_26_n_0
    SLICE_X378Y511       LUT4 (Prop_lut4_I2_O)        0.043     4.141 r  u_tracker/cm_i[15]_i_261/O
                         net (fo=1, routed)           0.000     4.141    u_tracker/cm_i[15]_i_261_n_0
    SLICE_X378Y511       CARRY4 (Prop_carry4_S[1]_CO[3])
                                                      0.256     4.397 r  u_tracker/cm_i_reg[15]_i_81/CO[3]
                         net (fo=1, routed)           0.000     4.397    u_tracker/cm_i_reg[15]_i_81_n_0
    SLICE_X378Y512       CARRY4 (Prop_carry4_CI_CO[3])
                                                      0.054     4.451 r  u_tracker/cm_i_reg[15]_i_23/CO[3]
                         net (fo=38, routed)          0.569     5.020    u_tracker/cm_i_reg[15]_i_23_n_0
    SLICE_X379Y512       LUT3 (Prop_lut3_I2_O)        0.043     5.063 r  u_tracker/cm_h[0]_i_22/O
                         net (fo=5, routed)           0.468     5.531    u_tracker/s2_h[3][3]_419[0]
    SLICE_X379Y514       LUT4 (Prop_lut4_I3_O)        0.043     5.574 r  u_tracker/cm_j[6]_i_93/O
                         net (fo=1, routed)           0.000     5.574    u_tracker/cm_j[6]_i_93_n_0
    SLICE_X379Y514       CARRY4 (Prop_carry4_S[0]_CO[3])
                                                      0.259     5.833 r  u_tracker/cm_j_reg[6]_i_45/CO[3]
                         net (fo=1, routed)           0.000     5.833    u_tracker/cm_j_reg[6]_i_45_n_0
    SLICE_X379Y515       CARRY4 (Prop_carry4_CI_CO[3])
                                                      0.053     5.886 f  u_tracker/cm_j_reg[6]_i_16/CO[3]
                         net (fo=21, routed)          0.487     6.373    u_tracker/cm_j_reg[6]_i_16_n_0
    SLICE_X377Y514       LUT5 (Prop_lut5_I4_O)        0.043     6.416 r  u_tracker/cm_h[7]_i_12/O
                         net (fo=1, routed)           0.342     6.758    u_tracker/cm_h[7]_i_12_n_0
    SLICE_X377Y515       LUT6 (Prop_lut6_I0_O)        0.043     6.801 r  u_tracker/cm_h[7]_i_4/O
                         net (fo=5, routed)           0.576     7.377    u_tracker/s2_h[7]
    SLICE_X373Y515       LUT4 (Prop_lut4_I2_O)        0.043     7.420 r  u_tracker/cm_j[3]_i_34/O
                         net (fo=1, routed)           0.000     7.420    u_tracker/cm_j[3]_i_34_n_0
    SLICE_X373Y515       CARRY4 (Prop_carry4_S[3]_CO[3])
                                                      0.193     7.613 r  u_tracker/cm_j_reg[3]_i_13/CO[3]
                         net (fo=1, routed)           0.000     7.613    u_tracker/cm_j_reg[3]_i_13_n_0
    SLICE_X373Y516       CARRY4 (Prop_carry4_CI_CO[3])
                                                      0.053     7.666 r  u_tracker/cm_j_reg[3]_i_4/CO[3]
                         net (fo=20, routed)          0.654     8.320    u_tracker/s2_h1
    SLICE_X374Y514       LUT2 (Prop_lut2_I0_O)        0.043     8.363 r  u_tracker/cm_j[5]_i_3/O
                         net (fo=21, routed)          0.568     8.931    u_tracker/cm_j[5]_i_3_n_0
    SLICE_X384Y519       LUT6 (Prop_lut6_I0_O)        0.043     8.974 r  u_tracker/cm_i[15]_i_7/O
                         net (fo=1, routed)           0.267     9.241    u_tracker/cm_i[15]_i_7_n_0
    SLICE_X387Y519       LUT6 (Prop_lut6_I5_O)        0.043     9.284 r  u_tracker/cm_i[15]_i_1/O
                         net (fo=1, routed)           0.000     9.284    u_tracker/s2_i[15]
    SLICE_X387Y519       FDRE                                         r  u_tracker/cm_i_reg[15]/D
  -------------------------------------------------------------------    -------------------

                         (clock clk rise edge)        5.000     5.000 r  <hidden>
                                                      0.000     5.000 r  clk
                         net (fo=28504, unset)        0.510     5.510    u_tracker/clk
    SLICE_X387Y519       FDRE                                         r  u_tracker/cm_i_reg[15]/C
                         clock pessimism              0.000     5.510    <hidden>
                         clock uncertainty           -0.035     5.475    <hidden>
    SLICE_X387Y519       FDRE (Setup_fdre_C_D)        0.033     5.508    u_tracker/cm_i_reg[15]
  -------------------------------------------------------------------
                         required time                          5.508    <hidden>
                         arrival time                          -9.284    <hidden>
  -------------------------------------------------------------------
                         slack                                 -3.776    <hidden>

Slack (VIOLATED) :        -3.772ns  (required time - arrival time)
  Source:                 u_tracker/pr_h_reg[38][9]/C
                            (rising edge-triggered cell FDRE clocked by clk  {rise@0.000ns fall@2.500ns period=5.000ns})
  Destination:            u_tracker/cm_i_reg[6]/D
                            (rising edge-triggered cell FDRE clocked by clk  {rise@0.000ns fall@2.500ns period=5.000ns})
  Path Group:             clk
  Path Type:              Setup (Max at Slow Process Corner)
  Requirement:            5.000ns  (clk rise@5.000ns - clk rise@0.000ns)
  Data Path Delay:        8.773ns  (logic 2.168ns (24.711%)  route 6.605ns (75.289%))
  Logic Levels:           21  (CARRY4=9 LUT2=2 LUT3=2 LUT4=2 LUT6=6)
  Clock Path Skew:        -0.027ns (DCD - SCD + CPR)
    Destination Clock Delay (DCD):    0.510ns = ( 5.510 - 5.000 ) 
    Source Clock Delay      (SCD):    0.537ns
    Clock Pessimism Removal (CPR):    0.000ns
  Clock Uncertainty:      0.035ns  ((TSJ^2 + TIJ^2)^1/2 + DJ) / 2 + PE
    Total System Jitter     (TSJ):    0.071ns
    Total Input Jitter      (TIJ):    0.000ns
    Discrete Jitter          (DJ):    0.000ns
    Phase Error              (PE):    0.000ns

    Location             Delay type                Incr(ns)  Path(ns)    Netlist Resource(s)
  -------------------------------------------------------------------    -------------------
                         (clock clk rise edge)        0.000     0.000 r  <hidden>
                                                      0.000     0.000 r  clk
                         net (fo=28504, unset)        0.537     0.537    u_tracker/clk
    SLICE_X367Y523       FDRE                                         r  u_tracker/pr_h_reg[38][9]/C
  -------------------------------------------------------------------    -------------------
    SLICE_X367Y523       FDRE (Prop_fdre_C_Q)         0.204     0.741 r  u_tracker/pr_h_reg[38][9]/Q
                         net (fo=8, routed)           0.645     1.386    u_tracker/pr_h_reg[38]_393[9]
    SLICE_X367Y522       LUT4 (Prop_lut4_I1_O)        0.126     1.512 r  u_tracker/cm_j[2]_i_22/O
                         net (fo=1, routed)           0.000     1.512    u_tracker/cm_j[2]_i_22_n_0
    SLICE_X367Y522       CARRY4 (Prop_carry4_S[0]_CO[3])
                                                      0.259     1.771 r  u_tracker/cm_j_reg[2]_i_6/CO[3]
                         net (fo=84, routed)          0.646     2.418    u_tracker/cm_j_reg[2]_i_6_n_0
    SLICE_X365Y522       LUT3 (Prop_lut3_I1_O)        0.043     2.461 f  u_tracker/cm_h[15]_i_75/O
                         net (fo=5, routed)           0.321     2.781    u_tracker/s2_h[1][19]_421[2]
    SLICE_X365Y520       LUT6 (Prop_lut6_I1_O)        0.043     2.824 r  u_tracker/cm_i[15]_i_346/O
                         net (fo=1, routed)           0.296     3.121    u_tracker/cm_i[15]_i_346_n_0
    SLICE_X368Y520       CARRY4 (Prop_carry4_DI[1]_CO[3])
                                                      0.253     3.374 r  u_tracker/cm_i_reg[15]_i_111/CO[3]
                         net (fo=1, routed)           0.000     3.374    u_tracker/cm_i_reg[15]_i_111_n_0
    SLICE_X368Y521       CARRY4 (Prop_carry4_CI_CO[3])
                                                      0.054     3.428 r  u_tracker/cm_i_reg[15]_i_31/CO[3]
                         net (fo=87, routed)          0.633     4.061    u_tracker/cm_i_reg[15]_i_31_n_0
    SLICE_X369Y518       LUT6 (Prop_lut6_I5_O)        0.043     4.104 f  u_tracker/cm_h[15]_i_53/O
                         net (fo=6, routed)           0.405     4.508    u_tracker/cm_h[15]_i_53_n_0
    SLICE_X369Y519       LUT2 (Prop_lut2_I0_O)        0.043     4.551 r  u_tracker/cm_i[15]_i_340/O
                         net (fo=1, routed)           0.000     4.551    u_tracker/cm_i[15]_i_340_n_0
    SLICE_X369Y519       CARRY4 (Prop_carry4_S[3]_CO[3])
                                                      0.193     4.744 r  u_tracker/cm_i_reg[15]_i_102/CO[3]
                         net (fo=1, routed)           0.000     4.744    u_tracker/cm_i_reg[15]_i_102_n_0
    SLICE_X369Y520       CARRY4 (Prop_carry4_CI_CO[3])
                                                      0.053     4.797 r  u_tracker/cm_i_reg[15]_i_30/CO[3]
                         net (fo=6, routed)           0.476     5.273    u_tracker/cm_i_reg[15]_i_30_n_0
    SLICE_X371Y520       LUT2 (Prop_lut2_I0_O)        0.043     5.316 r  u_tracker/cm_j[3]_i_22/O
                         net (fo=30, routed)          0.507     5.823    u_tracker/cm_j[3]_i_22_n_0
    SLICE_X370Y518       LUT6 (Prop_lut6_I3_O)        0.043     5.866 r  u_tracker/cm_h[15]_i_24/O
                         net (fo=1, routed)           0.301     6.167    u_tracker/cm_h[15]_i_24_n_0
    SLICE_X371Y518       CARRY4 (Prop_carry4_DI[3]_CO[3])
                                                      0.190     6.357 r  u_tracker/cm_h_reg[15]_i_6/CO[3]
                         net (fo=1, routed)           0.000     6.357    u_tracker/cm_h_reg[15]_i_6_n_0
    SLICE_X371Y519       CARRY4 (Prop_carry4_CI_CO[3])
                                                      0.053     6.410 f  u_tracker/cm_h_reg[15]_i_2/CO[3]
                         net (fo=42, routed)          0.480     6.890    u_tracker/cm_h_reg[15]_i_2_n_0
    SLICE_X371Y516       LUT6 (Prop_lut6_I5_O)        0.043     6.933 r  u_tracker/cm_h[3]_i_2/O
                         net (fo=5, routed)           0.445     7.378    u_tracker/cm_h[3]_i_2_n_0
    SLICE_X372Y516       LUT4 (Prop_lut4_I1_O)        0.043     7.421 r  u_tracker/cm_h[14]_i_41/O
                         net (fo=1, routed)           0.000     7.421    u_tracker/cm_h[14]_i_41_n_0
    SLICE_X372Y516       CARRY4 (Prop_carry4_S[1]_CO[3])
                                                      0.256     7.677 r  u_tracker/cm_h_reg[14]_i_7/CO[3]
                         net (fo=1, routed)           0.000     7.677    u_tracker/cm_h_reg[14]_i_7_n_0
    SLICE_X372Y517       CARRY4 (Prop_carry4_CI_CO[3])
                                                      0.054     7.731 f  u_tracker/cm_h_reg[14]_i_2/CO[3]
                         net (fo=21, routed)          0.759     8.490    u_tracker/cm_h_reg[14]_i_2_n_0
    SLICE_X379Y517       LUT3 (Prop_lut3_I0_O)        0.043     8.533 r  u_tracker/cm_j[7]_i_2/O
                         net (fo=22, routed)          0.445     8.979    u_tracker/cm_j[7]_i_2_n_0
    SLICE_X388Y518       LUT6 (Prop_lut6_I0_O)        0.043     9.022 r  u_tracker/cm_i[6]_i_2/O
                         net (fo=1, routed)           0.246     9.267    u_tracker/cm_i[6]_i_2_n_0
    SLICE_X388Y518       LUT6 (Prop_lut6_I0_O)        0.043     9.310 r  u_tracker/cm_i[6]_i_1/O
                         net (fo=1, routed)           0.000     9.310    u_tracker/s2_i[6]
    SLICE_X388Y518       FDRE                                         r  u_tracker/cm_i_reg[6]/D
  -------------------------------------------------------------------    -------------------

                         (clock clk rise edge)        5.000     5.000 r  <hidden>
                                                      0.000     5.000 r  clk
                         net (fo=28504, unset)        0.510     5.510    u_tracker/clk
    SLICE_X388Y518       FDRE                                         r  u_tracker/cm_i_reg[6]/C
                         clock pessimism              0.000     5.510    <hidden>
                         clock uncertainty           -0.035     5.475    <hidden>
    SLICE_X388Y518       FDRE (Setup_fdre_C_D)        0.064     5.539    u_tracker/cm_i_reg[6]
  -------------------------------------------------------------------
                         required time                          5.539    <hidden>
                         arrival time                          -9.310    <hidden>
  -------------------------------------------------------------------
                         slack                                 -3.772    <hidden>

Slack (VIOLATED) :        -3.760ns  (required time - arrival time)
  Source:                 u_tracker/pr_h_reg[38][9]/C
                            (rising edge-triggered cell FDRE clocked by clk  {rise@0.000ns fall@2.500ns period=5.000ns})
  Destination:            u_tracker/cm_i_reg[7]/D
                            (rising edge-triggered cell FDRE clocked by clk  {rise@0.000ns fall@2.500ns period=5.000ns})
  Path Group:             clk
  Path Type:              Setup (Max at Slow Process Corner)
  Requirement:            5.000ns  (clk rise@5.000ns - clk rise@0.000ns)
  Data Path Delay:        8.764ns  (logic 2.168ns (24.738%)  route 6.596ns (75.262%))
  Logic Levels:           21  (CARRY4=9 LUT2=2 LUT3=2 LUT4=2 LUT6=6)
  Clock Path Skew:        -0.027ns (DCD - SCD + CPR)
    Destination Clock Delay (DCD):    0.510ns = ( 5.510 - 5.000 ) 
    Source Clock Delay      (SCD):    0.537ns
    Clock Pessimism Removal (CPR):    0.000ns
  Clock Uncertainty:      0.035ns  ((TSJ^2 + TIJ^2)^1/2 + DJ) / 2 + PE
    Total System Jitter     (TSJ):    0.071ns
    Total Input Jitter      (TIJ):    0.000ns
    Discrete Jitter          (DJ):    0.000ns
    Phase Error              (PE):    0.000ns

    Location             Delay type                Incr(ns)  Path(ns)    Netlist Resource(s)
  -------------------------------------------------------------------    -------------------
                         (clock clk rise edge)        0.000     0.000 r  <hidden>
                                                      0.000     0.000 r  clk
                         net (fo=28504, unset)        0.537     0.537    u_tracker/clk
    SLICE_X367Y523       FDRE                                         r  u_tracker/pr_h_reg[38][9]/C
  -------------------------------------------------------------------    -------------------
    SLICE_X367Y523       FDRE (Prop_fdre_C_Q)         0.204     0.741 r  u_tracker/pr_h_reg[38][9]/Q
                         net (fo=8, routed)           0.645     1.386    u_tracker/pr_h_reg[38]_393[9]
    SLICE_X367Y522       LUT4 (Prop_lut4_I1_O)        0.126     1.512 r  u_tracker/cm_j[2]_i_22/O
                         net (fo=1, routed)           0.000     1.512    u_tracker/cm_j[2]_i_22_n_0
    SLICE_X367Y522       CARRY4 (Prop_carry4_S[0]_CO[3])
                                                      0.259     1.771 r  u_tracker/cm_j_reg[2]_i_6/CO[3]
                         net (fo=84, routed)          0.646     2.418    u_tracker/cm_j_reg[2]_i_6_n_0
    SLICE_X365Y522       LUT3 (Prop_lut3_I1_O)        0.043     2.461 f  u_tracker/cm_h[15]_i_75/O
                         net (fo=5, routed)           0.321     2.781    u_tracker/s2_h[1][19]_421[2]
    SLICE_X365Y520       LUT6 (Prop_lut6_I1_O)        0.043     2.824 r  u_tracker/cm_i[15]_i_346/O
                         net (fo=1, routed)           0.296     3.121    u_tracker/cm_i[15]_i_346_n_0
    SLICE_X368Y520       CARRY4 (Prop_carry4_DI[1]_CO[3])
                                                      0.253     3.374 r  u_tracker/cm_i_reg[15]_i_111/CO[3]
                         net (fo=1, routed)           0.000     3.374    u_tracker/cm_i_reg[15]_i_111_n_0
    SLICE_X368Y521       CARRY4 (Prop_carry4_CI_CO[3])
                                                      0.054     3.428 r  u_tracker/cm_i_reg[15]_i_31/CO[3]
                         net (fo=87, routed)          0.633     4.061    u_tracker/cm_i_reg[15]_i_31_n_0
    SLICE_X369Y518       LUT6 (Prop_lut6_I5_O)        0.043     4.104 f  u_tracker/cm_h[15]_i_53/O
                         net (fo=6, routed)           0.405     4.508    u_tracker/cm_h[15]_i_53_n_0
    SLICE_X369Y519       LUT2 (Prop_lut2_I0_O)        0.043     4.551 r  u_tracker/cm_i[15]_i_340/O
                         net (fo=1, routed)           0.000     4.551    u_tracker/cm_i[15]_i_340_n_0
    SLICE_X369Y519       CARRY4 (Prop_carry4_S[3]_CO[3])
                                                      0.193     4.744 r  u_tracker/cm_i_reg[15]_i_102/CO[3]
                         net (fo=1, routed)           0.000     4.744    u_tracker/cm_i_reg[15]_i_102_n_0
    SLICE_X369Y520       CARRY4 (Prop_carry4_CI_CO[3])
                                                      0.053     4.797 r  u_tracker/cm_i_reg[15]_i_30/CO[3]
                         net (fo=6, routed)           0.476     5.273    u_tracker/cm_i_reg[15]_i_30_n_0
    SLICE_X371Y520       LUT2 (Prop_lut2_I0_O)        0.043     5.316 r  u_tracker/cm_j[3]_i_22/O
                         net (fo=30, routed)          0.507     5.823    u_tracker/cm_j[3]_i_22_n_0
    SLICE_X370Y518       LUT6 (Prop_lut6_I3_O)        0.043     5.866 r  u_tracker/cm_h[15]_i_24/O
                         net (fo=1, routed)           0.301     6.167    u_tracker/cm_h[15]_i_24_n_0
    SLICE_X371Y518       CARRY4 (Prop_carry4_DI[3]_CO[3])
                                                      0.190     6.357 r  u_tracker/cm_h_reg[15]_i_6/CO[3]
                         net (fo=1, routed)           0.000     6.357    u_tracker/cm_h_reg[15]_i_6_n_0
    SLICE_X371Y519       CARRY4 (Prop_carry4_CI_CO[3])
                                                      0.053     6.410 f  u_tracker/cm_h_reg[15]_i_2/CO[3]
                         net (fo=42, routed)          0.480     6.890    u_tracker/cm_h_reg[15]_i_2_n_0
    SLICE_X371Y516       LUT6 (Prop_lut6_I5_O)        0.043     6.933 r  u_tracker/cm_h[3]_i_2/O
                         net (fo=5, routed)           0.445     7.378    u_tracker/cm_h[3]_i_2_n_0
    SLICE_X372Y516       LUT4 (Prop_lut4_I1_O)        0.043     7.421 r  u_tracker/cm_h[14]_i_41/O
                         net (fo=1, routed)           0.000     7.421    u_tracker/cm_h[14]_i_41_n_0
    SLICE_X372Y516       CARRY4 (Prop_carry4_S[1]_CO[3])
                                                      0.256     7.677 r  u_tracker/cm_h_reg[14]_i_7/CO[3]
                         net (fo=1, routed)           0.000     7.677    u_tracker/cm_h_reg[14]_i_7_n_0
    SLICE_X372Y517       CARRY4 (Prop_carry4_CI_CO[3])
                                                      0.054     7.731 f  u_tracker/cm_h_reg[14]_i_2/CO[3]
                         net (fo=21, routed)          0.759     8.490    u_tracker/cm_h_reg[14]_i_2_n_0
    SLICE_X379Y517       LUT3 (Prop_lut3_I0_O)        0.043     8.533 r  u_tracker/cm_j[7]_i_2/O
                         net (fo=22, routed)          0.434     8.968    u_tracker/cm_j[7]_i_2_n_0
    SLICE_X375Y519       LUT6 (Prop_lut6_I0_O)        0.043     9.011 r  u_tracker/cm_i[7]_i_2/O
                         net (fo=1, routed)           0.247     9.258    u_tracker/cm_i[7]_i_2_n_0
    SLICE_X374Y518       LUT6 (Prop_lut6_I0_O)        0.043     9.301 r  u_tracker/cm_i[7]_i_1/O
                         net (fo=1, routed)           0.000     9.301    u_tracker/s2_i[7]
    SLICE_X374Y518       FDRE                                         r  u_tracker/cm_i_reg[7]/D
  -------------------------------------------------------------------    -------------------

                         (clock clk rise edge)        5.000     5.000 r  <hidden>
                                                      0.000     5.000 r  clk
                         net (fo=28504, unset)        0.510     5.510    u_tracker/clk
    SLICE_X374Y518       FDRE                                         r  u_tracker/cm_i_reg[7]/C
                         clock pessimism              0.000     5.510    <hidden>
                         clock uncertainty           -0.035     5.475    <hidden>
    SLICE_X374Y518       FDRE (Setup_fdre_C_D)        0.066     5.541    u_tracker/cm_i_reg[7]
  -------------------------------------------------------------------
                         required time                          5.541    <hidden>
                         arrival time                          -9.301    <hidden>
  -------------------------------------------------------------------
                         slack                                 -3.760    <hidden>

Slack (VIOLATED) :        -3.741ns  (required time - arrival time)
  Source:                 u_tracker/pr_h_reg[38][9]/C
                            (rising edge-triggered cell FDRE clocked by clk  {rise@0.000ns fall@2.500ns period=5.000ns})
  Destination:            u_tracker/cm_i_reg[4]/D
                            (rising edge-triggered cell FDRE clocked by clk  {rise@0.000ns fall@2.500ns period=5.000ns})
  Path Group:             clk
  Path Type:              Setup (Max at Slow Process Corner)
  Requirement:            5.000ns  (clk rise@5.000ns - clk rise@0.000ns)
  Data Path Delay:        8.713ns  (logic 2.125ns (24.390%)  route 6.588ns (75.610%))
  Logic Levels:           20  (CARRY4=9 LUT2=3 LUT3=1 LUT4=2 LUT6=5)
  Clock Path Skew:        -0.027ns (DCD - SCD + CPR)
    Destination Clock Delay (DCD):    0.510ns = ( 5.510 - 5.000 ) 
    Source Clock Delay      (SCD):    0.537ns
    Clock Pessimism Removal (CPR):    0.000ns
  Clock Uncertainty:      0.035ns  ((TSJ^2 + TIJ^2)^1/2 + DJ) / 2 + PE
    Total System Jitter     (TSJ):    0.071ns
    Total Input Jitter      (TIJ):    0.000ns
    Discrete Jitter          (DJ):    0.000ns
    Phase Error              (PE):    0.000ns

    Location             Delay type                Incr(ns)  Path(ns)    Netlist Resource(s)
  -------------------------------------------------------------------    -------------------
                         (clock clk rise edge)        0.000     0.000 r  <hidden>
                                                      0.000     0.000 r  clk
                         net (fo=28504, unset)        0.537     0.537    u_tracker/clk
    SLICE_X367Y523       FDRE                                         r  u_tracker/pr_h_reg[38][9]/C
  -------------------------------------------------------------------    -------------------
    SLICE_X367Y523       FDRE (Prop_fdre_C_Q)         0.204     0.741 r  u_tracker/pr_h_reg[38][9]/Q
                         net (fo=8, routed)           0.645     1.386    u_tracker/pr_h_reg[38]_393[9]
    SLICE_X367Y522       LUT4 (Prop_lut4_I1_O)        0.126     1.512 r  u_tracker/cm_j[2]_i_22/O
                         net (fo=1, routed)           0.000     1.512    u_tracker/cm_j[2]_i_22_n_0
    SLICE_X367Y522       CARRY4 (Prop_carry4_S[0]_CO[3])
                                                      0.259     1.771 r  u_tracker/cm_j_reg[2]_i_6/CO[3]
                         net (fo=84, routed)          0.646     2.418    u_tracker/cm_j_reg[2]_i_6_n_0
    SLICE_X365Y522       LUT3 (Prop_lut3_I1_O)        0.043     2.461 f  u_tracker/cm_h[15]_i_75/O
                         net (fo=5, routed)           0.321     2.781    u_tracker/s2_h[1][19]_421[2]
    SLICE_X365Y520       LUT6 (Prop_lut6_I1_O)        0.043     2.824 r  u_tracker/cm_i[15]_i_346/O
                         net (fo=1, routed)           0.296     3.121    u_tracker/cm_i[15]_i_346_n_0
    SLICE_X368Y520       CARRY4 (Prop_carry4_DI[1]_CO[3])
                                                      0.253     3.374 r  u_tracker/cm_i_reg[15]_i_111/CO[3]
                         net (fo=1, routed)           0.000     3.374    u_tracker/cm_i_reg[15]_i_111_n_0
    SLICE_X368Y521       CARRY4 (Prop_carry4_CI_CO[3])
                                                      0.054     3.428 r  u_tracker/cm_i_reg[15]_i_31/CO[3]
                         net (fo=87, routed)          0.633     4.061    u_tracker/cm_i_reg[15]_i_31_n_0
    SLICE_X369Y518       LUT6 (Prop_lut6_I5_O)        0.043     4.104 f  u_tracker/cm_h[15]_i_53/O
                         net (fo=6, routed)           0.405     4.508    u_tracker/cm_h[15]_i_53_n_0
    SLICE_X369Y519       LUT2 (Prop_lut2_I0_O)        0.043     4.551 r  u_tracker/cm_i[15]_i_340/O
                         net (fo=1, routed)           0.000     4.551    u_tracker/cm_i[15]_i_340_n_0
    SLICE_X369Y519       CARRY4 (Prop_carry4_S[3]_CO[3])
                                                      0.193     4.744 r  u_tracker/cm_i_reg[15]_i_102/CO[3]
                         net (fo=1, routed)           0.000     4.744    u_tracker/cm_i_reg[15]_i_102_n_0
    SLICE_X369Y520       CARRY4 (Prop_carry4_CI_CO[3])
                                                      0.053     4.797 r  u_tracker/cm_i_reg[15]_i_30/CO[3]
                         net (fo=6, routed)           0.476     5.273    u_tracker/cm_i_reg[15]_i_30_n_0
    SLICE_X371Y520       LUT2 (Prop_lut2_I0_O)        0.043     5.316 r  u_tracker/cm_j[3]_i_22/O
                         net (fo=30, routed)          0.507     5.823    u_tracker/cm_j[3]_i_22_n_0
    SLICE_X370Y518       LUT6 (Prop_lut6_I3_O)        0.043     5.866 r  u_tracker/cm_h[15]_i_24/O
                         net (fo=1, routed)           0.301     6.167    u_tracker/cm_h[15]_i_24_n_0
    SLICE_X371Y518       CARRY4 (Prop_carry4_DI[3]_CO[3])
                                                      0.190     6.357 r  u_tracker/cm_h_reg[15]_i_6/CO[3]
                         net (fo=1, routed)           0.000     6.357    u_tracker/cm_h_reg[15]_i_6_n_0
    SLICE_X371Y519       CARRY4 (Prop_carry4_CI_CO[3])
                                                      0.053     6.410 f  u_tracker/cm_h_reg[15]_i_2/CO[3]
                         net (fo=42, routed)          0.481     6.891    u_tracker/cm_h_reg[15]_i_2_n_0
    SLICE_X372Y518       LUT6 (Prop_lut6_I5_O)        0.043     6.934 r  u_tracker/cm_h[2]_i_2/O
                         net (fo=5, routed)           0.594     7.529    u_tracker/cm_h[2]_i_2_n_0
    SLICE_X374Y516       LUT4 (Prop_lut4_I3_O)        0.043     7.572 r  u_tracker/cm_h[14]_i_57/O
                         net (fo=1, routed)           0.000     7.572    u_tracker/cm_h[14]_i_57_n_0
    SLICE_X374Y516       CARRY4 (Prop_carry4_S[1]_CO[3])
                                                      0.256     7.828 r  u_tracker/cm_h_reg[14]_i_26/CO[3]
                         net (fo=1, routed)           0.000     7.828    u_tracker/cm_h_reg[14]_i_26_n_0
    SLICE_X374Y517       CARRY4 (Prop_carry4_CI_CO[3])
                                                      0.054     7.882 r  u_tracker/cm_h_reg[14]_i_6/CO[3]
                         net (fo=20, routed)          0.661     8.542    u_tracker/cm_h_reg[14]_i_6_n_0
    SLICE_X378Y517       LUT2 (Prop_lut2_I0_O)        0.043     8.585 r  u_tracker/cm_i[15]_i_3/O
                         net (fo=23, routed)          0.621     9.207    u_tracker/cm_i[15]_i_3_n_0
    SLICE_X382Y518       LUT6 (Prop_lut6_I1_O)        0.043     9.250 r  u_tracker/cm_i[4]_i_1/O
                         net (fo=1, routed)           0.000     9.250    u_tracker/s2_i[4]
    SLICE_X382Y518       FDRE                                         r  u_tracker/cm_i_reg[4]/D
  -------------------------------------------------------------------    -------------------

                         (clock clk rise edge)        5.000     5.000 r  <hidden>
                                                      0.000     5.000 r  clk
                         net (fo=28504, unset)        0.510     5.510    u_tracker/clk
    SLICE_X382Y518       FDRE                                         r  u_tracker/cm_i_reg[4]/C
                         clock pessimism              0.000     5.510    <hidden>
                         clock uncertainty           -0.035     5.475    <hidden>
    SLICE_X382Y518       FDRE (Setup_fdre_C_D)        0.034     5.509    u_tracker/cm_i_reg[4]
  -------------------------------------------------------------------
                         required time                          5.509    <hidden>
                         arrival time                          -9.250    <hidden>
  -------------------------------------------------------------------
                         slack                                 -3.741    <hidden>

Slack (VIOLATED) :        -3.730ns  (required time - arrival time)
  Source:                 u_tracker/pr_h_reg[38][9]/C
                            (rising edge-triggered cell FDRE clocked by clk  {rise@0.000ns fall@2.500ns period=5.000ns})
  Destination:            u_tracker/cm_i_reg[5]/D
                            (rising edge-triggered cell FDRE clocked by clk  {rise@0.000ns fall@2.500ns period=5.000ns})
  Path Group:             clk
  Path Type:              Setup (Max at Slow Process Corner)
  Requirement:            5.000ns  (clk rise@5.000ns - clk rise@0.000ns)
  Data Path Delay:        8.700ns  (logic 2.125ns (24.424%)  route 6.575ns (75.576%))
  Logic Levels:           20  (CARRY4=9 LUT2=3 LUT3=1 LUT4=2 LUT6=5)
  Clock Path Skew:        -0.027ns (DCD - SCD + CPR)
    Destination Clock Delay (DCD):    0.510ns = ( 5.510 - 5.000 ) 
    Source Clock Delay      (SCD):    0.537ns
    Clock Pessimism Removal (CPR):    0.000ns
  Clock Uncertainty:      0.035ns  ((TSJ^2 + TIJ^2)^1/2 + DJ) / 2 + PE
    Total System Jitter     (TSJ):    0.071ns
    Total Input Jitter      (TIJ):    0.000ns
    Discrete Jitter          (DJ):    0.000ns
    Phase Error              (PE):    0.000ns

    Location             Delay type                Incr(ns)  Path(ns)    Netlist Resource(s)
  -------------------------------------------------------------------    -------------------
                         (clock clk rise edge)        0.000     0.000 r  <hidden>
                                                      0.000     0.000 r  clk
                         net (fo=28504, unset)        0.537     0.537    u_tracker/clk
    SLICE_X367Y523       FDRE                                         r  u_tracker/pr_h_reg[38][9]/C
  -------------------------------------------------------------------    -------------------
    SLICE_X367Y523       FDRE (Prop_fdre_C_Q)         0.204     0.741 r  u_tracker/pr_h_reg[38][9]/Q
                         net (fo=8, routed)           0.645     1.386    u_tracker/pr_h_reg[38]_393[9]
    SLICE_X367Y522       LUT4 (Prop_lut4_I1_O)        0.126     1.512 r  u_tracker/cm_j[2]_i_22/O
                         net (fo=1, routed)           0.000     1.512    u_tracker/cm_j[2]_i_22_n_0
    SLICE_X367Y522       CARRY4 (Prop_carry4_S[0]_CO[3])
                                                      0.259     1.771 r  u_tracker/cm_j_reg[2]_i_6/CO[3]
                         net (fo=84, routed)          0.646     2.418    u_tracker/cm_j_reg[2]_i_6_n_0
    SLICE_X365Y522       LUT3 (Prop_lut3_I1_O)        0.043     2.461 f  u_tracker/cm_h[15]_i_75/O
                         net (fo=5, routed)           0.321     2.781    u_tracker/s2_h[1][19]_421[2]
    SLICE_X365Y520       LUT6 (Prop_lut6_I1_O)        0.043     2.824 r  u_tracker/cm_i[15]_i_346/O
                         net (fo=1, routed)           0.296     3.121    u_tracker/cm_i[15]_i_346_n_0
    SLICE_X368Y520       CARRY4 (Prop_carry4_DI[1]_CO[3])
                                                      0.253     3.374 r  u_tracker/cm_i_reg[15]_i_111/CO[3]
                         net (fo=1, routed)           0.000     3.374    u_tracker/cm_i_reg[15]_i_111_n_0
    SLICE_X368Y521       CARRY4 (Prop_carry4_CI_CO[3])
                                                      0.054     3.428 r  u_tracker/cm_i_reg[15]_i_31/CO[3]
                         net (fo=87, routed)          0.633     4.061    u_tracker/cm_i_reg[15]_i_31_n_0
    SLICE_X369Y518       LUT6 (Prop_lut6_I5_O)        0.043     4.104 f  u_tracker/cm_h[15]_i_53/O
                         net (fo=6, routed)           0.405     4.508    u_tracker/cm_h[15]_i_53_n_0
    SLICE_X369Y519       LUT2 (Prop_lut2_I0_O)        0.043     4.551 r  u_tracker/cm_i[15]_i_340/O
                         net (fo=1, routed)           0.000     4.551    u_tracker/cm_i[15]_i_340_n_0
    SLICE_X369Y519       CARRY4 (Prop_carry4_S[3]_CO[3])
                                                      0.193     4.744 r  u_tracker/cm_i_reg[15]_i_102/CO[3]
                         net (fo=1, routed)           0.000     4.744    u_tracker/cm_i_reg[15]_i_102_n_0
    SLICE_X369Y520       CARRY4 (Prop_carry4_CI_CO[3])
                                                      0.053     4.797 r  u_tracker/cm_i_reg[15]_i_30/CO[3]
                         net (fo=6, routed)           0.476     5.273    u_tracker/cm_i_reg[15]_i_30_n_0
    SLICE_X371Y520       LUT2 (Prop_lut2_I0_O)        0.043     5.316 r  u_tracker/cm_j[3]_i_22/O
                         net (fo=30, routed)          0.507     5.823    u_tracker/cm_j[3]_i_22_n_0
    SLICE_X370Y518       LUT6 (Prop_lut6_I3_O)        0.043     5.866 r  u_tracker/cm_h[15]_i_24/O
                         net (fo=1, routed)           0.301     6.167    u_tracker/cm_h[15]_i_24_n_0
    SLICE_X371Y518       CARRY4 (Prop_carry4_DI[3]_CO[3])
                                                      0.190     6.357 r  u_tracker/cm_h_reg[15]_i_6/CO[3]
                         net (fo=1, routed)           0.000     6.357    u_tracker/cm_h_reg[15]_i_6_n_0
    SLICE_X371Y519       CARRY4 (Prop_carry4_CI_CO[3])
                                                      0.053     6.410 f  u_tracker/cm_h_reg[15]_i_2/CO[3]
                         net (fo=42, routed)          0.481     6.891    u_tracker/cm_h_reg[15]_i_2_n_0
    SLICE_X372Y518       LUT6 (Prop_lut6_I5_O)        0.043     6.934 r  u_tracker/cm_h[2]_i_2/O
                         net (fo=5, routed)           0.594     7.529    u_tracker/cm_h[2]_i_2_n_0
    SLICE_X374Y516       LUT4 (Prop_lut4_I3_O)        0.043     7.572 r  u_tracker/cm_h[14]_i_57/O
                         net (fo=1, routed)           0.000     7.572    u_tracker/cm_h[14]_i_57_n_0
    SLICE_X374Y516       CARRY4 (Prop_carry4_S[1]_CO[3])
                                                      0.256     7.828 r  u_tracker/cm_h_reg[14]_i_26/CO[3]
                         net (fo=1, routed)           0.000     7.828    u_tracker/cm_h_reg[14]_i_26_n_0
    SLICE_X374Y517       CARRY4 (Prop_carry4_CI_CO[3])
                                                      0.054     7.882 r  u_tracker/cm_h_reg[14]_i_6/CO[3]
                         net (fo=20, routed)          0.661     8.542    u_tracker/cm_h_reg[14]_i_6_n_0
    SLICE_X378Y517       LUT2 (Prop_lut2_I0_O)        0.043     8.585 r  u_tracker/cm_i[15]_i_3/O
                         net (fo=23, routed)          0.609     9.194    u_tracker/cm_i[15]_i_3_n_0
    SLICE_X381Y519       LUT6 (Prop_lut6_I1_O)        0.043     9.237 r  u_tracker/cm_i[5]_i_1/O
                         net (fo=1, routed)           0.000     9.237    u_tracker/s2_i[5]
    SLICE_X381Y519       FDRE                                         r  u_tracker/cm_i_reg[5]/D
  -------------------------------------------------------------------    -------------------

                         (clock clk rise edge)        5.000     5.000 r  <hidden>
                                                      0.000     5.000 r  clk
                         net (fo=28504, unset)        0.510     5.510    u_tracker/clk
    SLICE_X381Y519       FDRE                                         r  u_tracker/cm_i_reg[5]/C
                         clock pessimism              0.000     5.510    <hidden>
                         clock uncertainty           -0.035     5.475    <hidden>
    SLICE_X381Y519       FDRE (Setup_fdre_C_D)        0.033     5.508    u_tracker/cm_i_reg[5]
  -------------------------------------------------------------------
                         required time                          5.508    <hidden>
                         arrival time                          -9.237    <hidden>
  -------------------------------------------------------------------
                         slack                                 -3.730    <hidden>

Slack (VIOLATED) :        -3.729ns  (required time - arrival time)
  Source:                 u_tracker/pr_h_reg[27][2]/C
                            (rising edge-triggered cell FDRE clocked by clk  {rise@0.000ns fall@2.500ns period=5.000ns})
  Destination:            u_tracker/cm_i_reg[0]/D
                            (rising edge-triggered cell FDRE clocked by clk  {rise@0.000ns fall@2.500ns period=5.000ns})
  Path Group:             clk
  Path Type:              Setup (Max at Slow Process Corner)
  Requirement:            5.000ns  (clk rise@5.000ns - clk rise@0.000ns)
  Data Path Delay:        8.701ns  (logic 2.216ns (25.469%)  route 6.485ns (74.531%))
  Logic Levels:           23  (CARRY4=10 LUT2=1 LUT3=2 LUT4=5 LUT5=1 LUT6=4)
  Clock Path Skew:        -0.027ns (DCD - SCD + CPR)
    Destination Clock Delay (DCD):    0.510ns = ( 5.510 - 5.000 ) 
    Source Clock Delay      (SCD):    0.537ns
    Clock Pessimism Removal (CPR):    0.000ns
  Clock Uncertainty:      0.035ns  ((TSJ^2 + TIJ^2)^1/2 + DJ) / 2 + PE
    Total System Jitter     (TSJ):    0.071ns
    Total Input Jitter      (TIJ):    0.000ns
    Discrete Jitter          (DJ):    0.000ns
    Phase Error              (PE):    0.000ns

    Location             Delay type                Incr(ns)  Path(ns)    Netlist Resource(s)
  -------------------------------------------------------------------    -------------------
                         (clock clk rise edge)        0.000     0.000 r  <hidden>
                                                      0.000     0.000 r  clk
                         net (fo=28504, unset)        0.537     0.537    u_tracker/clk
    SLICE_X373Y508       FDRE                                         r  u_tracker/pr_h_reg[27][2]/C
  -------------------------------------------------------------------    -------------------
    SLICE_X373Y508       FDRE (Prop_fdre_C_Q)         0.223     0.760 r  u_tracker/pr_h_reg[27][2]/Q
                         net (fo=3, routed)           0.489     1.249    u_tracker/pr_h_reg[27]_62[2]
    SLICE_X375Y508       LUT4 (Prop_lut4_I1_O)        0.043     1.292 r  u_tracker/cm_i[15]_i_481/O
                         net (fo=1, routed)           0.000     1.292    u_tracker/cm_i[15]_i_481_n_0
    SLICE_X375Y508       CARRY4 (Prop_carry4_S[1]_CO[3])
                                                      0.267     1.559 r  u_tracker/cm_i_reg[15]_i_280/CO[3]
                         net (fo=1, routed)           0.000     1.559    u_tracker/cm_i_reg[15]_i_280_n_0
    SLICE_X375Y509       CARRY4 (Prop_carry4_CI_CO[3])
                                                      0.053     1.612 r  u_tracker/cm_i_reg[15]_i_91/CO[3]
                         net (fo=37, routed)          0.666     2.279    u_tracker/cm_i_reg[15]_i_91_n_0
    SLICE_X373Y509       LUT3 (Prop_lut3_I2_O)        0.043     2.322 r  u_tracker/cm_j[6]_i_95/O
                         net (fo=5, routed)           0.389     2.711    u_tracker/s2_h[1][13]_411[7]
    SLICE_X375Y510       LUT4 (Prop_lut4_I3_O)        0.043     2.754 r  u_tracker/cm_j[6]_i_74/O
                         net (fo=1, routed)           0.000     2.754    u_tracker/cm_j[6]_i_74_n_0
    SLICE_X375Y510       CARRY4 (Prop_carry4_S[3]_CO[3])
                                                      0.193     2.947 r  u_tracker/cm_j_reg[6]_i_35/CO[3]
                         net (fo=1, routed)           0.000     2.947    u_tracker/cm_j_reg[6]_i_35_n_0
    SLICE_X375Y511       CARRY4 (Prop_carry4_CI_CO[3])
                                                      0.053     3.000 r  u_tracker/cm_j_reg[6]_i_14/CO[3]
                         net (fo=20, routed)          0.615     3.615    u_tracker/cm_j_reg[6]_i_14_n_0
    SLICE_X378Y510       LUT6 (Prop_lut6_I1_O)        0.043     3.658 r  u_tracker/cm_h[3]_i_26/O
                         net (fo=3, routed)           0.440     4.098    u_tracker/cm_h[3]_i_26_n_0
    SLICE_X378Y511       LUT4 (Prop_lut4_I2_O)        0.043     4.141 r  u_tracker/cm_i[15]_i_261/O
                         net (fo=1, routed)           0.000     4.141    u_tracker/cm_i[15]_i_261_n_0
    SLICE_X378Y511       CARRY4 (Prop_carry4_S[1]_CO[3])
                                                      0.256     4.397 r  u_tracker/cm_i_reg[15]_i_81/CO[3]
                         net (fo=1, routed)           0.000     4.397    u_tracker/cm_i_reg[15]_i_81_n_0
    SLICE_X378Y512       CARRY4 (Prop_carry4_CI_CO[3])
                                                      0.054     4.451 r  u_tracker/cm_i_reg[15]_i_23/CO[3]
                         net (fo=38, routed)          0.569     5.020    u_tracker/cm_i_reg[15]_i_23_n_0
    SLICE_X379Y512       LUT3 (Prop_lut3_I2_O)        0.043     5.063 r  u_tracker/cm_h[0]_i_22/O
                         net (fo=5, routed)           0.468     5.531    u_tracker/s2_h[3][3]_419[0]
    SLICE_X379Y514       LUT4 (Prop_lut4_I3_O)        0.043     5.574 r  u_tracker/cm_j[6]_i_93/O
                         net (fo=1, routed)           0.000     5.574    u_tracker/cm_j[6]_i_93_n_0
    SLICE_X379Y514       CARRY4 (Prop_carry4_S[0]_CO[3])
                                                      0.259     5.833 r  u_tracker/cm_j_reg[6]_i_45/CO[3]
                         net (fo=1, routed)           0.000     5.833    u_tracker/cm_j_reg[6]_i_45_n_0
    SLICE_X379Y515       CARRY4 (Prop_carry4_CI_CO[3])
                                                      0.053     5.886 f  u_tracker/cm_j_reg[6]_i_16/CO[3]
                         net (fo=21, routed)          0.487     6.373    u_tracker/cm_j_reg[6]_i_16_n_0
    SLICE_X377Y514       LUT5 (Prop_lut5_I4_O)        0.043     6.416 r  u_tracker/cm_h[7]_i_12/O
                         net (fo=1, routed)           0.342     6.758    u_tracker/cm_h[7]_i_12_n_0
    SLICE_X377Y515       LUT6 (Prop_lut6_I0_O)        0.043     6.801 r  u_tracker/cm_h[7]_i_4/O
                         net (fo=5, routed)           0.576     7.377    u_tracker/s2_h[7]
    SLICE_X373Y515       LUT4 (Prop_lut4_I2_O)        0.043     7.420 r  u_tracker/cm_j[3]_i_34/O
                         net (fo=1, routed)           0.000     7.420    u_tracker/cm_j[3]_i_34_n_0
    SLICE_X373Y515       CARRY4 (Prop_carry4_S[3]_CO[3])
                                                      0.193     7.613 r  u_tracker/cm_j_reg[3]_i_13/CO[3]
                         net (fo=1, routed)           0.000     7.613    u_tracker/cm_j_reg[3]_i_13_n_0
    SLICE_X373Y516       CARRY4 (Prop_carry4_CI_CO[3])
                                                      0.053     7.666 r  u_tracker/cm_j_reg[3]_i_4/CO[3]
                         net (fo=20, routed)          0.654     8.320    u_tracker/s2_h1
    SLICE_X374Y514       LUT2 (Prop_lut2_I0_O)        0.043     8.363 r  u_tracker/cm_j[5]_i_3/O
                         net (fo=21, routed)          0.391     8.754    u_tracker/cm_j[5]_i_3_n_0
    SLICE_X374Y514       LUT6 (Prop_lut6_I0_O)        0.043     8.797 r  u_tracker/cm_i[0]_i_6/O
                         net (fo=1, routed)           0.398     9.195    u_tracker/cm_i[0]_i_6_n_0
    SLICE_X383Y514       LUT6 (Prop_lut6_I5_O)        0.043     9.238 r  u_tracker/cm_i[0]_i_1/O
                         net (fo=1, routed)           0.000     9.238    u_tracker/s2_i[0]
    SLICE_X383Y514       FDRE                                         r  u_tracker/cm_i_reg[0]/D
  -------------------------------------------------------------------    -------------------

                         (clock clk rise edge)        5.000     5.000 r  <hidden>
                                                      0.000     5.000 r  clk
                         net (fo=28504, unset)        0.510     5.510    u_tracker/clk
    SLICE_X383Y514       FDRE                                         r  u_tracker/cm_i_reg[0]/C
                         clock pessimism              0.000     5.510    <hidden>
                         clock uncertainty           -0.035     5.475    <hidden>
    SLICE_X383Y514       FDRE (Setup_fdre_C_D)        0.034     5.509    u_tracker/cm_i_reg[0]
  -------------------------------------------------------------------
                         required time                          5.509    <hidden>
                         arrival time                          -9.238    <hidden>
  -------------------------------------------------------------------
                         slack                                 -3.729    <hidden>

Slack (VIOLATED) :        -3.719ns  (required time - arrival time)
  Source:                 u_tracker/pr_h_reg[38][9]/C
                            (rising edge-triggered cell FDRE clocked by clk  {rise@0.000ns fall@2.500ns period=5.000ns})
  Destination:            u_tracker/cm_i_reg[8]/D
                            (rising edge-triggered cell FDRE clocked by clk  {rise@0.000ns fall@2.500ns period=5.000ns})
  Path Group:             clk
  Path Type:              Setup (Max at Slow Process Corner)
  Requirement:            5.000ns  (clk rise@5.000ns - clk rise@0.000ns)
  Data Path Delay:        8.690ns  (logic 2.168ns (24.948%)  route 6.522ns (75.052%))
  Logic Levels:           21  (CARRY4=9 LUT2=2 LUT3=2 LUT4=2 LUT6=6)
  Clock Path Skew:        -0.027ns (DCD - SCD + CPR)
    Destination Clock Delay (DCD):    0.510ns = ( 5.510 - 5.000 ) 
    Source Clock Delay      (SCD):    0.537ns
    Clock Pessimism Removal (CPR):    0.000ns
  Clock Uncertainty:      0.035ns  ((TSJ^2 + TIJ^2)^1/2 + DJ) / 2 + PE
    Total System Jitter     (TSJ):    0.071ns
    Total Input Jitter      (TIJ):    0.000ns
    Discrete Jitter          (DJ):    0.000ns
    Phase Error              (PE):    0.000ns

    Location             Delay type                Incr(ns)  Path(ns)    Netlist Resource(s)
  -------------------------------------------------------------------    -------------------
                         (clock clk rise edge)        0.000     0.000 r  <hidden>
                                                      0.000     0.000 r  clk
                         net (fo=28504, unset)        0.537     0.537    u_tracker/clk
    SLICE_X367Y523       FDRE                                         r  u_tracker/pr_h_reg[38][9]/C
  -------------------------------------------------------------------    -------------------
    SLICE_X367Y523       FDRE (Prop_fdre_C_Q)         0.204     0.741 r  u_tracker/pr_h_reg[38][9]/Q
                         net (fo=8, routed)           0.645     1.386    u_tracker/pr_h_reg[38]_393[9]
    SLICE_X367Y522       LUT4 (Prop_lut4_I1_O)        0.126     1.512 r  u_tracker/cm_j[2]_i_22/O
                         net (fo=1, routed)           0.000     1.512    u_tracker/cm_j[2]_i_22_n_0
    SLICE_X367Y522       CARRY4 (Prop_carry4_S[0]_CO[3])
                                                      0.259     1.771 r  u_tracker/cm_j_reg[2]_i_6/CO[3]
                         net (fo=84, routed)          0.646     2.418    u_tracker/cm_j_reg[2]_i_6_n_0
    SLICE_X365Y522       LUT3 (Prop_lut3_I1_O)        0.043     2.461 f  u_tracker/cm_h[15]_i_75/O
                         net (fo=5, routed)           0.321     2.781    u_tracker/s2_h[1][19]_421[2]
    SLICE_X365Y520       LUT6 (Prop_lut6_I1_O)        0.043     2.824 r  u_tracker/cm_i[15]_i_346/O
                         net (fo=1, routed)           0.296     3.121    u_tracker/cm_i[15]_i_346_n_0
    SLICE_X368Y520       CARRY4 (Prop_carry4_DI[1]_CO[3])
                                                      0.253     3.374 r  u_tracker/cm_i_reg[15]_i_111/CO[3]
                         net (fo=1, routed)           0.000     3.374    u_tracker/cm_i_reg[15]_i_111_n_0
    SLICE_X368Y521       CARRY4 (Prop_carry4_CI_CO[3])
                                                      0.054     3.428 r  u_tracker/cm_i_reg[15]_i_31/CO[3]
                         net (fo=87, routed)          0.633     4.061    u_tracker/cm_i_reg[15]_i_31_n_0
    SLICE_X369Y518       LUT6 (Prop_lut6_I5_O)        0.043     4.104 f  u_tracker/cm_h[15]_i_53/O
                         net (fo=6, routed)           0.405     4.508    u_tracker/cm_h[15]_i_53_n_0
    SLICE_X369Y519       LUT2 (Prop_lut2_I0_O)        0.043     4.551 r  u_tracker/cm_i[15]_i_340/O
                         net (fo=1, routed)           0.000     4.551    u_tracker/cm_i[15]_i_340_n_0
    SLICE_X369Y519       CARRY4 (Prop_carry4_S[3]_CO[3])
                                                      0.193     4.744 r  u_tracker/cm_i_reg[15]_i_102/CO[3]
                         net (fo=1, routed)           0.000     4.744    u_tracker/cm_i_reg[15]_i_102_n_0
    SLICE_X369Y520       CARRY4 (Prop_carry4_CI_CO[3])
                                                      0.053     4.797 r  u_tracker/cm_i_reg[15]_i_30/CO[3]
                         net (fo=6, routed)           0.476     5.273    u_tracker/cm_i_reg[15]_i_30_n_0
    SLICE_X371Y520       LUT2 (Prop_lut2_I0_O)        0.043     5.316 r  u_tracker/cm_j[3]_i_22/O
                         net (fo=30, routed)          0.507     5.823    u_tracker/cm_j[3]_i_22_n_0
    SLICE_X370Y518       LUT6 (Prop_lut6_I3_O)        0.043     5.866 r  u_tracker/cm_h[15]_i_24/O
                         net (fo=1, routed)           0.301     6.167    u_tracker/cm_h[15]_i_24_n_0
    SLICE_X371Y518       CARRY4 (Prop_carry4_DI[3]_CO[3])
                                                      0.190     6.357 r  u_tracker/cm_h_reg[15]_i_6/CO[3]
                         net (fo=1, routed)           0.000     6.357    u_tracker/cm_h_reg[15]_i_6_n_0
    SLICE_X371Y519       CARRY4 (Prop_carry4_CI_CO[3])
                                                      0.053     6.410 f  u_tracker/cm_h_reg[15]_i_2/CO[3]
                         net (fo=42, routed)          0.480     6.890    u_tracker/cm_h_reg[15]_i_2_n_0
    SLICE_X371Y516       LUT6 (Prop_lut6_I5_O)        0.043     6.933 r  u_tracker/cm_h[3]_i_2/O
                         net (fo=5, routed)           0.445     7.378    u_tracker/cm_h[3]_i_2_n_0
    SLICE_X372Y516       LUT4 (Prop_lut4_I1_O)        0.043     7.421 r  u_tracker/cm_h[14]_i_41/O
                         net (fo=1, routed)           0.000     7.421    u_tracker/cm_h[14]_i_41_n_0
    SLICE_X372Y516       CARRY4 (Prop_carry4_S[1]_CO[3])
                                                      0.256     7.677 r  u_tracker/cm_h_reg[14]_i_7/CO[3]
                         net (fo=1, routed)           0.000     7.677    u_tracker/cm_h_reg[14]_i_7_n_0
    SLICE_X372Y517       CARRY4 (Prop_carry4_CI_CO[3])
                                                      0.054     7.731 f  u_tracker/cm_h_reg[14]_i_2/CO[3]
                         net (fo=21, routed)          0.759     8.490    u_tracker/cm_h_reg[14]_i_2_n_0
    SLICE_X379Y517       LUT3 (Prop_lut3_I0_O)        0.043     8.533 r  u_tracker/cm_j[7]_i_2/O
                         net (fo=22, routed)          0.357     8.890    u_tracker/cm_j[7]_i_2_n_0
    SLICE_X386Y518       LUT6 (Prop_lut6_I0_O)        0.043     8.933 r  u_tracker/cm_i[8]_i_2/O
                         net (fo=1, routed)           0.251     9.184    u_tracker/cm_i[8]_i_2_n_0
    SLICE_X386Y518       LUT6 (Prop_lut6_I0_O)        0.043     9.227 r  u_tracker/cm_i[8]_i_1/O
                         net (fo=1, routed)           0.000     9.227    u_tracker/s2_i[8]
    SLICE_X386Y518       FDRE                                         r  u_tracker/cm_i_reg[8]/D
  -------------------------------------------------------------------    -------------------

                         (clock clk rise edge)        5.000     5.000 r  <hidden>
                                                      0.000     5.000 r  clk
                         net (fo=28504, unset)        0.510     5.510    u_tracker/clk
    SLICE_X386Y518       FDRE                                         r  u_tracker/cm_i_reg[8]/C
                         clock pessimism              0.000     5.510    <hidden>
                         clock uncertainty           -0.035     5.475    <hidden>
    SLICE_X386Y518       FDRE (Setup_fdre_C_D)        0.033     5.508    u_tracker/cm_i_reg[8]
  -------------------------------------------------------------------
                         required time                          5.508    <hidden>
                         arrival time                          -9.227    <hidden>
  -------------------------------------------------------------------
                         slack                                 -3.719    <hidden>

Slack (VIOLATED) :        -3.716ns  (required time - arrival time)
  Source:                 u_tracker/pr_h_reg[38][9]/C
                            (rising edge-triggered cell FDRE clocked by clk  {rise@0.000ns fall@2.500ns period=5.000ns})
  Destination:            u_tracker/cm_i_reg[12]/D
                            (rising edge-triggered cell FDRE clocked by clk  {rise@0.000ns fall@2.500ns period=5.000ns})
  Path Group:             clk
  Path Type:              Setup (Max at Slow Process Corner)
  Requirement:            5.000ns  (clk rise@5.000ns - clk rise@0.000ns)
  Data Path Delay:        8.717ns  (logic 2.125ns (24.377%)  route 6.592ns (75.623%))
  Logic Levels:           20  (CARRY4=9 LUT2=3 LUT3=1 LUT4=2 LUT6=5)
  Clock Path Skew:        -0.027ns (DCD - SCD + CPR)
    Destination Clock Delay (DCD):    0.510ns = ( 5.510 - 5.000 ) 
    Source Clock Delay      (SCD):    0.537ns
    Clock Pessimism Removal (CPR):    0.000ns
  Clock Uncertainty:      0.035ns  ((TSJ^2 + TIJ^2)^1/2 + DJ) / 2 + PE
    Total System Jitter     (TSJ):    0.071ns
    Total Input Jitter      (TIJ):    0.000ns
    Discrete Jitter          (DJ):    0.000ns
    Phase Error              (PE):    0.000ns

    Location             Delay type                Incr(ns)  Path(ns)    Netlist Resource(s)
  -------------------------------------------------------------------    -------------------
                         (clock clk rise edge)        0.000     0.000 r  <hidden>
                                                      0.000     0.000 r  clk
                         net (fo=28504, unset)        0.537     0.537    u_tracker/clk
    SLICE_X367Y523       FDRE                                         r  u_tracker/pr_h_reg[38][9]/C
  -------------------------------------------------------------------    -------------------
    SLICE_X367Y523       FDRE (Prop_fdre_C_Q)         0.204     0.741 r  u_tracker/pr_h_reg[38][9]/Q
                         net (fo=8, routed)           0.645     1.386    u_tracker/pr_h_reg[38]_393[9]
    SLICE_X367Y522       LUT4 (Prop_lut4_I1_O)        0.126     1.512 r  u_tracker/cm_j[2]_i_22/O
                         net (fo=1, routed)           0.000     1.512    u_tracker/cm_j[2]_i_22_n_0
    SLICE_X367Y522       CARRY4 (Prop_carry4_S[0]_CO[3])
                                                      0.259     1.771 r  u_tracker/cm_j_reg[2]_i_6/CO[3]
                         net (fo=84, routed)          0.646     2.418    u_tracker/cm_j_reg[2]_i_6_n_0
    SLICE_X365Y522       LUT3 (Prop_lut3_I1_O)        0.043     2.461 f  u_tracker/cm_h[15]_i_75/O
                         net (fo=5, routed)           0.321     2.781    u_tracker/s2_h[1][19]_421[2]
    SLICE_X365Y520       LUT6 (Prop_lut6_I1_O)        0.043     2.824 r  u_tracker/cm_i[15]_i_346/O
                         net (fo=1, routed)           0.296     3.121    u_tracker/cm_i[15]_i_346_n_0
    SLICE_X368Y520       CARRY4 (Prop_carry4_DI[1]_CO[3])
                                                      0.253     3.374 r  u_tracker/cm_i_reg[15]_i_111/CO[3]
                         net (fo=1, routed)           0.000     3.374    u_tracker/cm_i_reg[15]_i_111_n_0
    SLICE_X368Y521       CARRY4 (Prop_carry4_CI_CO[3])
                                                      0.054     3.428 r  u_tracker/cm_i_reg[15]_i_31/CO[3]
                         net (fo=87, routed)          0.633     4.061    u_tracker/cm_i_reg[15]_i_31_n_0
    SLICE_X369Y518       LUT6 (Prop_lut6_I5_O)        0.043     4.104 f  u_tracker/cm_h[15]_i_53/O
                         net (fo=6, routed)           0.405     4.508    u_tracker/cm_h[15]_i_53_n_0
    SLICE_X369Y519       LUT2 (Prop_lut2_I0_O)        0.043     4.551 r  u_tracker/cm_i[15]_i_340/O
                         net (fo=1, routed)           0.000     4.551    u_tracker/cm_i[15]_i_340_n_0
    SLICE_X369Y519       CARRY4 (Prop_carry4_S[3]_CO[3])
                                                      0.193     4.744 r  u_tracker/cm_i_reg[15]_i_102/CO[3]
                         net (fo=1, routed)           0.000     4.744    u_tracker/cm_i_reg[15]_i_102_n_0
    SLICE_X369Y520       CARRY4 (Prop_carry4_CI_CO[3])
                                                      0.053     4.797 r  u_tracker/cm_i_reg[15]_i_30/CO[3]
                         net (fo=6, routed)           0.476     5.273    u_tracker/cm_i_reg[15]_i_30_n_0
    SLICE_X371Y520       LUT2 (Prop_lut2_I0_O)        0.043     5.316 r  u_tracker/cm_j[3]_i_22/O
                         net (fo=30, routed)          0.507     5.823    u_tracker/cm_j[3]_i_22_n_0
    SLICE_X370Y518       LUT6 (Prop_lut6_I3_O)        0.043     5.866 r  u_tracker/cm_h[15]_i_24/O
                         net (fo=1, routed)           0.301     6.167    u_tracker/cm_h[15]_i_24_n_0
    SLICE_X371Y518       CARRY4 (Prop_carry4_DI[3]_CO[3])
                                                      0.190     6.357 r  u_tracker/cm_h_reg[15]_i_6/CO[3]
                         net (fo=1, routed)           0.000     6.357    u_tracker/cm_h_reg[15]_i_6_n_0
    SLICE_X371Y519       CARRY4 (Prop_carry4_CI_CO[3])
                                                      0.053     6.410 f  u_tracker/cm_h_reg[15]_i_2/CO[3]
                         net (fo=42, routed)          0.481     6.891    u_tracker/cm_h_reg[15]_i_2_n_0
    SLICE_X372Y518       LUT6 (Prop_lut6_I5_O)        0.043     6.934 r  u_tracker/cm_h[2]_i_2/O
                         net (fo=5, routed)           0.594     7.529    u_tracker/cm_h[2]_i_2_n_0
    SLICE_X374Y516       LUT4 (Prop_lut4_I3_O)        0.043     7.572 r  u_tracker/cm_h[14]_i_57/O
                         net (fo=1, routed)           0.000     7.572    u_tracker/cm_h[14]_i_57_n_0
    SLICE_X374Y516       CARRY4 (Prop_carry4_S[1]_CO[3])
                                                      0.256     7.828 r  u_tracker/cm_h_reg[14]_i_26/CO[3]
                         net (fo=1, routed)           0.000     7.828    u_tracker/cm_h_reg[14]_i_26_n_0
    SLICE_X374Y517       CARRY4 (Prop_carry4_CI_CO[3])
                                                      0.054     7.882 r  u_tracker/cm_h_reg[14]_i_6/CO[3]
                         net (fo=20, routed)          0.661     8.542    u_tracker/cm_h_reg[14]_i_6_n_0
    SLICE_X378Y517       LUT2 (Prop_lut2_I0_O)        0.043     8.585 r  u_tracker/cm_i[15]_i_3/O
                         net (fo=23, routed)          0.626     9.211    u_tracker/cm_i[15]_i_3_n_0
    SLICE_X384Y517       LUT6 (Prop_lut6_I1_O)        0.043     9.254 r  u_tracker/cm_i[12]_i_1/O
                         net (fo=1, routed)           0.000     9.254    u_tracker/s2_i[12]
    SLICE_X384Y517       FDRE                                         r  u_tracker/cm_i_reg[12]/D
  -------------------------------------------------------------------    -------------------

                         (clock clk rise edge)        5.000     5.000 r  <hidden>
                                                      0.000     5.000 r  clk
                         net (fo=28504, unset)        0.510     5.510    u_tracker/clk
    SLICE_X384Y517       FDRE                                         r  u_tracker/cm_i_reg[12]/C
                         clock pessimism              0.000     5.510    <hidden>
                         clock uncertainty           -0.035     5.475    <hidden>
    SLICE_X384Y517       FDRE (Setup_fdre_C_D)        0.064     5.539    u_tracker/cm_i_reg[12]
  -------------------------------------------------------------------
                         required time                          5.539    <hidden>
                         arrival time                          -9.254    <hidden>
  -------------------------------------------------------------------
                         slack                                 -3.716    <hidden>

Slack (VIOLATED) :        -3.705ns  (required time - arrival time)
  Source:                 u_tracker/pr_h_reg[38][9]/C
                            (rising edge-triggered cell FDRE clocked by clk  {rise@0.000ns fall@2.500ns period=5.000ns})
  Destination:            u_tracker/cm_i_reg[1]/D
                            (rising edge-triggered cell FDRE clocked by clk  {rise@0.000ns fall@2.500ns period=5.000ns})
  Path Group:             clk
  Path Type:              Setup (Max at Slow Process Corner)
  Requirement:            5.000ns  (clk rise@5.000ns - clk rise@0.000ns)
  Data Path Delay:        8.677ns  (logic 2.168ns (24.986%)  route 6.509ns (75.014%))
  Logic Levels:           21  (CARRY4=9 LUT2=2 LUT3=2 LUT4=2 LUT6=6)
  Clock Path Skew:        -0.027ns (DCD - SCD + CPR)
    Destination Clock Delay (DCD):    0.510ns = ( 5.510 - 5.000 ) 
    Source Clock Delay      (SCD):    0.537ns
    Clock Pessimism Removal (CPR):    0.000ns
  Clock Uncertainty:      0.035ns  ((TSJ^2 + TIJ^2)^1/2 + DJ) / 2 + PE
    Total System Jitter     (TSJ):    0.071ns
    Total Input Jitter      (TIJ):    0.000ns
    Discrete Jitter          (DJ):    0.000ns
    Phase Error              (PE):    0.000ns

    Location             Delay type                Incr(ns)  Path(ns)    Netlist Resource(s)
  -------------------------------------------------------------------    -------------------
                         (clock clk rise edge)        0.000     0.000 r  <hidden>
                                                      0.000     0.000 r  clk
                         net (fo=28504, unset)        0.537     0.537    u_tracker/clk
    SLICE_X367Y523       FDRE                                         r  u_tracker/pr_h_reg[38][9]/C
  -------------------------------------------------------------------    -------------------
    SLICE_X367Y523       FDRE (Prop_fdre_C_Q)         0.204     0.741 r  u_tracker/pr_h_reg[38][9]/Q
                         net (fo=8, routed)           0.645     1.386    u_tracker/pr_h_reg[38]_393[9]
    SLICE_X367Y522       LUT4 (Prop_lut4_I1_O)        0.126     1.512 r  u_tracker/cm_j[2]_i_22/O
                         net (fo=1, routed)           0.000     1.512    u_tracker/cm_j[2]_i_22_n_0
    SLICE_X367Y522       CARRY4 (Prop_carry4_S[0]_CO[3])
                                                      0.259     1.771 r  u_tracker/cm_j_reg[2]_i_6/CO[3]
                         net (fo=84, routed)          0.646     2.418    u_tracker/cm_j_reg[2]_i_6_n_0
    SLICE_X365Y522       LUT3 (Prop_lut3_I1_O)        0.043     2.461 f  u_tracker/cm_h[15]_i_75/O
                         net (fo=5, routed)           0.321     2.781    u_tracker/s2_h[1][19]_421[2]
    SLICE_X365Y520       LUT6 (Prop_lut6_I1_O)        0.043     2.824 r  u_tracker/cm_i[15]_i_346/O
                         net (fo=1, routed)           0.296     3.121    u_tracker/cm_i[15]_i_346_n_0
    SLICE_X368Y520       CARRY4 (Prop_carry4_DI[1]_CO[3])
                                                      0.253     3.374 r  u_tracker/cm_i_reg[15]_i_111/CO[3]
                         net (fo=1, routed)           0.000     3.374    u_tracker/cm_i_reg[15]_i_111_n_0
    SLICE_X368Y521       CARRY4 (Prop_carry4_CI_CO[3])
                                                      0.054     3.428 r  u_tracker/cm_i_reg[15]_i_31/CO[3]
                         net (fo=87, routed)          0.633     4.061    u_tracker/cm_i_reg[15]_i_31_n_0
    SLICE_X369Y518       LUT6 (Prop_lut6_I5_O)        0.043     4.104 f  u_tracker/cm_h[15]_i_53/O
                         net (fo=6, routed)           0.405     4.508    u_tracker/cm_h[15]_i_53_n_0
    SLICE_X369Y519       LUT2 (Prop_lut2_I0_O)        0.043     4.551 r  u_tracker/cm_i[15]_i_340/O
                         net (fo=1, routed)           0.000     4.551    u_tracker/cm_i[15]_i_340_n_0
    SLICE_X369Y519       CARRY4 (Prop_carry4_S[3]_CO[3])
                                                      0.193     4.744 r  u_tracker/cm_i_reg[15]_i_102/CO[3]
                         net (fo=1, routed)           0.000     4.744    u_tracker/cm_i_reg[15]_i_102_n_0
    SLICE_X369Y520       CARRY4 (Prop_carry4_CI_CO[3])
                                                      0.053     4.797 r  u_tracker/cm_i_reg[15]_i_30/CO[3]
                         net (fo=6, routed)           0.476     5.273    u_tracker/cm_i_reg[15]_i_30_n_0
    SLICE_X371Y520       LUT2 (Prop_lut2_I0_O)        0.043     5.316 r  u_tracker/cm_j[3]_i_22/O
                         net (fo=30, routed)          0.507     5.823    u_tracker/cm_j[3]_i_22_n_0
    SLICE_X370Y518       LUT6 (Prop_lut6_I3_O)        0.043     5.866 r  u_tracker/cm_h[15]_i_24/O
                         net (fo=1, routed)           0.301     6.167    u_tracker/cm_h[15]_i_24_n_0
    SLICE_X371Y518       CARRY4 (Prop_carry4_DI[3]_CO[3])
                                                      0.190     6.357 r  u_tracker/cm_h_reg[15]_i_6/CO[3]
                         net (fo=1, routed)           0.000     6.357    u_tracker/cm_h_reg[15]_i_6_n_0
    SLICE_X371Y519       CARRY4 (Prop_carry4_CI_CO[3])
                                                      0.053     6.410 f  u_tracker/cm_h_reg[15]_i_2/CO[3]
                         net (fo=42, routed)          0.480     6.890    u_tracker/cm_h_reg[15]_i_2_n_0
    SLICE_X371Y516       LUT6 (Prop_lut6_I5_O)        0.043     6.933 r  u_tracker/cm_h[3]_i_2/O
                         net (fo=5, routed)           0.445     7.378    u_tracker/cm_h[3]_i_2_n_0
    SLICE_X372Y516       LUT4 (Prop_lut4_I1_O)        0.043     7.421 r  u_tracker/cm_h[14]_i_41/O
                         net (fo=1, routed)           0.000     7.421    u_tracker/cm_h[14]_i_41_n_0
    SLICE_X372Y516       CARRY4 (Prop_carry4_S[1]_CO[3])
                                                      0.256     7.677 r  u_tracker/cm_h_reg[14]_i_7/CO[3]
                         net (fo=1, routed)           0.000     7.677    u_tracker/cm_h_reg[14]_i_7_n_0
    SLICE_X372Y517       CARRY4 (Prop_carry4_CI_CO[3])
                                                      0.054     7.731 f  u_tracker/cm_h_reg[14]_i_2/CO[3]
                         net (fo=21, routed)          0.759     8.490    u_tracker/cm_h_reg[14]_i_2_n_0
    SLICE_X379Y517       LUT3 (Prop_lut3_I0_O)        0.043     8.533 r  u_tracker/cm_j[7]_i_2/O
                         net (fo=22, routed)          0.247     8.780    u_tracker/cm_j[7]_i_2_n_0
    SLICE_X378Y518       LUT6 (Prop_lut6_I0_O)        0.043     8.823 r  u_tracker/cm_i[1]_i_2/O
                         net (fo=1, routed)           0.348     9.171    u_tracker/cm_i[1]_i_2_n_0
    SLICE_X379Y518       LUT6 (Prop_lut6_I0_O)        0.043     9.214 r  u_tracker/cm_i[1]_i_1/O
                         net (fo=1, routed)           0.000     9.214    u_tracker/s2_i[1]
    SLICE_X379Y518       FDRE                                         r  u_tracker/cm_i_reg[1]/D
  -------------------------------------------------------------------    -------------------

                         (clock clk rise edge)        5.000     5.000 r  <hidden>
                                                      0.000     5.000 r  clk
                         net (fo=28504, unset)        0.510     5.510    u_tracker/clk
    SLICE_X379Y518       FDRE                                         r  u_tracker/cm_i_reg[1]/C
                         clock pessimism              0.000     5.510    <hidden>
                         clock uncertainty           -0.035     5.475    <hidden>
    SLICE_X379Y518       FDRE (Setup_fdre_C_D)        0.034     5.509    u_tracker/cm_i_reg[1]
  -------------------------------------------------------------------
                         required time                          5.509    <hidden>
                         arrival time                          -9.214    <hidden>
  -------------------------------------------------------------------
                         slack                                 -3.705    <hidden>

Slack (VIOLATED) :        -3.705ns  (required time - arrival time)
  Source:                 u_tracker/pr_h_reg[38][9]/C
                            (rising edge-triggered cell FDRE clocked by clk  {rise@0.000ns fall@2.500ns period=5.000ns})
  Destination:            u_tracker/cm_i_reg[14]/D
                            (rising edge-triggered cell FDRE clocked by clk  {rise@0.000ns fall@2.500ns period=5.000ns})
  Path Group:             clk
  Path Type:              Setup (Max at Slow Process Corner)
  Requirement:            5.000ns  (clk rise@5.000ns - clk rise@0.000ns)
  Data Path Delay:        8.707ns  (logic 2.168ns (24.900%)  route 6.539ns (75.100%))
  Logic Levels:           21  (CARRY4=9 LUT2=2 LUT3=2 LUT4=2 LUT6=6)
  Clock Path Skew:        -0.027ns (DCD - SCD + CPR)
    Destination Clock Delay (DCD):    0.510ns = ( 5.510 - 5.000 ) 
    Source Clock Delay      (SCD):    0.537ns
    Clock Pessimism Removal (CPR):    0.000ns
  Clock Uncertainty:      0.035ns  ((TSJ^2 + TIJ^2)^1/2 + DJ) / 2 + PE
    Total System Jitter     (TSJ):    0.071ns
    Total Input Jitter      (TIJ):    0.000ns
    Discrete Jitter          (DJ):    0.000ns
    Phase Error              (PE):    0.000ns

    Location             Delay type                Incr(ns)  Path(ns)    Netlist Resource(s)
  -------------------------------------------------------------------    -------------------
                         (clock clk rise edge)        0.000     0.000 r  <hidden>
                                                      0.000     0.000 r  clk
                         net (fo=28504, unset)        0.537     0.537    u_tracker/clk
    SLICE_X367Y523       FDRE                                         r  u_tracker/pr_h_reg[38][9]/C
  -------------------------------------------------------------------    -------------------
    SLICE_X367Y523       FDRE (Prop_fdre_C_Q)         0.204     0.741 r  u_tracker/pr_h_reg[38][9]/Q
                         net (fo=8, routed)           0.645     1.386    u_tracker/pr_h_reg[38]_393[9]
    SLICE_X367Y522       LUT4 (Prop_lut4_I1_O)        0.126     1.512 r  u_tracker/cm_j[2]_i_22/O
                         net (fo=1, routed)           0.000     1.512    u_tracker/cm_j[2]_i_22_n_0
    SLICE_X367Y522       CARRY4 (Prop_carry4_S[0]_CO[3])
                                                      0.259     1.771 r  u_tracker/cm_j_reg[2]_i_6/CO[3]
                         net (fo=84, routed)          0.646     2.418    u_tracker/cm_j_reg[2]_i_6_n_0
    SLICE_X365Y522       LUT3 (Prop_lut3_I1_O)        0.043     2.461 f  u_tracker/cm_h[15]_i_75/O
                         net (fo=5, routed)           0.321     2.781    u_tracker/s2_h[1][19]_421[2]
    SLICE_X365Y520       LUT6 (Prop_lut6_I1_O)        0.043     2.824 r  u_tracker/cm_i[15]_i_346/O
                         net (fo=1, routed)           0.296     3.121    u_tracker/cm_i[15]_i_346_n_0
    SLICE_X368Y520       CARRY4 (Prop_carry4_DI[1]_CO[3])
                                                      0.253     3.374 r  u_tracker/cm_i_reg[15]_i_111/CO[3]
                         net (fo=1, routed)           0.000     3.374    u_tracker/cm_i_reg[15]_i_111_n_0
    SLICE_X368Y521       CARRY4 (Prop_carry4_CI_CO[3])
                                                      0.054     3.428 r  u_tracker/cm_i_reg[15]_i_31/CO[3]
                         net (fo=87, routed)          0.633     4.061    u_tracker/cm_i_reg[15]_i_31_n_0
    SLICE_X369Y518       LUT6 (Prop_lut6_I5_O)        0.043     4.104 f  u_tracker/cm_h[15]_i_53/O
                         net (fo=6, routed)           0.405     4.508    u_tracker/cm_h[15]_i_53_n_0
    SLICE_X369Y519       LUT2 (Prop_lut2_I0_O)        0.043     4.551 r  u_tracker/cm_i[15]_i_340/O
                         net (fo=1, routed)           0.000     4.551    u_tracker/cm_i[15]_i_340_n_0
    SLICE_X369Y519       CARRY4 (Prop_carry4_S[3]_CO[3])
                                                      0.193     4.744 r  u_tracker/cm_i_reg[15]_i_102/CO[3]
                         net (fo=1, routed)           0.000     4.744    u_tracker/cm_i_reg[15]_i_102_n_0
    SLICE_X369Y520       CARRY4 (Prop_carry4_CI_CO[3])
                                                      0.053     4.797 r  u_tracker/cm_i_reg[15]_i_30/CO[3]
                         net (fo=6, routed)           0.476     5.273    u_tracker/cm_i_reg[15]_i_30_n_0
    SLICE_X371Y520       LUT2 (Prop_lut2_I0_O)        0.043     5.316 r  u_tracker/cm_j[3]_i_22/O
                         net (fo=30, routed)          0.507     5.823    u_tracker/cm_j[3]_i_22_n_0
    SLICE_X370Y518       LUT6 (Prop_lut6_I3_O)        0.043     5.866 r  u_tracker/cm_h[15]_i_24/O
                         net (fo=1, routed)           0.301     6.167    u_tracker/cm_h[15]_i_24_n_0
    SLICE_X371Y518       CARRY4 (Prop_carry4_DI[3]_CO[3])
                                                      0.190     6.357 r  u_tracker/cm_h_reg[15]_i_6/CO[3]
                         net (fo=1, routed)           0.000     6.357    u_tracker/cm_h_reg[15]_i_6_n_0
    SLICE_X371Y519       CARRY4 (Prop_carry4_CI_CO[3])
                                                      0.053     6.410 f  u_tracker/cm_h_reg[15]_i_2/CO[3]
                         net (fo=42, routed)          0.480     6.890    u_tracker/cm_h_reg[15]_i_2_n_0
    SLICE_X371Y516       LUT6 (Prop_lut6_I5_O)        0.043     6.933 r  u_tracker/cm_h[3]_i_2/O
                         net (fo=5, routed)           0.445     7.378    u_tracker/cm_h[3]_i_2_n_0
    SLICE_X372Y516       LUT4 (Prop_lut4_I1_O)        0.043     7.421 r  u_tracker/cm_h[14]_i_41/O
                         net (fo=1, routed)           0.000     7.421    u_tracker/cm_h[14]_i_41_n_0
    SLICE_X372Y516       CARRY4 (Prop_carry4_S[1]_CO[3])
                                                      0.256     7.677 r  u_tracker/cm_h_reg[14]_i_7/CO[3]
                         net (fo=1, routed)           0.000     7.677    u_tracker/cm_h_reg[14]_i_7_n_0
    SLICE_X372Y517       CARRY4 (Prop_carry4_CI_CO[3])
                                                      0.054     7.731 f  u_tracker/cm_h_reg[14]_i_2/CO[3]
                         net (fo=21, routed)          0.759     8.490    u_tracker/cm_h_reg[14]_i_2_n_0
    SLICE_X379Y517       LUT3 (Prop_lut3_I0_O)        0.043     8.533 r  u_tracker/cm_j[7]_i_2/O
                         net (fo=22, routed)          0.385     8.918    u_tracker/cm_j[7]_i_2_n_0
    SLICE_X381Y519       LUT6 (Prop_lut6_I0_O)        0.043     8.961 r  u_tracker/cm_i[14]_i_2/O
                         net (fo=1, routed)           0.240     9.201    u_tracker/cm_i[14]_i_2_n_0
    SLICE_X378Y519       LUT6 (Prop_lut6_I0_O)        0.043     9.244 r  u_tracker/cm_i[14]_i_1/O
                         net (fo=1, routed)           0.000     9.244    u_tracker/s2_i[14]
    SLICE_X378Y519       FDRE                                         r  u_tracker/cm_i_reg[14]/D
  -------------------------------------------------------------------    -------------------

                         (clock clk rise edge)        5.000     5.000 r  <hidden>
                                                      0.000     5.000 r  clk
                         net (fo=28504, unset)        0.510     5.510    u_tracker/clk
    SLICE_X378Y519       FDRE                                         r  u_tracker/cm_i_reg[14]/C
                         clock pessimism              0.000     5.510    <hidden>
                         clock uncertainty           -0.035     5.475    <hidden>
    SLICE_X378Y519       FDRE (Setup_fdre_C_D)        0.064     5.539    u_tracker/cm_i_reg[14]
  -------------------------------------------------------------------
                         required time                          5.539    <hidden>
                         arrival time                          -9.244    <hidden>
  -------------------------------------------------------------------
                         slack                                 -3.705    <hidden>

Slack (VIOLATED) :        -3.677ns  (required time - arrival time)
  Source:                 u_tracker/pr_h_reg[38][9]/C
                            (rising edge-triggered cell FDRE clocked by clk  {rise@0.000ns fall@2.500ns period=5.000ns})
  Destination:            u_tracker/cm_i_reg[11]/D
                            (rising edge-triggered cell FDRE clocked by clk  {rise@0.000ns fall@2.500ns period=5.000ns})
  Path Group:             clk
  Path Type:              Setup (Max at Slow Process Corner)
  Requirement:            5.000ns  (clk rise@5.000ns - clk rise@0.000ns)
  Data Path Delay:        8.681ns  (logic 2.125ns (24.478%)  route 6.556ns (75.522%))
  Logic Levels:           20  (CARRY4=9 LUT2=3 LUT3=1 LUT4=2 LUT6=5)
  Clock Path Skew:        -0.027ns (DCD - SCD + CPR)
    Destination Clock Delay (DCD):    0.510ns = ( 5.510 - 5.000 ) 
    Source Clock Delay      (SCD):    0.537ns
    Clock Pessimism Removal (CPR):    0.000ns
  Clock Uncertainty:      0.035ns  ((TSJ^2 + TIJ^2)^1/2 + DJ) / 2 + PE
    Total System Jitter     (TSJ):    0.071ns
    Total Input Jitter      (TIJ):    0.000ns
    Discrete Jitter          (DJ):    0.000ns
    Phase Error              (PE):    0.000ns

    Location             Delay type                Incr(ns)  Path(ns)    Netlist Resource(s)
  -------------------------------------------------------------------    -------------------
                         (clock clk rise edge)        0.000     0.000 r  <hidden>
                                                      0.000     0.000 r  clk
                         net (fo=28504, unset)        0.537     0.537    u_tracker/clk
    SLICE_X367Y523       FDRE                                         r  u_tracker/pr_h_reg[38][9]/C
  -------------------------------------------------------------------    -------------------
    SLICE_X367Y523       FDRE (Prop_fdre_C_Q)         0.204     0.741 r  u_tracker/pr_h_reg[38][9]/Q
                         net (fo=8, routed)           0.645     1.386    u_tracker/pr_h_reg[38]_393[9]
    SLICE_X367Y522       LUT4 (Prop_lut4_I1_O)        0.126     1.512 r  u_tracker/cm_j[2]_i_22/O
                         net (fo=1, routed)           0.000     1.512    u_tracker/cm_j[2]_i_22_n_0
    SLICE_X367Y522       CARRY4 (Prop_carry4_S[0]_CO[3])
                                                      0.259     1.771 r  u_tracker/cm_j_reg[2]_i_6/CO[3]
                         net (fo=84, routed)          0.646     2.418    u_tracker/cm_j_reg[2]_i_6_n_0
    SLICE_X365Y522       LUT3 (Prop_lut3_I1_O)        0.043     2.461 f  u_tracker/cm_h[15]_i_75/O
                         net (fo=5, routed)           0.321     2.781    u_tracker/s2_h[1][19]_421[2]
    SLICE_X365Y520       LUT6 (Prop_lut6_I1_O)        0.043     2.824 r  u_tracker/cm_i[15]_i_346/O
                         net (fo=1, routed)           0.296     3.121    u_tracker/cm_i[15]_i_346_n_0
    SLICE_X368Y520       CARRY4 (Prop_carry4_DI[1]_CO[3])
                                                      0.253     3.374 r  u_tracker/cm_i_reg[15]_i_111/CO[3]
                         net (fo=1, routed)           0.000     3.374    u_tracker/cm_i_reg[15]_i_111_n_0
    SLICE_X368Y521       CARRY4 (Prop_carry4_CI_CO[3])
                                                      0.054     3.428 r  u_tracker/cm_i_reg[15]_i_31/CO[3]
                         net (fo=87, routed)          0.633     4.061    u_tracker/cm_i_reg[15]_i_31_n_0
    SLICE_X369Y518       LUT6 (Prop_lut6_I5_O)        0.043     4.104 f  u_tracker/cm_h[15]_i_53/O
                         net (fo=6, routed)           0.405     4.508    u_tracker/cm_h[15]_i_53_n_0
    SLICE_X369Y519       LUT2 (Prop_lut2_I0_O)        0.043     4.551 r  u_tracker/cm_i[15]_i_340/O
                         net (fo=1, routed)           0.000     4.551    u_tracker/cm_i[15]_i_340_n_0
    SLICE_X369Y519       CARRY4 (Prop_carry4_S[3]_CO[3])
                                                      0.193     4.744 r  u_tracker/cm_i_reg[15]_i_102/CO[3]
                         net (fo=1, routed)           0.000     4.744    u_tracker/cm_i_reg[15]_i_102_n_0
    SLICE_X369Y520       CARRY4 (Prop_carry4_CI_CO[3])
                                                      0.053     4.797 r  u_tracker/cm_i_reg[15]_i_30/CO[3]
                         net (fo=6, routed)           0.476     5.273    u_tracker/cm_i_reg[15]_i_30_n_0
    SLICE_X371Y520       LUT2 (Prop_lut2_I0_O)        0.043     5.316 r  u_tracker/cm_j[3]_i_22/O
                         net (fo=30, routed)          0.507     5.823    u_tracker/cm_j[3]_i_22_n_0
    SLICE_X370Y518       LUT6 (Prop_lut6_I3_O)        0.043     5.866 r  u_tracker/cm_h[15]_i_24/O
                         net (fo=1, routed)           0.301     6.167    u_tracker/cm_h[15]_i_24_n_0
    SLICE_X371Y518       CARRY4 (Prop_carry4_DI[3]_CO[3])
                                                      0.190     6.357 r  u_tracker/cm_h_reg[15]_i_6/CO[3]
                         net (fo=1, routed)           0.000     6.357    u_tracker/cm_h_reg[15]_i_6_n_0
    SLICE_X371Y519       CARRY4 (Prop_carry4_CI_CO[3])
                                                      0.053     6.410 f  u_tracker/cm_h_reg[15]_i_2/CO[3]
                         net (fo=42, routed)          0.481     6.891    u_tracker/cm_h_reg[15]_i_2_n_0
    SLICE_X372Y518       LUT6 (Prop_lut6_I5_O)        0.043     6.934 r  u_tracker/cm_h[2]_i_2/O
                         net (fo=5, routed)           0.594     7.529    u_tracker/cm_h[2]_i_2_n_0
    SLICE_X374Y516       LUT4 (Prop_lut4_I3_O)        0.043     7.572 r  u_tracker/cm_h[14]_i_57/O
                         net (fo=1, routed)           0.000     7.572    u_tracker/cm_h[14]_i_57_n_0
    SLICE_X374Y516       CARRY4 (Prop_carry4_S[1]_CO[3])
                                                      0.256     7.828 r  u_tracker/cm_h_reg[14]_i_26/CO[3]
                         net (fo=1, routed)           0.000     7.828    u_tracker/cm_h_reg[14]_i_26_n_0
    SLICE_X374Y517       CARRY4 (Prop_carry4_CI_CO[3])
                                                      0.054     7.882 r  u_tracker/cm_h_reg[14]_i_6/CO[3]
                         net (fo=20, routed)          0.661     8.542    u_tracker/cm_h_reg[14]_i_6_n_0
    SLICE_X378Y517       LUT2 (Prop_lut2_I0_O)        0.043     8.585 r  u_tracker/cm_i[15]_i_3/O
                         net (fo=23, routed)          0.590     9.175    u_tracker/cm_i[15]_i_3_n_0
    SLICE_X380Y518       LUT6 (Prop_lut6_I1_O)        0.043     9.218 r  u_tracker/cm_i[11]_i_1/O
                         net (fo=1, routed)           0.000     9.218    u_tracker/s2_i[11]
    SLICE_X380Y518       FDRE                                         r  u_tracker/cm_i_reg[11]/D
  -------------------------------------------------------------------    -------------------

                         (clock clk rise edge)        5.000     5.000 r  <hidden>
                                                      0.000     5.000 r  clk
                         net (fo=28504, unset)        0.510     5.510    u_tracker/clk
    SLICE_X380Y518       FDRE                                         r  u_tracker/cm_i_reg[11]/C
                         clock pessimism              0.000     5.510    <hidden>
                         clock uncertainty           -0.035     5.475    <hidden>
    SLICE_X380Y518       FDRE (Setup_fdre_C_D)        0.066     5.541    u_tracker/cm_i_reg[11]
  -------------------------------------------------------------------
                         required time                          5.541    <hidden>
                         arrival time                          -9.218    <hidden>
  -------------------------------------------------------------------
                         slack                                 -3.677    <hidden>

Slack (VIOLATED) :        -3.653ns  (required time - arrival time)
  Source:                 u_tracker/pr_h_reg[38][9]/C
                            (rising edge-triggered cell FDRE clocked by clk  {rise@0.000ns fall@2.500ns period=5.000ns})
  Destination:            u_tracker/cm_i_reg[3]/D
                            (rising edge-triggered cell FDRE clocked by clk  {rise@0.000ns fall@2.500ns period=5.000ns})
  Path Group:             clk
  Path Type:              Setup (Max at Slow Process Corner)
  Requirement:            5.000ns  (clk rise@5.000ns - clk rise@0.000ns)
  Data Path Delay:        8.655ns  (logic 2.168ns (25.050%)  route 6.487ns (74.950%))
  Logic Levels:           21  (CARRY4=9 LUT2=2 LUT3=2 LUT4=2 LUT6=6)
  Clock Path Skew:        -0.027ns (DCD - SCD + CPR)
    Destination Clock Delay (DCD):    0.510ns = ( 5.510 - 5.000 ) 
    Source Clock Delay      (SCD):    0.537ns
    Clock Pessimism Removal (CPR):    0.000ns
  Clock Uncertainty:      0.035ns  ((TSJ^2 + TIJ^2)^1/2 + DJ) / 2 + PE
    Total System Jitter     (TSJ):    0.071ns
    Total Input Jitter      (TIJ):    0.000ns
    Discrete Jitter          (DJ):    0.000ns
    Phase Error              (PE):    0.000ns

    Location             Delay type                Incr(ns)  Path(ns)    Netlist Resource(s)
  -------------------------------------------------------------------    -------------------
                         (clock clk rise edge)        0.000     0.000 r  <hidden>
                                                      0.000     0.000 r  clk
                         net (fo=28504, unset)        0.537     0.537    u_tracker/clk
    SLICE_X367Y523       FDRE                                         r  u_tracker/pr_h_reg[38][9]/C
  -------------------------------------------------------------------    -------------------
    SLICE_X367Y523       FDRE (Prop_fdre_C_Q)         0.204     0.741 r  u_tracker/pr_h_reg[38][9]/Q
                         net (fo=8, routed)           0.645     1.386    u_tracker/pr_h_reg[38]_393[9]
    SLICE_X367Y522       LUT4 (Prop_lut4_I1_O)        0.126     1.512 r  u_tracker/cm_j[2]_i_22/O
                         net (fo=1, routed)           0.000     1.512    u_tracker/cm_j[2]_i_22_n_0
    SLICE_X367Y522       CARRY4 (Prop_carry4_S[0]_CO[3])
                                                      0.259     1.771 r  u_tracker/cm_j_reg[2]_i_6/CO[3]
                         net (fo=84, routed)          0.646     2.418    u_tracker/cm_j_reg[2]_i_6_n_0
    SLICE_X365Y522       LUT3 (Prop_lut3_I1_O)        0.043     2.461 f  u_tracker/cm_h[15]_i_75/O
                         net (fo=5, routed)           0.321     2.781    u_tracker/s2_h[1][19]_421[2]
    SLICE_X365Y520       LUT6 (Prop_lut6_I1_O)        0.043     2.824 r  u_tracker/cm_i[15]_i_346/O
                         net (fo=1, routed)           0.296     3.121    u_tracker/cm_i[15]_i_346_n_0
    SLICE_X368Y520       CARRY4 (Prop_carry4_DI[1]_CO[3])
                                                      0.253     3.374 r  u_tracker/cm_i_reg[15]_i_111/CO[3]
                         net (fo=1, routed)           0.000     3.374    u_tracker/cm_i_reg[15]_i_111_n_0
    SLICE_X368Y521       CARRY4 (Prop_carry4_CI_CO[3])
                                                      0.054     3.428 r  u_tracker/cm_i_reg[15]_i_31/CO[3]
                         net (fo=87, routed)          0.633     4.061    u_tracker/cm_i_reg[15]_i_31_n_0
    SLICE_X369Y518       LUT6 (Prop_lut6_I5_O)        0.043     4.104 f  u_tracker/cm_h[15]_i_53/O
                         net (fo=6, routed)           0.405     4.508    u_tracker/cm_h[15]_i_53_n_0
    SLICE_X369Y519       LUT2 (Prop_lut2_I0_O)        0.043     4.551 r  u_tracker/cm_i[15]_i_340/O
                         net (fo=1, routed)           0.000     4.551    u_tracker/cm_i[15]_i_340_n_0
    SLICE_X369Y519       CARRY4 (Prop_carry4_S[3]_CO[3])
                                                      0.193     4.744 r  u_tracker/cm_i_reg[15]_i_102/CO[3]
                         net (fo=1, routed)           0.000     4.744    u_tracker/cm_i_reg[15]_i_102_n_0
    SLICE_X369Y520       CARRY4 (Prop_carry4_CI_CO[3])
                                                      0.053     4.797 r  u_tracker/cm_i_reg[15]_i_30/CO[3]
                         net (fo=6, routed)           0.476     5.273    u_tracker/cm_i_reg[15]_i_30_n_0
    SLICE_X371Y520       LUT2 (Prop_lut2_I0_O)        0.043     5.316 r  u_tracker/cm_j[3]_i_22/O
                         net (fo=30, routed)          0.507     5.823    u_tracker/cm_j[3]_i_22_n_0
    SLICE_X370Y518       LUT6 (Prop_lut6_I3_O)        0.043     5.866 r  u_tracker/cm_h[15]_i_24/O
                         net (fo=1, routed)           0.301     6.167    u_tracker/cm_h[15]_i_24_n_0
    SLICE_X371Y518       CARRY4 (Prop_carry4_DI[3]_CO[3])
                                                      0.190     6.357 r  u_tracker/cm_h_reg[15]_i_6/CO[3]
                         net (fo=1, routed)           0.000     6.357    u_tracker/cm_h_reg[15]_i_6_n_0
    SLICE_X371Y519       CARRY4 (Prop_carry4_CI_CO[3])
                                                      0.053     6.410 f  u_tracker/cm_h_reg[15]_i_2/CO[3]
                         net (fo=42, routed)          0.480     6.890    u_tracker/cm_h_reg[15]_i_2_n_0
    SLICE_X371Y516       LUT6 (Prop_lut6_I5_O)        0.043     6.933 r  u_tracker/cm_h[3]_i_2/O
                         net (fo=5, routed)           0.445     7.378    u_tracker/cm_h[3]_i_2_n_0
    SLICE_X372Y516       LUT4 (Prop_lut4_I1_O)        0.043     7.421 r  u_tracker/cm_h[14]_i_41/O
                         net (fo=1, routed)           0.000     7.421    u_tracker/cm_h[14]_i_41_n_0
    SLICE_X372Y516       CARRY4 (Prop_carry4_S[1]_CO[3])
                                                      0.256     7.677 r  u_tracker/cm_h_reg[14]_i_7/CO[3]
                         net (fo=1, routed)           0.000     7.677    u_tracker/cm_h_reg[14]_i_7_n_0
    SLICE_X372Y517       CARRY4 (Prop_carry4_CI_CO[3])
                                                      0.054     7.731 f  u_tracker/cm_h_reg[14]_i_2/CO[3]
                         net (fo=21, routed)          0.759     8.490    u_tracker/cm_h_reg[14]_i_2_n_0
    SLICE_X379Y517       LUT3 (Prop_lut3_I0_O)        0.043     8.533 r  u_tracker/cm_j[7]_i_2/O
                         net (fo=22, routed)          0.281     8.814    u_tracker/cm_j[7]_i_2_n_0
    SLICE_X379Y517       LUT6 (Prop_lut6_I0_O)        0.043     8.857 r  u_tracker/cm_i[3]_i_2/O
                         net (fo=1, routed)           0.292     9.149    u_tracker/cm_i[3]_i_2_n_0
    SLICE_X380Y518       LUT6 (Prop_lut6_I0_O)        0.043     9.192 r  u_tracker/cm_i[3]_i_1/O
                         net (fo=1, routed)           0.000     9.192    u_tracker/s2_i[3]
    SLICE_X380Y518       FDRE                                         r  u_tracker/cm_i_reg[3]/D
  -------------------------------------------------------------------    -------------------

                         (clock clk rise edge)        5.000     5.000 r  <hidden>
                                                      0.000     5.000 r  clk
                         net (fo=28504, unset)        0.510     5.510    u_tracker/clk
    SLICE_X380Y518       FDRE                                         r  u_tracker/cm_i_reg[3]/C
                         clock pessimism              0.000     5.510    <hidden>
                         clock uncertainty           -0.035     5.475    <hidden>
    SLICE_X380Y518       FDRE (Setup_fdre_C_D)        0.064     5.539    u_tracker/cm_i_reg[3]
  -------------------------------------------------------------------
                         required time                          5.539    <hidden>
                         arrival time                          -9.192    <hidden>
  -------------------------------------------------------------------
                         slack                                 -3.653    <hidden>

Slack (VIOLATED) :        -3.651ns  (required time - arrival time)
  Source:                 u_tracker/pr_h_reg[27][2]/C
                            (rising edge-triggered cell FDRE clocked by clk  {rise@0.000ns fall@2.500ns period=5.000ns})
  Destination:            u_tracker/cm_i_reg[9]/D
                            (rising edge-triggered cell FDRE clocked by clk  {rise@0.000ns fall@2.500ns period=5.000ns})
  Path Group:             clk
  Path Type:              Setup (Max at Slow Process Corner)
  Requirement:            5.000ns  (clk rise@5.000ns - clk rise@0.000ns)
  Data Path Delay:        8.623ns  (logic 2.216ns (25.698%)  route 6.407ns (74.302%))
  Logic Levels:           23  (CARRY4=10 LUT2=1 LUT3=2 LUT4=5 LUT5=1 LUT6=4)
  Clock Path Skew:        -0.027ns (DCD - SCD + CPR)
    Destination Clock Delay (DCD):    0.510ns = ( 5.510 - 5.000 ) 
    Source Clock Delay      (SCD):    0.537ns
    Clock Pessimism Removal (CPR):    0.000ns
  Clock Uncertainty:      0.035ns  ((TSJ^2 + TIJ^2)^1/2 + DJ) / 2 + PE
    Total System Jitter     (TSJ):    0.071ns
    Total Input Jitter      (TIJ):    0.000ns
    Discrete Jitter          (DJ):    0.000ns
    Phase Error              (PE):    0.000ns

    Location             Delay type                Incr(ns)  Path(ns)    Netlist Resource(s)
  -------------------------------------------------------------------    -------------------
                         (clock clk rise edge)        0.000     0.000 r  <hidden>
                                                      0.000     0.000 r  clk
                         net (fo=28504, unset)        0.537     0.537    u_tracker/clk
    SLICE_X373Y508       FDRE                                         r  u_tracker/pr_h_reg[27][2]/C
  -------------------------------------------------------------------    -------------------
    SLICE_X373Y508       FDRE (Prop_fdre_C_Q)         0.223     0.760 r  u_tracker/pr_h_reg[27][2]/Q
                         net (fo=3, routed)           0.489     1.249    u_tracker/pr_h_reg[27]_62[2]
    SLICE_X375Y508       LUT4 (Prop_lut4_I1_O)        0.043     1.292 r  u_tracker/cm_i[15]_i_481/O
                         net (fo=1, routed)           0.000     1.292    u_tracker/cm_i[15]_i_481_n_0
    SLICE_X375Y508       CARRY4 (Prop_carry4_S[1]_CO[3])
                                                      0.267     1.559 r  u_tracker/cm_i_reg[15]_i_280/CO[3]
                         net (fo=1, routed)           0.000     1.559    u_tracker/cm_i_reg[15]_i_280_n_0
    SLICE_X375Y509       CARRY4 (Prop_carry4_CI_CO[3])
                                                      0.053     1.612 r  u_tracker/cm_i_reg[15]_i_91/CO[3]
                         net (fo=37, routed)          0.666     2.279    u_tracker/cm_i_reg[15]_i_91_n_0
    SLICE_X373Y509       LUT3 (Prop_lut3_I2_O)        0.043     2.322 r  u_tracker/cm_j[6]_i_95/O
                         net (fo=5, routed)           0.389     2.711    u_tracker/s2_h[1][13]_411[7]
    SLICE_X375Y510       LUT4 (Prop_lut4_I3_O)        0.043     2.754 r  u_tracker/cm_j[6]_i_74/O
                         net (fo=1, routed)           0.000     2.754    u_tracker/cm_j[6]_i_74_n_0
    SLICE_X375Y510       CARRY4 (Prop_carry4_S[3]_CO[3])
                                                      0.193     2.947 r  u_tracker/cm_j_reg[6]_i_35/CO[3]
                         net (fo=1, routed)           0.000     2.947    u_tracker/cm_j_reg[6]_i_35_n_0
    SLICE_X375Y511       CARRY4 (Prop_carry4_CI_CO[3])
                                                      0.053     3.000 r  u_tracker/cm_j_reg[6]_i_14/CO[3]
                         net (fo=20, routed)          0.615     3.615    u_tracker/cm_j_reg[6]_i_14_n_0
    SLICE_X378Y510       LUT6 (Prop_lut6_I1_O)        0.043     3.658 r  u_tracker/cm_h[3]_i_26/O
                         net (fo=3, routed)           0.440     4.098    u_tracker/cm_h[3]_i_26_n_0
    SLICE_X378Y511       LUT4 (Prop_lut4_I2_O)        0.043     4.141 r  u_tracker/cm_i[15]_i_261/O
                         net (fo=1, routed)           0.000     4.141    u_tracker/cm_i[15]_i_261_n_0
    SLICE_X378Y511       CARRY4 (Prop_carry4_S[1]_CO[3])
                                                      0.256     4.397 r  u_tracker/cm_i_reg[15]_i_81/CO[3]
                         net (fo=1, routed)           0.000     4.397    u_tracker/cm_i_reg[15]_i_81_n_0
    SLICE_X378Y512       CARRY4 (Prop_carry4_CI_CO[3])
                                                      0.054     4.451 r  u_tracker/cm_i_reg[15]_i_23/CO[3]
                         net (fo=38, routed)          0.569     5.020    u_tracker/cm_i_reg[15]_i_23_n_0
    SLICE_X379Y512       LUT3 (Prop_lut3_I2_O)        0.043     5.063 r  u_tracker/cm_h[0]_i_22/O
                         net (fo=5, routed)           0.468     5.531    u_tracker/s2_h[3][3]_419[0]
    SLICE_X379Y514       LUT4 (Prop_lut4_I3_O)        0.043     5.574 r  u_tracker/cm_j[6]_i_93/O
                         net (fo=1, routed)           0.000     5.574    u_tracker/cm_j[6]_i_93_n_0
    SLICE_X379Y514       CARRY4 (Prop_carry4_S[0]_CO[3])
                                                      0.259     5.833 r  u_tracker/cm_j_reg[6]_i_45/CO[3]
                         net (fo=1, routed)           0.000     5.833    u_tracker/cm_j_reg[6]_i_45_n_0
    SLICE_X379Y515       CARRY4 (Prop_carry4_CI_CO[3])
                                                      0.053     5.886 f  u_tracker/cm_j_reg[6]_i_16/CO[3]
                         net (fo=21, routed)          0.487     6.373    u_tracker/cm_j_reg[6]_i_16_n_0
    SLICE_X377Y514       LUT5 (Prop_lut5_I4_O)        0.043     6.416 r  u_tracker/cm_h[7]_i_12/O
                         net (fo=1, routed)           0.342     6.758    u_tracker/cm_h[7]_i_12_n_0
    SLICE_X377Y515       LUT6 (Prop_lut6_I0_O)        0.043     6.801 r  u_tracker/cm_h[7]_i_4/O
                         net (fo=5, routed)           0.576     7.377    u_tracker/s2_h[7]
    SLICE_X373Y515       LUT4 (Prop_lut4_I2_O)        0.043     7.420 r  u_tracker/cm_j[3]_i_34/O
                         net (fo=1, routed)           0.000     7.420    u_tracker/cm_j[3]_i_34_n_0
    SLICE_X373Y515       CARRY4 (Prop_carry4_S[3]_CO[3])
                                                      0.193     7.613 r  u_tracker/cm_j_reg[3]_i_13/CO[3]
                         net (fo=1, routed)           0.000     7.613    u_tracker/cm_j_reg[3]_i_13_n_0
    SLICE_X373Y516       CARRY4 (Prop_carry4_CI_CO[3])
                                                      0.053     7.666 r  u_tracker/cm_j_reg[3]_i_4/CO[3]
                         net (fo=20, routed)          0.654     8.320    u_tracker/s2_h1
    SLICE_X374Y514       LUT2 (Prop_lut2_I0_O)        0.043     8.363 r  u_tracker/cm_j[5]_i_3/O
                         net (fo=21, routed)          0.422     8.785    u_tracker/cm_j[5]_i_3_n_0
    SLICE_X374Y519       LUT6 (Prop_lut6_I0_O)        0.043     8.828 r  u_tracker/cm_i[9]_i_6/O
                         net (fo=1, routed)           0.289     9.117    u_tracker/cm_i[9]_i_6_n_0
    SLICE_X379Y519       LUT6 (Prop_lut6_I5_O)        0.043     9.160 r  u_tracker/cm_i[9]_i_1/O
                         net (fo=1, routed)           0.000     9.160    u_tracker/s2_i[9]
    SLICE_X379Y519       FDRE                                         r  u_tracker/cm_i_reg[9]/D
  -------------------------------------------------------------------    -------------------

                         (clock clk rise edge)        5.000     5.000 r  <hidden>
                                                      0.000     5.000 r  clk
                         net (fo=28504, unset)        0.510     5.510    u_tracker/clk
    SLICE_X379Y519       FDRE                                         r  u_tracker/cm_i_reg[9]/C
                         clock pessimism              0.000     5.510    <hidden>
                         clock uncertainty           -0.035     5.475    <hidden>
    SLICE_X379Y519       FDRE (Setup_fdre_C_D)        0.034     5.509    u_tracker/cm_i_reg[9]
  -------------------------------------------------------------------
                         required time                          5.509    <hidden>
                         arrival time                          -9.160    <hidden>
  -------------------------------------------------------------------
                         slack                                 -3.651    <hidden>

Slack (VIOLATED) :        -3.644ns  (required time - arrival time)
  Source:                 u_tracker/pr_h_reg[38][9]/C
                            (rising edge-triggered cell FDRE clocked by clk  {rise@0.000ns fall@2.500ns period=5.000ns})
  Destination:            u_tracker/cm_j_reg[4]/D
                            (rising edge-triggered cell FDRE clocked by clk  {rise@0.000ns fall@2.500ns period=5.000ns})
  Path Group:             clk
  Path Type:              Setup (Max at Slow Process Corner)
  Requirement:            5.000ns  (clk rise@5.000ns - clk rise@0.000ns)
  Data Path Delay:        8.614ns  (logic 2.125ns (24.668%)  route 6.489ns (75.332%))
  Logic Levels:           20  (CARRY4=9 LUT2=3 LUT3=1 LUT4=2 LUT6=5)
  Clock Path Skew:        -0.027ns (DCD - SCD + CPR)
    Destination Clock Delay (DCD):    0.510ns = ( 5.510 - 5.000 ) 
    Source Clock Delay      (SCD):    0.537ns
    Clock Pessimism Removal (CPR):    0.000ns
  Clock Uncertainty:      0.035ns  ((TSJ^2 + TIJ^2)^1/2 + DJ) / 2 + PE
    Total System Jitter     (TSJ):    0.071ns
    Total Input Jitter      (TIJ):    0.000ns
    Discrete Jitter          (DJ):    0.000ns
    Phase Error              (PE):    0.000ns

    Location             Delay type                Incr(ns)  Path(ns)    Netlist Resource(s)
  -------------------------------------------------------------------    -------------------
                         (clock clk rise edge)        0.000     0.000 r  <hidden>
                                                      0.000     0.000 r  clk
                         net (fo=28504, unset)        0.537     0.537    u_tracker/clk
    SLICE_X367Y523       FDRE                                         r  u_tracker/pr_h_reg[38][9]/C
  -------------------------------------------------------------------    -------------------
    SLICE_X367Y523       FDRE (Prop_fdre_C_Q)         0.204     0.741 r  u_tracker/pr_h_reg[38][9]/Q
                         net (fo=8, routed)           0.645     1.386    u_tracker/pr_h_reg[38]_393[9]
    SLICE_X367Y522       LUT4 (Prop_lut4_I1_O)        0.126     1.512 r  u_tracker/cm_j[2]_i_22/O
                         net (fo=1, routed)           0.000     1.512    u_tracker/cm_j[2]_i_22_n_0
    SLICE_X367Y522       CARRY4 (Prop_carry4_S[0]_CO[3])
                                                      0.259     1.771 r  u_tracker/cm_j_reg[2]_i_6/CO[3]
                         net (fo=84, routed)          0.646     2.418    u_tracker/cm_j_reg[2]_i_6_n_0
    SLICE_X365Y522       LUT3 (Prop_lut3_I1_O)        0.043     2.461 f  u_tracker/cm_h[15]_i_75/O
                         net (fo=5, routed)           0.321     2.781    u_tracker/s2_h[1][19]_421[2]
    SLICE_X365Y520       LUT6 (Prop_lut6_I1_O)        0.043     2.824 r  u_tracker/cm_i[15]_i_346/O
                         net (fo=1, routed)           0.296     3.121    u_tracker/cm_i[15]_i_346_n_0
    SLICE_X368Y520       CARRY4 (Prop_carry4_DI[1]_CO[3])
                                                      0.253     3.374 r  u_tracker/cm_i_reg[15]_i_111/CO[3]
                         net (fo=1, routed)           0.000     3.374    u_tracker/cm_i_reg[15]_i_111_n_0
    SLICE_X368Y521       CARRY4 (Prop_carry4_CI_CO[3])
                                                      0.054     3.428 r  u_tracker/cm_i_reg[15]_i_31/CO[3]
                         net (fo=87, routed)          0.633     4.061    u_tracker/cm_i_reg[15]_i_31_n_0
    SLICE_X369Y518       LUT6 (Prop_lut6_I5_O)        0.043     4.104 f  u_tracker/cm_h[15]_i_53/O
                         net (fo=6, routed)           0.405     4.508    u_tracker/cm_h[15]_i_53_n_0
    SLICE_X369Y519       LUT2 (Prop_lut2_I0_O)        0.043     4.551 r  u_tracker/cm_i[15]_i_340/O
                         net (fo=1, routed)           0.000     4.551    u_tracker/cm_i[15]_i_340_n_0
    SLICE_X369Y519       CARRY4 (Prop_carry4_S[3]_CO[3])
                                                      0.193     4.744 r  u_tracker/cm_i_reg[15]_i_102/CO[3]
                         net (fo=1, routed)           0.000     4.744    u_tracker/cm_i_reg[15]_i_102_n_0
    SLICE_X369Y520       CARRY4 (Prop_carry4_CI_CO[3])
                                                      0.053     4.797 r  u_tracker/cm_i_reg[15]_i_30/CO[3]
                         net (fo=6, routed)           0.476     5.273    u_tracker/cm_i_reg[15]_i_30_n_0
    SLICE_X371Y520       LUT2 (Prop_lut2_I0_O)        0.043     5.316 r  u_tracker/cm_j[3]_i_22/O
                         net (fo=30, routed)          0.507     5.823    u_tracker/cm_j[3]_i_22_n_0
    SLICE_X370Y518       LUT6 (Prop_lut6_I3_O)        0.043     5.866 r  u_tracker/cm_h[15]_i_24/O
                         net (fo=1, routed)           0.301     6.167    u_tracker/cm_h[15]_i_24_n_0
    SLICE_X371Y518       CARRY4 (Prop_carry4_DI[3]_CO[3])
                                                      0.190     6.357 r  u_tracker/cm_h_reg[15]_i_6/CO[3]
                         net (fo=1, routed)           0.000     6.357    u_tracker/cm_h_reg[15]_i_6_n_0
    SLICE_X371Y519       CARRY4 (Prop_carry4_CI_CO[3])
                                                      0.053     6.410 f  u_tracker/cm_h_reg[15]_i_2/CO[3]
                         net (fo=42, routed)          0.481     6.891    u_tracker/cm_h_reg[15]_i_2_n_0
    SLICE_X372Y518       LUT6 (Prop_lut6_I5_O)        0.043     6.934 r  u_tracker/cm_h[2]_i_2/O
                         net (fo=5, routed)           0.594     7.529    u_tracker/cm_h[2]_i_2_n_0
    SLICE_X374Y516       LUT4 (Prop_lut4_I3_O)        0.043     7.572 r  u_tracker/cm_h[14]_i_57/O
                         net (fo=1, routed)           0.000     7.572    u_tracker/cm_h[14]_i_57_n_0
    SLICE_X374Y516       CARRY4 (Prop_carry4_S[1]_CO[3])
                                                      0.256     7.828 r  u_tracker/cm_h_reg[14]_i_26/CO[3]
                         net (fo=1, routed)           0.000     7.828    u_tracker/cm_h_reg[14]_i_26_n_0
    SLICE_X374Y517       CARRY4 (Prop_carry4_CI_CO[3])
                                                      0.054     7.882 r  u_tracker/cm_h_reg[14]_i_6/CO[3]
                         net (fo=20, routed)          0.661     8.542    u_tracker/cm_h_reg[14]_i_6_n_0
    SLICE_X378Y517       LUT2 (Prop_lut2_I0_O)        0.043     8.585 r  u_tracker/cm_i[15]_i_3/O
                         net (fo=23, routed)          0.523     9.108    u_tracker/cm_i[15]_i_3_n_0
    SLICE_X377Y517       LUT6 (Prop_lut6_I2_O)        0.043     9.151 r  u_tracker/cm_j[4]_i_1/O
                         net (fo=1, routed)           0.000     9.151    u_tracker/s2_j[4]
    SLICE_X377Y517       FDRE                                         r  u_tracker/cm_j_reg[4]/D
  -------------------------------------------------------------------    -------------------

                         (clock clk rise edge)        5.000     5.000 r  <hidden>
                                                      0.000     5.000 r  clk
                         net (fo=28504, unset)        0.510     5.510    u_tracker/clk
    SLICE_X377Y517       FDRE                                         r  u_tracker/cm_j_reg[4]/C
                         clock pessimism              0.000     5.510    <hidden>
                         clock uncertainty           -0.035     5.475    <hidden>
    SLICE_X377Y517       FDRE (Setup_fdre_C_D)        0.033     5.508    u_tracker/cm_j_reg[4]
  -------------------------------------------------------------------
                         required time                          5.508    <hidden>
                         arrival time                          -9.151    <hidden>
  -------------------------------------------------------------------
                         slack                                 -3.644    <hidden>

Slack (VIOLATED) :        -3.613ns  (required time - arrival time)
  Source:                 u_tracker/pr_h_reg[27][2]/C
                            (rising edge-triggered cell FDRE clocked by clk  {rise@0.000ns fall@2.500ns period=5.000ns})
  Destination:            u_tracker/cm_j_reg[2]/D
                            (rising edge-triggered cell FDRE clocked by clk  {rise@0.000ns fall@2.500ns period=5.000ns})
  Path Group:             clk
  Path Type:              Setup (Max at Slow Process Corner)
  Requirement:            5.000ns  (clk rise@5.000ns - clk rise@0.000ns)
  Data Path Delay:        8.584ns  (logic 2.216ns (25.815%)  route 6.368ns (74.185%))
  Logic Levels:           23  (CARRY4=10 LUT2=1 LUT3=2 LUT4=5 LUT5=1 LUT6=4)
  Clock Path Skew:        -0.027ns (DCD - SCD + CPR)
    Destination Clock Delay (DCD):    0.510ns = ( 5.510 - 5.000 ) 
    Source Clock Delay      (SCD):    0.537ns
    Clock Pessimism Removal (CPR):    0.000ns
  Clock Uncertainty:      0.035ns  ((TSJ^2 + TIJ^2)^1/2 + DJ) / 2 + PE
    Total System Jitter     (TSJ):    0.071ns
    Total Input Jitter      (TIJ):    0.000ns
    Discrete Jitter          (DJ):    0.000ns
    Phase Error              (PE):    0.000ns

    Location             Delay type                Incr(ns)  Path(ns)    Netlist Resource(s)
  -------------------------------------------------------------------    -------------------
                         (clock clk rise edge)        0.000     0.000 r  <hidden>
                                                      0.000     0.000 r  clk
                         net (fo=28504, unset)        0.537     0.537    u_tracker/clk
    SLICE_X373Y508       FDRE                                         r  u_tracker/pr_h_reg[27][2]/C
  -------------------------------------------------------------------    -------------------
    SLICE_X373Y508       FDRE (Prop_fdre_C_Q)         0.223     0.760 r  u_tracker/pr_h_reg[27][2]/Q
                         net (fo=3, routed)           0.489     1.249    u_tracker/pr_h_reg[27]_62[2]
    SLICE_X375Y508       LUT4 (Prop_lut4_I1_O)        0.043     1.292 r  u_tracker/cm_i[15]_i_481/O
                         net (fo=1, routed)           0.000     1.292    u_tracker/cm_i[15]_i_481_n_0
    SLICE_X375Y508       CARRY4 (Prop_carry4_S[1]_CO[3])
                                                      0.267     1.559 r  u_tracker/cm_i_reg[15]_i_280/CO[3]
                         net (fo=1, routed)           0.000     1.559    u_tracker/cm_i_reg[15]_i_280_n_0
    SLICE_X375Y509       CARRY4 (Prop_carry4_CI_CO[3])
                                                      0.053     1.612 r  u_tracker/cm_i_reg[15]_i_91/CO[3]
                         net (fo=37, routed)          0.666     2.279    u_tracker/cm_i_reg[15]_i_91_n_0
    SLICE_X373Y509       LUT3 (Prop_lut3_I2_O)        0.043     2.322 r  u_tracker/cm_j[6]_i_95/O
                         net (fo=5, routed)           0.389     2.711    u_tracker/s2_h[1][13]_411[7]
    SLICE_X375Y510       LUT4 (Prop_lut4_I3_O)        0.043     2.754 r  u_tracker/cm_j[6]_i_74/O
                         net (fo=1, routed)           0.000     2.754    u_tracker/cm_j[6]_i_74_n_0
    SLICE_X375Y510       CARRY4 (Prop_carry4_S[3]_CO[3])
                                                      0.193     2.947 r  u_tracker/cm_j_reg[6]_i_35/CO[3]
                         net (fo=1, routed)           0.000     2.947    u_tracker/cm_j_reg[6]_i_35_n_0
    SLICE_X375Y511       CARRY4 (Prop_carry4_CI_CO[3])
                                                      0.053     3.000 r  u_tracker/cm_j_reg[6]_i_14/CO[3]
                         net (fo=20, routed)          0.615     3.615    u_tracker/cm_j_reg[6]_i_14_n_0
    SLICE_X378Y510       LUT6 (Prop_lut6_I1_O)        0.043     3.658 r  u_tracker/cm_h[3]_i_26/O
                         net (fo=3, routed)           0.440     4.098    u_tracker/cm_h[3]_i_26_n_0
    SLICE_X378Y511       LUT4 (Prop_lut4_I2_O)        0.043     4.141 r  u_tracker/cm_i[15]_i_261/O
                         net (fo=1, routed)           0.000     4.141    u_tracker/cm_i[15]_i_261_n_0
    SLICE_X378Y511       CARRY4 (Prop_carry4_S[1]_CO[3])
                                                      0.256     4.397 r  u_tracker/cm_i_reg[15]_i_81/CO[3]
                         net (fo=1, routed)           0.000     4.397    u_tracker/cm_i_reg[15]_i_81_n_0
    SLICE_X378Y512       CARRY4 (Prop_carry4_CI_CO[3])
                                                      0.054     4.451 r  u_tracker/cm_i_reg[15]_i_23/CO[3]
                         net (fo=38, routed)          0.569     5.020    u_tracker/cm_i_reg[15]_i_23_n_0
    SLICE_X379Y512       LUT3 (Prop_lut3_I2_O)        0.043     5.063 r  u_tracker/cm_h[0]_i_22/O
                         net (fo=5, routed)           0.468     5.531    u_tracker/s2_h[3][3]_419[0]
    SLICE_X379Y514       LUT4 (Prop_lut4_I3_O)        0.043     5.574 r  u_tracker/cm_j[6]_i_93/O
                         net (fo=1, routed)           0.000     5.574    u_tracker/cm_j[6]_i_93_n_0
    SLICE_X379Y514       CARRY4 (Prop_carry4_S[0]_CO[3])
                                                      0.259     5.833 r  u_tracker/cm_j_reg[6]_i_45/CO[3]
                         net (fo=1, routed)           0.000     5.833    u_tracker/cm_j_reg[6]_i_45_n_0
    SLICE_X379Y515       CARRY4 (Prop_carry4_CI_CO[3])
                                                      0.053     5.886 f  u_tracker/cm_j_reg[6]_i_16/CO[3]
                         net (fo=21, routed)          0.487     6.373    u_tracker/cm_j_reg[6]_i_16_n_0
    SLICE_X377Y514       LUT5 (Prop_lut5_I4_O)        0.043     6.416 r  u_tracker/cm_h[7]_i_12/O
                         net (fo=1, routed)           0.342     6.758    u_tracker/cm_h[7]_i_12_n_0
    SLICE_X377Y515       LUT6 (Prop_lut6_I0_O)        0.043     6.801 r  u_tracker/cm_h[7]_i_4/O
                         net (fo=5, routed)           0.576     7.377    u_tracker/s2_h[7]
    SLICE_X373Y515       LUT4 (Prop_lut4_I2_O)        0.043     7.420 r  u_tracker/cm_j[3]_i_34/O
                         net (fo=1, routed)           0.000     7.420    u_tracker/cm_j[3]_i_34_n_0
    SLICE_X373Y515       CARRY4 (Prop_carry4_S[3]_CO[3])
                                                      0.193     7.613 r  u_tracker/cm_j_reg[3]_i_13/CO[3]
                         net (fo=1, routed)           0.000     7.613    u_tracker/cm_j_reg[3]_i_13_n_0
    SLICE_X373Y516       CARRY4 (Prop_carry4_CI_CO[3])
                                                      0.053     7.666 r  u_tracker/cm_j_reg[3]_i_4/CO[3]
                         net (fo=20, routed)          0.654     8.320    u_tracker/s2_h1
    SLICE_X374Y514       LUT2 (Prop_lut2_I0_O)        0.043     8.363 r  u_tracker/cm_j[5]_i_3/O
                         net (fo=21, routed)          0.462     8.825    u_tracker/cm_j[5]_i_3_n_0
    SLICE_X378Y519       LUT6 (Prop_lut6_I0_O)        0.043     8.868 r  u_tracker/cm_j[2]_i_5/O
                         net (fo=1, routed)           0.210     9.078    u_tracker/cm_j[2]_i_5_n_0
    SLICE_X379Y519       LUT6 (Prop_lut6_I5_O)        0.043     9.121 r  u_tracker/cm_j[2]_i_1/O
                         net (fo=1, routed)           0.000     9.121    u_tracker/s2_j[2]
    SLICE_X379Y519       FDRE                                         r  u_tracker/cm_j_reg[2]/D
  -------------------------------------------------------------------    -------------------

                         (clock clk rise edge)        5.000     5.000 r  <hidden>
                                                      0.000     5.000 r  clk
                         net (fo=28504, unset)        0.510     5.510    u_tracker/clk
    SLICE_X379Y519       FDRE                                         r  u_tracker/cm_j_reg[2]/C
                         clock pessimism              0.000     5.510    <hidden>
                         clock uncertainty           -0.035     5.475    <hidden>
    SLICE_X379Y519       FDRE (Setup_fdre_C_D)        0.033     5.508    u_tracker/cm_j_reg[2]
  -------------------------------------------------------------------
                         required time                          5.508    <hidden>
                         arrival time                          -9.121    <hidden>
  -------------------------------------------------------------------
                         slack                                 -3.613    <hidden>





Pulse Width Checks
--------------------------------------------------------------------------------------
Clock Name:         clk
Waveform(ns):       { 0.000 2.500 }
Period(ns):         5.000
Sources:            { clk }

Check Type        Corner  Lib Pin  Reference Pin  Required(ns)  Actual(ns)  Slack(ns)  Location        Pin
Min Period        n/a     FDRE/C   n/a            0.750         5.000       4.250      SLICE_X404Y468  u_array/g_pe[0].u_pe/H_prev_reg_reg[5]/C
Min Period        n/a     FDRE/C   n/a            0.750         5.000       4.250      SLICE_X404Y468  u_array/g_pe[0].u_pe/H_prev_reg_reg[6]/C
Min Period        n/a     FDRE/C   n/a            0.750         5.000       4.250      SLICE_X294Y456  u_array/g_pe[0].u_pe/e_del_reg_reg[1]/C
Min Period        n/a     FDRE/C   n/a            0.750         5.000       4.250      SLICE_X294Y459  u_array/g_pe[0].u_pe/e_del_reg_reg[3]/C
Min Period        n/a     FDRE/C   n/a            0.750         5.000       4.250      SLICE_X436Y466  u_array/g_pe[0].u_pe/query_base_reg_reg[1]/C
Min Period        n/a     FDRE/C   n/a            0.750         5.000       4.250      SLICE_X404Y468  u_array/g_pe[0].u_pe/target_q_reg[1]/C
Min Period        n/a     FDRE/C   n/a            0.750         5.000       4.250      SLICE_X322Y478  u_array/g_pe[100].u_pe/query_base_reg_reg[1]/C
Min Period        n/a     FDRE/C   n/a            0.750         5.000       4.250      SLICE_X318Y469  u_array/g_pe[101].u_pe/query_base_reg_reg[2]/C
Min Period        n/a     FDRE/C   n/a            0.750         5.000       4.250      SLICE_X316Y468  u_array/g_pe[102].u_pe/query_base_reg_reg[2]/C
Min Period        n/a     FDRE/C   n/a            0.750         5.000       4.250      SLICE_X330Y477  u_array/g_pe[103].u_pe/query_base_reg_reg[2]/C
Min Period        n/a     FDRE/C   n/a            0.750         5.000       4.250      SLICE_X328Y482  u_array/g_pe[104].u_pe/query_base_reg_reg[1]/C
Min Period        n/a     FDRE/C   n/a            0.750         5.000       4.250      SLICE_X347Y486  u_array/g_pe[105].u_pe/query_base_reg_reg[2]/C
Min Period        n/a     FDRE/C   n/a            0.750         5.000       4.250      SLICE_X348Y496  u_array/g_pe[106].u_pe/H_prev_reg_reg[9]/C
Min Period        n/a     FDRE/C   n/a            0.750         5.000       4.250      SLICE_X339Y489  u_array/g_pe[106].u_pe/query_base_reg_reg[1]/C
Min Period        n/a     FDRE/C   n/a            0.750         5.000       4.250      SLICE_X346Y493  u_array/g_pe[107].u_pe/query_base_reg_reg[2]/C
Min Period        n/a     FDRE/C   n/a            0.750         5.000       4.250      SLICE_X334Y497  u_array/g_pe[108].u_pe/query_base_reg_reg[1]/C
Min Period        n/a     FDRE/C   n/a            0.750         5.000       4.250      SLICE_X328Y491  u_array/g_pe[109].u_pe/query_base_reg_reg[2]/C
Min Period        n/a     FDRE/C   n/a            0.750         5.000       4.250      SLICE_X351Y465  u_array/g_pe[10].u_pe/query_base_reg_reg[2]/C
Min Period        n/a     FDRE/C   n/a            0.750         5.000       4.250      SLICE_X355Y516  u_array/g_pe[110].u_pe/active_q_reg/C
Min Period        n/a     FDRE/C   n/a            0.750         5.000       4.250      SLICE_X317Y492  u_array/g_pe[110].u_pe/query_base_reg_reg[1]/C
Low Pulse Width   Slow    FDRE/C   n/a            0.400         2.500       2.100      SLICE_X404Y468  u_array/g_pe[0].u_pe/H_prev_reg_reg[5]/C
Low Pulse Width   Fast    FDRE/C   n/a            0.400         2.500       2.100      SLICE_X404Y468  u_array/g_pe[0].u_pe/H_prev_reg_reg[5]/C
Low Pulse Width   Slow    FDRE/C   n/a            0.400         2.500       2.100      SLICE_X404Y468  u_array/g_pe[0].u_pe/H_prev_reg_reg[6]/C
Low Pulse Width   Fast    FDRE/C   n/a            0.400         2.500       2.100      SLICE_X404Y468  u_array/g_pe[0].u_pe/H_prev_reg_reg[6]/C
Low Pulse Width   Slow    FDRE/C   n/a            0.400         2.500       2.100      SLICE_X294Y456  u_array/g_pe[0].u_pe/e_del_reg_reg[1]/C
Low Pulse Width   Fast    FDRE/C   n/a            0.400         2.500       2.100      SLICE_X294Y456  u_array/g_pe[0].u_pe/e_del_reg_reg[1]/C
Low Pulse Width   Slow    FDRE/C   n/a            0.400         2.500       2.100      SLICE_X294Y459  u_array/g_pe[0].u_pe/e_del_reg_reg[3]/C
Low Pulse Width   Fast    FDRE/C   n/a            0.400         2.500       2.100      SLICE_X294Y459  u_array/g_pe[0].u_pe/e_del_reg_reg[3]/C
Low Pulse Width   Slow    FDRE/C   n/a            0.400         2.500       2.100      SLICE_X436Y466  u_array/g_pe[0].u_pe/query_base_reg_reg[1]/C
Low Pulse Width   Fast    FDRE/C   n/a            0.400         2.500       2.100      SLICE_X436Y466  u_array/g_pe[0].u_pe/query_base_reg_reg[1]/C
Low Pulse Width   Slow    FDRE/C   n/a            0.400         2.500       2.100      SLICE_X404Y468  u_array/g_pe[0].u_pe/target_q_reg[1]/C
Low Pulse Width   Fast    FDRE/C   n/a            0.400         2.500       2.100      SLICE_X404Y468  u_array/g_pe[0].u_pe/target_q_reg[1]/C
Low Pulse Width   Slow    FDRE/C   n/a            0.400         2.500       2.100      SLICE_X322Y478  u_array/g_pe[100].u_pe/query_base_reg_reg[1]/C
Low Pulse Width   Fast    FDRE/C   n/a            0.400         2.500       2.100      SLICE_X322Y478  u_array/g_pe[100].u_pe/query_base_reg_reg[1]/C
Low Pulse Width   Slow    FDRE/C   n/a            0.400         2.500       2.100      SLICE_X318Y469  u_array/g_pe[101].u_pe/query_base_reg_reg[2]/C
Low Pulse Width   Fast    FDRE/C   n/a            0.400         2.500       2.100      SLICE_X318Y469  u_array/g_pe[101].u_pe/query_base_reg_reg[2]/C
Low Pulse Width   Slow    FDRE/C   n/a            0.400         2.500       2.100      SLICE_X316Y468  u_array/g_pe[102].u_pe/query_base_reg_reg[2]/C
Low Pulse Width   Fast    FDRE/C   n/a            0.400         2.500       2.100      SLICE_X316Y468  u_array/g_pe[102].u_pe/query_base_reg_reg[2]/C
Low Pulse Width   Slow    FDRE/C   n/a            0.400         2.500       2.100      SLICE_X330Y477  u_array/g_pe[103].u_pe/query_base_reg_reg[2]/C
Low Pulse Width   Fast    FDRE/C   n/a            0.400         2.500       2.100      SLICE_X330Y477  u_array/g_pe[103].u_pe/query_base_reg_reg[2]/C
High Pulse Width  Slow    FDRE/C   n/a            0.350         2.500       2.150      SLICE_X436Y474  u_array/g_pe[0].u_pe/E_reg_reg[0]/C
High Pulse Width  Fast    FDRE/C   n/a            0.350         2.500       2.150      SLICE_X436Y474  u_array/g_pe[0].u_pe/E_reg_reg[0]/C
High Pulse Width  Slow    FDRE/C   n/a            0.350         2.500       2.150      SLICE_X436Y474  u_array/g_pe[0].u_pe/E_reg_reg[10]/C
High Pulse Width  Fast    FDRE/C   n/a            0.350         2.500       2.150      SLICE_X436Y474  u_array/g_pe[0].u_pe/E_reg_reg[10]/C
High Pulse Width  Slow    FDRE/C   n/a            0.350         2.500       2.150      SLICE_X434Y472  u_array/g_pe[0].u_pe/E_reg_reg[11]/C
High Pulse Width  Fast    FDRE/C   n/a            0.350         2.500       2.150      SLICE_X434Y472  u_array/g_pe[0].u_pe/E_reg_reg[11]/C
High Pulse Width  Slow    FDRE/C   n/a            0.350         2.500       2.150      SLICE_X438Y474  u_array/g_pe[0].u_pe/E_reg_reg[12]/C
High Pulse Width  Fast    FDRE/C   n/a            0.350         2.500       2.150      SLICE_X438Y474  u_array/g_pe[0].u_pe/E_reg_reg[12]/C
High Pulse Width  Slow    FDRE/C   n/a            0.350         2.500       2.150      SLICE_X438Y474  u_array/g_pe[0].u_pe/E_reg_reg[13]/C
High Pulse Width  Fast    FDRE/C   n/a            0.350         2.500       2.150      SLICE_X438Y474  u_array/g_pe[0].u_pe/E_reg_reg[13]/C
High Pulse Width  Slow    FDRE/C   n/a            0.350         2.500       2.150      SLICE_X439Y474  u_array/g_pe[0].u_pe/E_reg_reg[14]/C
High Pulse Width  Fast    FDRE/C   n/a            0.350         2.500       2.150      SLICE_X439Y474  u_array/g_pe[0].u_pe/E_reg_reg[14]/C
High Pulse Width  Slow    FDRE/C   n/a            0.350         2.500       2.150      SLICE_X436Y475  u_array/g_pe[0].u_pe/E_reg_reg[15]/C
High Pulse Width  Fast    FDRE/C   n/a            0.350         2.500       2.150      SLICE_X436Y475  u_array/g_pe[0].u_pe/E_reg_reg[15]/C
High Pulse Width  Slow    FDRE/C   n/a            0.350         2.500       2.150      SLICE_X436Y475  u_array/g_pe[0].u_pe/E_reg_reg[1]/C
High Pulse Width  Fast    FDRE/C   n/a            0.350         2.500       2.150      SLICE_X436Y475  u_array/g_pe[0].u_pe/E_reg_reg[1]/C
High Pulse Width  Slow    FDRE/C   n/a            0.350         2.500       2.150      SLICE_X436Y475  u_array/g_pe[0].u_pe/E_reg_reg[2]/C
High Pulse Width  Fast    FDRE/C   n/a            0.350         2.500       2.150      SLICE_X436Y475  u_array/g_pe[0].u_pe/E_reg_reg[2]/C
High Pulse Width  Slow    FDRE/C   n/a            0.350         2.500       2.150      SLICE_X438Y474  u_array/g_pe[0].u_pe/E_reg_reg[3]/C
High Pulse Width  Fast    FDRE/C   n/a            0.350         2.500       2.150      SLICE_X438Y474  u_array/g_pe[0].u_pe/E_reg_reg[3]/C



