Copyright 1986-2022 Xilinx, Inc. All Rights Reserved. Copyright 2022-2026 Advanced Micro Devices, Inc. All Rights Reserved.
--------------------------------------------------------------------------------------------------------------------------------------------------------------------------
| Tool Version : Vivado v.2026.1 (win64) Build 6511674 Tue Jun 16 11:02:23 MDT 2026
| Date         : Sun Aug  2 22:42:35 2026
| Host         : MSI running 64-bit major release  (build 9200)
| Command      : report_timing_summary -delay_type max -max_paths 30 -file C:/Users/kanak/Downloads/FPGA-speed-up-Project-main/synth/ooc/reports/chaining_impl_timing.rpt
| Design       : chaining_pe_pair_top
| Device       : 7v2000t-fhg1761
| Speed File   : -2  PRODUCTION 1.10 2014-09-11
| Design State : Physopt postRoute
--------------------------------------------------------------------------------------------------------------------------------------------------------------------------

Timing Summary Report

------------------------------------------------------------------------------------------------
| Timer Settings
| --------------
------------------------------------------------------------------------------------------------

  Enable Multi Corner Analysis               :  Yes
  Enable Pessimism Removal                   :  Yes
  Pessimism Removal Resolution               :  Nearest Common Node
  Enable Input Delay Default Clock           :  No
  Enable Preset / Clear Arcs                 :  No
  Disable Flight Delays                      :  No
  Ignore I/O Paths                           :  No
  Timing Early Launch at Borrowing Latches   :  No
  Borrow Time for Max Delay Exceptions       :  Yes
  Merge Timing Exceptions                    :  Yes
  Inter-SLR Compensation                     :  Conservative

  Corner  Analyze    Analyze    
  Name    Max Paths  Min Paths  
  ------  ---------  ---------  
  Slow    Yes        Yes        
  Fast    Yes        Yes        


------------------------------------------------------------------------------------------------
| Report Methodology
| ------------------
------------------------------------------------------------------------------------------------

No report available as report_methodology has not been run prior. Run report_methodology on the current design for the summary of methodology violations.



check_timing report

Table of Contents
-----------------
1. checking no_clock (0)
2. checking constant_clock (0)
3. checking pulse_width_clock (0)
4. checking unconstrained_internal_endpoints (0)
5. checking no_input_delay (2240)
6. checking no_output_delay (444)
7. checking multiple_clock (0)
8. checking generated_clocks (0)
9. checking loops (0)
10. checking partial_input_delay (0)
11. checking partial_output_delay (0)
12. checking latch_loops (0)

1. checking no_clock (0)
------------------------
 There are 0 register/latch pins with no clock.


2. checking constant_clock (0)
------------------------------
 There are 0 register/latch pins with constant_clock.


3. checking pulse_width_clock (0)
---------------------------------
 There are 0 register/latch pins which need pulse_width check


4. checking unconstrained_internal_endpoints (0)
------------------------------------------------
 There are 0 pins that are not constrained for maximum delay.

 There are 0 pins that are not constrained for maximum delay due to constant clock.


5. checking no_input_delay (2240)
---------------------------------
 There are 2240 input ports with no input delay specified. (HIGH)

 There are 0 input ports with no input delay but user has a false path constraint.


6. checking no_output_delay (444)
---------------------------------
 There are 444 ports with no output delay specified. (HIGH)

 There are 0 ports with no output delay but user has a false path constraint

 There are 0 ports with no output delay but with a timing clock defined on it or propagating through it


7. checking multiple_clock (0)
------------------------------
 There are 0 register/latch pins with multiple clocks.


8. checking generated_clocks (0)
--------------------------------
 There are 0 generated clocks that are not connected to a clock source.


9. checking loops (0)
---------------------
 There are 0 combinational loops in the design.


10. checking partial_input_delay (0)
------------------------------------
 There are 0 input ports with partial input delay specified.


11. checking partial_output_delay (0)
-------------------------------------
 There are 0 ports with partial output delay specified.


12. checking latch_loops (0)
----------------------------
 There are 0 combinational latch loops in the design through latch input



------------------------------------------------------------------------------------------------
| Design Timing Summary
| ---------------------
------------------------------------------------------------------------------------------------

    WNS(ns)      TNS(ns)  TNS Failing Endpoints  TNS Total Endpoints     WPWS(ns)     TPWS(ns)  TPWS Failing Endpoints  TPWS Total Endpoints  
    -------      -------  ---------------------  -------------------     --------     --------  ----------------------  --------------------  
     -1.367    -3650.251                  11364               353392        3.232        0.000                       0                106930  


Timing constraints are not met.


------------------------------------------------------------------------------------------------
| Clock Summary
| -------------
------------------------------------------------------------------------------------------------

Clock  Waveform(ns)         Period(ns)      Frequency(MHz)
-----  ------------         ----------      --------------
clk    {0.000 4.000}        8.000           125.000         


------------------------------------------------------------------------------------------------
| Intra Clock Table
| -----------------
------------------------------------------------------------------------------------------------

Clock             WNS(ns)      TNS(ns)  TNS Failing Endpoints  TNS Total Endpoints     WPWS(ns)     TPWS(ns)  TPWS Failing Endpoints  TPWS Total Endpoints  
-----             -------      -------  ---------------------  -------------------     --------     --------  ----------------------  --------------------  
clk                -1.367    -3650.251                  11364               353392        3.232        0.000                       0                106930  


------------------------------------------------------------------------------------------------
| Inter Clock Table
| -----------------
------------------------------------------------------------------------------------------------

From Clock    To Clock          WNS(ns)      TNS(ns)  TNS Failing Endpoints  TNS Total Endpoints  
----------    --------          -------      -------  ---------------------  -------------------  


------------------------------------------------------------------------------------------------
| Other Path Groups Table
| -----------------------
------------------------------------------------------------------------------------------------

Path Group    From Clock    To Clock          WNS(ns)      TNS(ns)  TNS Failing Endpoints  TNS Total Endpoints  
----------    ----------    --------          -------      -------  ---------------------  -------------------  


------------------------------------------------------------------------------------------------
| Timing Details
| --------------
------------------------------------------------------------------------------------------------


---------------------------------------------------------------------------------------------------
From Clock:  clk
  To Clock:  clk

Setup :        11364  Failing Endpoints,  Worst Slack       -1.367ns,  Total Violation    -3650.251ns
Hold  :           NA  Failing Endpoints,  Worst Slack           NA  ,  Total Violation           NA
PW    :            0  Failing Endpoints,  Worst Slack        3.232ns,  Total Violation        0.000ns
---------------------------------------------------------------------------------------------------


Max Delay Paths
--------------------------------------------------------------------------------------
Slack (VIOLATED) :        -1.367ns  (required time - arrival time)
  Source:                 u_pe2/u_swshared/u_bsw/u_fsm/t_idx_reg[3]/C
                            (rising edge-triggered cell FDRE clocked by clk  {rise@0.000ns fall@4.000ns period=8.000ns})
  Destination:            u_pe2/u_swshared/u_bsw/u_array/g_pe[0].u_pe/F_out_reg_reg[11]/D
                            (rising edge-triggered cell FDRE clocked by clk  {rise@0.000ns fall@4.000ns period=8.000ns})
  Path Group:             clk
  Path Type:              Setup (Max at Slow Process Corner)
  Requirement:            8.000ns  (clk rise@8.000ns - clk rise@0.000ns)
  Data Path Delay:        9.339ns  (logic 2.551ns (27.317%)  route 6.788ns (72.683%))
  Logic Levels:           20  (CARRY4=7 LUT2=3 LUT3=1 LUT5=2 LUT6=4 MUXF7=1 MUXF8=2)
  Clock Path Skew:        -0.027ns (DCD - SCD + CPR)
    Destination Clock Delay (DCD):    0.510ns = ( 8.510 - 8.000 ) 
    Source Clock Delay      (SCD):    0.537ns
    Clock Pessimism Removal (CPR):    0.000ns
  Clock Uncertainty:      0.035ns  ((TSJ^2 + TIJ^2)^1/2 + DJ) / 2 + PE
    Total System Jitter     (TSJ):    0.071ns
    Total Input Jitter      (TIJ):    0.000ns
    Discrete Jitter          (DJ):    0.000ns
    Phase Error              (PE):    0.000ns

    Location             Delay type                Incr(ns)  Path(ns)    Netlist Resource(s)
  -------------------------------------------------------------------    -------------------
                         (clock clk rise edge)        0.000     0.000 r  <hidden>
                                                      0.000     0.000 r  clk
                         net (fo=107069, unset)       0.537     0.537    u_pe2/u_swshared/u_bsw/u_fsm/clk
    SLICE_X217Y263       FDRE                                         r  u_pe2/u_swshared/u_bsw/u_fsm/t_idx_reg[3]/C
  -------------------------------------------------------------------    -------------------
    SLICE_X217Y263       FDRE (Prop_fdre_C_Q)         0.223     0.760 r  u_pe2/u_swshared/u_bsw/u_fsm/t_idx_reg[3]/Q
                         net (fo=196, routed)         1.187     1.947    u_pe2/u_swshared/u_bsw/u_fsm/t_idx_reg_n_0_[3]
    SLICE_X187Y278       MUXF8 (Prop_muxf8_S_O)       0.141     2.088 f  u_pe2/u_swshared/u_bsw/u_fsm/target_q_reg[2]_i_95/O
                         net (fo=1, routed)           0.561     2.649    u_pe2/u_swshared/u_bsw/u_fsm/target_q_reg[2]_i_95_n_0
    SLICE_X187Y267       LUT6 (Prop_lut6_I5_O)        0.126     2.775 f  u_pe2/u_swshared/u_bsw/u_fsm/target_q[2]_i_31/O
                         net (fo=1, routed)           0.000     2.775    u_pe2/u_swshared/u_bsw/u_fsm/target_q[2]_i_31_n_0
    SLICE_X187Y267       MUXF7 (Prop_muxf7_I1_O)      0.108     2.883 f  u_pe2/u_swshared/u_bsw/u_fsm/target_q_reg[2]_i_15/O
                         net (fo=1, routed)           0.000     2.883    u_pe2/u_swshared/u_bsw/u_fsm/target_q_reg[2]_i_15_n_0
    SLICE_X187Y267       MUXF8 (Prop_muxf8_I1_O)      0.043     2.926 f  u_pe2/u_swshared/u_bsw/u_fsm/target_q_reg[2]_i_7/O
                         net (fo=1, routed)           1.061     3.987    u_pe2/u_swshared/u_bsw/u_fsm/target_q_reg[2]_i_7_n_0
    SLICE_X243Y256       LUT6 (Prop_lut6_I5_O)        0.126     4.113 f  u_pe2/u_swshared/u_bsw/u_fsm/target_q[2]_i_3/O
                         net (fo=1, routed)           0.547     4.660    u_pe2/u_swshared/u_bsw/u_fsm/target_q[2]
    SLICE_X257Y247       LUT2 (Prop_lut2_I1_O)        0.043     4.703 f  u_pe2/u_swshared/u_bsw/u_fsm/target_q[2]_i_2/O
                         net (fo=4, routed)           0.525     5.228    u_pe2/u_swshared/u_bsw/u_array/g_pe[0].u_pe/target_q_reg[2]_1[2]
    SLICE_X265Y244       LUT6 (Prop_lut6_I4_O)        0.043     5.271 r  u_pe2/u_swshared/u_bsw/u_array/g_pe[0].u_pe/H_curr_reg[3]_i_5__157/O
                         net (fo=3, routed)           0.202     5.474    u_pe2/u_swshared/u_bsw/u_array/g_pe[0].u_pe/DI[0]
    SLICE_X267Y243       LUT2 (Prop_lut2_I0_O)        0.043     5.517 r  u_pe2/u_swshared/u_bsw/u_array/g_pe[0].u_pe/H_curr_reg[3]_i_6__157/O
                         net (fo=1, routed)           0.000     5.517    u_pe2/u_swshared/u_bsw/u_fsm/H_curr_reg_reg[3]_314[1]
    SLICE_X267Y243       CARRY4 (Prop_carry4_S[3]_CO[3])
                                                      0.193     5.710 r  u_pe2/u_swshared/u_bsw/u_fsm/H_curr_reg_reg[3]_i_3/CO[3]
                         net (fo=1, routed)           0.000     5.710    u_pe2/u_swshared/u_bsw/u_fsm/H_curr_reg_reg[3]_i_3_n_0
    SLICE_X267Y244       CARRY4 (Prop_carry4_CI_CO[3])
                                                      0.053     5.763 r  u_pe2/u_swshared/u_bsw/u_fsm/H_curr_reg_reg[7]_i_3/CO[3]
                         net (fo=1, routed)           0.000     5.763    u_pe2/u_swshared/u_bsw/u_fsm/H_curr_reg_reg[7]_i_3_n_0
    SLICE_X267Y245       CARRY4 (Prop_carry4_CI_O[3])
                                                      0.149     5.912 r  u_pe2/u_swshared/u_bsw/u_fsm/H_curr_reg_reg[11]_i_3/O[3]
                         net (fo=8, routed)           0.426     6.338    u_pe2/u_swshared/u_bsw/u_fsm/H_curr_reg_reg[11]_i_3_n_4
    SLICE_X271Y246       LUT5 (Prop_lut5_I2_O)        0.120     6.458 r  u_pe2/u_swshared/u_bsw/u_fsm/H_curr_reg[15]_i_46/O
                         net (fo=1, routed)           0.000     6.458    u_pe2/u_swshared/u_bsw/u_fsm/H_curr_reg[15]_i_46_n_0
    SLICE_X271Y246       CARRY4 (Prop_carry4_S[1]_CO[3])
                                                      0.267     6.725 r  u_pe2/u_swshared/u_bsw/u_fsm/H_curr_reg_reg[15]_i_10/CO[3]
                         net (fo=49, routed)          0.517     7.242    u_pe2/u_swshared/u_bsw/u_fsm/E_reg_reg[15][0]
    SLICE_X274Y247       LUT3 (Prop_lut3_I1_O)        0.043     7.285 r  u_pe2/u_swshared/u_bsw/u_fsm/H_curr_reg[15]_i_4/O
                         net (fo=61, routed)          0.411     7.695    u_pe2/u_swshared/u_bsw/u_fsm/H_curr_reg[15]_i_4_n_0
    SLICE_X272Y243       LUT5 (Prop_lut5_I4_O)        0.043     7.738 r  u_pe2/u_swshared/u_bsw/u_fsm/E_reg[7]_i_6/O
                         net (fo=2, routed)           0.385     8.123    u_pe2/u_swshared/u_bsw/u_fsm/u_array/g_pe[0].u_pe/E_reg7[5]
    SLICE_X276Y244       CARRY4 (Prop_carry4_DI[1]_CO[3])
                                                      0.250     8.373 r  u_pe2/u_swshared/u_bsw/u_fsm/F_out_reg_reg[7]_i_2/CO[3]
                         net (fo=1, routed)           0.000     8.373    u_pe2/u_swshared/u_bsw/u_fsm/F_out_reg_reg[7]_i_2_n_0
    SLICE_X276Y245       CARRY4 (Prop_carry4_CI_O[0])
                                                      0.111     8.484 f  u_pe2/u_swshared/u_bsw/u_fsm/F_out_reg_reg[11]_i_2/O[0]
                         net (fo=5, routed)           0.411     8.896    u_pe2/u_swshared/u_bsw/u_fsm/u_array/g_pe[0].u_pe/F_out_reg62_in[8]
    SLICE_X277Y247       LUT2 (Prop_lut2_I0_O)        0.124     9.020 r  u_pe2/u_swshared/u_bsw/u_fsm/F_out_reg[15]_i_19/O
                         net (fo=1, routed)           0.000     9.020    u_pe2/u_swshared/u_bsw/u_fsm/F_out_reg[15]_i_19_n_0
    SLICE_X277Y247       CARRY4 (Prop_carry4_S[0]_CO[3])
                                                      0.259     9.279 r  u_pe2/u_swshared/u_bsw/u_fsm/F_out_reg_reg[15]_i_3/CO[3]
                         net (fo=16, routed)          0.554     9.833    u_pe2/u_swshared/u_bsw/u_fsm/F_out_reg_reg[15]_i_3_n_0
    SLICE_X276Y247       LUT6 (Prop_lut6_I1_O)        0.043     9.876 r  u_pe2/u_swshared/u_bsw/u_fsm/F_out_reg[11]_i_1/O
                         net (fo=1, routed)           0.000     9.876    u_pe2/u_swshared/u_bsw/u_array/g_pe[0].u_pe/F_out_reg_reg[15]_1[11]
    SLICE_X276Y247       FDRE                                         r  u_pe2/u_swshared/u_bsw/u_array/g_pe[0].u_pe/F_out_reg_reg[11]/D
  -------------------------------------------------------------------    -------------------

                         (clock clk rise edge)        8.000     8.000 r  <hidden>
                                                      0.000     8.000 r  clk
                         net (fo=107069, unset)       0.510     8.510    u_pe2/u_swshared/u_bsw/u_array/g_pe[0].u_pe/clk
    SLICE_X276Y247       FDRE                                         r  u_pe2/u_swshared/u_bsw/u_array/g_pe[0].u_pe/F_out_reg_reg[11]/C
                         clock pessimism              0.000     8.510    <hidden>
                         clock uncertainty           -0.035     8.475    <hidden>
    SLICE_X276Y247       FDRE (Setup_fdre_C_D)        0.034     8.509    u_pe2/u_swshared/u_bsw/u_array/g_pe[0].u_pe/F_out_reg_reg[11]
  -------------------------------------------------------------------
                         required time                          8.509    <hidden>
                         arrival time                          -9.876    <hidden>
  -------------------------------------------------------------------
                         slack                                 -1.367    <hidden>

Slack (VIOLATED) :        -1.366ns  (required time - arrival time)
  Source:                 u_pe2/u_swshared/u_bsw/u_fsm/t_idx_reg[3]/C
                            (rising edge-triggered cell FDRE clocked by clk  {rise@0.000ns fall@4.000ns period=8.000ns})
  Destination:            u_pe2/u_swshared/u_bsw/u_array/g_pe[0].u_pe/E_reg_reg[11]/D
                            (rising edge-triggered cell FDRE clocked by clk  {rise@0.000ns fall@4.000ns period=8.000ns})
  Path Group:             clk
  Path Type:              Setup (Max at Slow Process Corner)
  Requirement:            8.000ns  (clk rise@8.000ns - clk rise@0.000ns)
  Data Path Delay:        9.367ns  (logic 2.586ns (27.606%)  route 6.781ns (72.394%))
  Logic Levels:           21  (CARRY4=8 LUT2=2 LUT3=1 LUT4=1 LUT5=2 LUT6=4 MUXF7=1 MUXF8=2)
  Clock Path Skew:        -0.027ns (DCD - SCD + CPR)
    Destination Clock Delay (DCD):    0.510ns = ( 8.510 - 8.000 ) 
    Source Clock Delay      (SCD):    0.537ns
    Clock Pessimism Removal (CPR):    0.000ns
  Clock Uncertainty:      0.035ns  ((TSJ^2 + TIJ^2)^1/2 + DJ) / 2 + PE
    Total System Jitter     (TSJ):    0.071ns
    Total Input Jitter      (TIJ):    0.000ns
    Discrete Jitter          (DJ):    0.000ns
    Phase Error              (PE):    0.000ns

    Location             Delay type                Incr(ns)  Path(ns)    Netlist Resource(s)
  -------------------------------------------------------------------    -------------------
                         (clock clk rise edge)        0.000     0.000 r  <hidden>
                                                      0.000     0.000 r  clk
                         net (fo=107069, unset)       0.537     0.537    u_pe2/u_swshared/u_bsw/u_fsm/clk
    SLICE_X217Y263       FDRE                                         r  u_pe2/u_swshared/u_bsw/u_fsm/t_idx_reg[3]/C
  -------------------------------------------------------------------    -------------------
    SLICE_X217Y263       FDRE (Prop_fdre_C_Q)         0.223     0.760 r  u_pe2/u_swshared/u_bsw/u_fsm/t_idx_reg[3]/Q
                         net (fo=196, routed)         1.187     1.947    u_pe2/u_swshared/u_bsw/u_fsm/t_idx_reg_n_0_[3]
    SLICE_X187Y278       MUXF8 (Prop_muxf8_S_O)       0.141     2.088 f  u_pe2/u_swshared/u_bsw/u_fsm/target_q_reg[2]_i_95/O
                         net (fo=1, routed)           0.561     2.649    u_pe2/u_swshared/u_bsw/u_fsm/target_q_reg[2]_i_95_n_0
    SLICE_X187Y267       LUT6 (Prop_lut6_I5_O)        0.126     2.775 f  u_pe2/u_swshared/u_bsw/u_fsm/target_q[2]_i_31/O
                         net (fo=1, routed)           0.000     2.775    u_pe2/u_swshared/u_bsw/u_fsm/target_q[2]_i_31_n_0
    SLICE_X187Y267       MUXF7 (Prop_muxf7_I1_O)      0.108     2.883 f  u_pe2/u_swshared/u_bsw/u_fsm/target_q_reg[2]_i_15/O
                         net (fo=1, routed)           0.000     2.883    u_pe2/u_swshared/u_bsw/u_fsm/target_q_reg[2]_i_15_n_0
    SLICE_X187Y267       MUXF8 (Prop_muxf8_I1_O)      0.043     2.926 f  u_pe2/u_swshared/u_bsw/u_fsm/target_q_reg[2]_i_7/O
                         net (fo=1, routed)           1.061     3.987    u_pe2/u_swshared/u_bsw/u_fsm/target_q_reg[2]_i_7_n_0
    SLICE_X243Y256       LUT6 (Prop_lut6_I5_O)        0.126     4.113 f  u_pe2/u_swshared/u_bsw/u_fsm/target_q[2]_i_3/O
                         net (fo=1, routed)           0.547     4.660    u_pe2/u_swshared/u_bsw/u_fsm/target_q[2]
    SLICE_X257Y247       LUT2 (Prop_lut2_I1_O)        0.043     4.703 f  u_pe2/u_swshared/u_bsw/u_fsm/target_q[2]_i_2/O
                         net (fo=4, routed)           0.525     5.228    u_pe2/u_swshared/u_bsw/u_array/g_pe[0].u_pe/target_q_reg[2]_1[2]
    SLICE_X265Y244       LUT6 (Prop_lut6_I4_O)        0.043     5.271 r  u_pe2/u_swshared/u_bsw/u_array/g_pe[0].u_pe/H_curr_reg[3]_i_5__157/O
                         net (fo=3, routed)           0.202     5.474    u_pe2/u_swshared/u_bsw/u_array/g_pe[0].u_pe/DI[0]
    SLICE_X267Y243       LUT2 (Prop_lut2_I0_O)        0.043     5.517 r  u_pe2/u_swshared/u_bsw/u_array/g_pe[0].u_pe/H_curr_reg[3]_i_6__157/O
                         net (fo=1, routed)           0.000     5.517    u_pe2/u_swshared/u_bsw/u_fsm/H_curr_reg_reg[3]_314[1]
    SLICE_X267Y243       CARRY4 (Prop_carry4_S[3]_CO[3])
                                                      0.193     5.710 r  u_pe2/u_swshared/u_bsw/u_fsm/H_curr_reg_reg[3]_i_3/CO[3]
                         net (fo=1, routed)           0.000     5.710    u_pe2/u_swshared/u_bsw/u_fsm/H_curr_reg_reg[3]_i_3_n_0
    SLICE_X267Y244       CARRY4 (Prop_carry4_CI_CO[3])
                                                      0.053     5.763 r  u_pe2/u_swshared/u_bsw/u_fsm/H_curr_reg_reg[7]_i_3/CO[3]
                         net (fo=1, routed)           0.000     5.763    u_pe2/u_swshared/u_bsw/u_fsm/H_curr_reg_reg[7]_i_3_n_0
    SLICE_X267Y245       CARRY4 (Prop_carry4_CI_O[3])
                                                      0.149     5.912 r  u_pe2/u_swshared/u_bsw/u_fsm/H_curr_reg_reg[11]_i_3/O[3]
                         net (fo=8, routed)           0.426     6.338    u_pe2/u_swshared/u_bsw/u_fsm/H_curr_reg_reg[11]_i_3_n_4
    SLICE_X271Y246       LUT5 (Prop_lut5_I2_O)        0.120     6.458 r  u_pe2/u_swshared/u_bsw/u_fsm/H_curr_reg[15]_i_46/O
                         net (fo=1, routed)           0.000     6.458    u_pe2/u_swshared/u_bsw/u_fsm/H_curr_reg[15]_i_46_n_0
    SLICE_X271Y246       CARRY4 (Prop_carry4_S[1]_CO[3])
                                                      0.267     6.725 r  u_pe2/u_swshared/u_bsw/u_fsm/H_curr_reg_reg[15]_i_10/CO[3]
                         net (fo=49, routed)          0.517     7.242    u_pe2/u_swshared/u_bsw/u_fsm/E_reg_reg[15][0]
    SLICE_X274Y247       LUT3 (Prop_lut3_I1_O)        0.043     7.285 r  u_pe2/u_swshared/u_bsw/u_fsm/H_curr_reg[15]_i_4/O
                         net (fo=61, routed)          0.438     7.723    u_pe2/u_swshared/u_bsw/u_fsm/H_curr_reg[15]_i_4_n_0
    SLICE_X271Y244       LUT5 (Prop_lut5_I4_O)        0.043     7.766 r  u_pe2/u_swshared/u_bsw/u_fsm/E_reg[3]_i_4/O
                         net (fo=2, routed)           0.281     8.047    u_pe2/u_swshared/u_bsw/u_fsm/u_array/g_pe[0].u_pe/E_reg7[3]
    SLICE_X273Y242       CARRY4 (Prop_carry4_DI[3]_CO[3])
                                                      0.190     8.237 r  u_pe2/u_swshared/u_bsw/u_fsm/E_reg_reg[3]_i_2/CO[3]
                         net (fo=1, routed)           0.000     8.237    u_pe2/u_swshared/u_bsw/u_fsm/E_reg_reg[3]_i_2_n_0
    SLICE_X273Y243       CARRY4 (Prop_carry4_CI_CO[3])
                                                      0.053     8.290 r  u_pe2/u_swshared/u_bsw/u_fsm/E_reg_reg[7]_i_2/CO[3]
                         net (fo=1, routed)           0.000     8.290    u_pe2/u_swshared/u_bsw/u_fsm/E_reg_reg[7]_i_2_n_0
    SLICE_X273Y244       CARRY4 (Prop_carry4_CI_O[3])
                                                      0.149     8.439 r  u_pe2/u_swshared/u_bsw/u_fsm/E_reg_reg[11]_i_2/O[3]
                         net (fo=5, routed)           0.483     8.922    u_pe2/u_swshared/u_bsw/u_fsm/u_array/g_pe[0].u_pe/E_reg62_in[11]
    SLICE_X271Y248       LUT4 (Prop_lut4_I0_O)        0.120     9.042 r  u_pe2/u_swshared/u_bsw/u_fsm/E_reg[15]_i_35/O
                         net (fo=1, routed)           0.000     9.042    u_pe2/u_swshared/u_bsw/u_fsm/E_reg[15]_i_35_n_0
    SLICE_X271Y248       CARRY4 (Prop_carry4_S[1]_CO[3])
                                                      0.267     9.309 r  u_pe2/u_swshared/u_bsw/u_fsm/E_reg_reg[15]_i_6/CO[3]
                         net (fo=16, routed)          0.553     9.861    u_pe2/u_swshared/u_bsw/u_fsm/u_array/g_pe[0].u_pe/E_reg5
    SLICE_X274Y248       LUT6 (Prop_lut6_I3_O)        0.043     9.904 r  u_pe2/u_swshared/u_bsw/u_fsm/E_reg[11]_i_1/O
                         net (fo=1, routed)           0.000     9.904    u_pe2/u_swshared/u_bsw/u_array/g_pe[0].u_pe/E_reg_reg[15]_2[11]
    SLICE_X274Y248       FDRE                                         r  u_pe2/u_swshared/u_bsw/u_array/g_pe[0].u_pe/E_reg_reg[11]/D
  -------------------------------------------------------------------    -------------------

                         (clock clk rise edge)        8.000     8.000 r  <hidden>
                                                      0.000     8.000 r  clk
                         net (fo=107069, unset)       0.510     8.510    u_pe2/u_swshared/u_bsw/u_array/g_pe[0].u_pe/clk
    SLICE_X274Y248       FDRE                                         r  u_pe2/u_swshared/u_bsw/u_array/g_pe[0].u_pe/E_reg_reg[11]/C
                         clock pessimism              0.000     8.510    <hidden>
                         clock uncertainty           -0.035     8.475    <hidden>
    SLICE_X274Y248       FDRE (Setup_fdre_C_D)        0.064     8.539    u_pe2/u_swshared/u_bsw/u_array/g_pe[0].u_pe/E_reg_reg[11]
  -------------------------------------------------------------------
                         required time                          8.539    <hidden>
                         arrival time                          -9.904    <hidden>
  -------------------------------------------------------------------
                         slack                                 -1.366    <hidden>

Slack (VIOLATED) :        -1.362ns  (required time - arrival time)
  Source:                 u_pe2/u_swshared/u_bsw/u_fsm/t_idx_reg[3]/C
                            (rising edge-triggered cell FDRE clocked by clk  {rise@0.000ns fall@4.000ns period=8.000ns})
  Destination:            u_pe2/u_swshared/u_bsw/u_array/g_pe[0].u_pe/F_out_reg_reg[7]/D
                            (rising edge-triggered cell FDRE clocked by clk  {rise@0.000ns fall@4.000ns period=8.000ns})
  Path Group:             clk
  Path Type:              Setup (Max at Slow Process Corner)
  Requirement:            8.000ns  (clk rise@8.000ns - clk rise@0.000ns)
  Data Path Delay:        9.366ns  (logic 2.551ns (27.238%)  route 6.815ns (72.762%))
  Logic Levels:           20  (CARRY4=7 LUT2=3 LUT3=1 LUT5=2 LUT6=4 MUXF7=1 MUXF8=2)
  Clock Path Skew:        -0.027ns (DCD - SCD + CPR)
    Destination Clock Delay (DCD):    0.510ns = ( 8.510 - 8.000 ) 
    Source Clock Delay      (SCD):    0.537ns
    Clock Pessimism Removal (CPR):    0.000ns
  Clock Uncertainty:      0.035ns  ((TSJ^2 + TIJ^2)^1/2 + DJ) / 2 + PE
    Total System Jitter     (TSJ):    0.071ns
    Total Input Jitter      (TIJ):    0.000ns
    Discrete Jitter          (DJ):    0.000ns
    Phase Error              (PE):    0.000ns

    Location             Delay type                Incr(ns)  Path(ns)    Netlist Resource(s)
  -------------------------------------------------------------------    -------------------
                         (clock clk rise edge)        0.000     0.000 r  <hidden>
                                                      0.000     0.000 r  clk
                         net (fo=107069, unset)       0.537     0.537    u_pe2/u_swshared/u_bsw/u_fsm/clk
    SLICE_X217Y263       FDRE                                         r  u_pe2/u_swshared/u_bsw/u_fsm/t_idx_reg[3]/C
  -------------------------------------------------------------------    -------------------
    SLICE_X217Y263       FDRE (Prop_fdre_C_Q)         0.223     0.760 r  u_pe2/u_swshared/u_bsw/u_fsm/t_idx_reg[3]/Q
                         net (fo=196, routed)         1.187     1.947    u_pe2/u_swshared/u_bsw/u_fsm/t_idx_reg_n_0_[3]
    SLICE_X187Y278       MUXF8 (Prop_muxf8_S_O)       0.141     2.088 f  u_pe2/u_swshared/u_bsw/u_fsm/target_q_reg[2]_i_95/O
                         net (fo=1, routed)           0.561     2.649    u_pe2/u_swshared/u_bsw/u_fsm/target_q_reg[2]_i_95_n_0
    SLICE_X187Y267       LUT6 (Prop_lut6_I5_O)        0.126     2.775 f  u_pe2/u_swshared/u_bsw/u_fsm/target_q[2]_i_31/O
                         net (fo=1, routed)           0.000     2.775    u_pe2/u_swshared/u_bsw/u_fsm/target_q[2]_i_31_n_0
    SLICE_X187Y267       MUXF7 (Prop_muxf7_I1_O)      0.108     2.883 f  u_pe2/u_swshared/u_bsw/u_fsm/target_q_reg[2]_i_15/O
                         net (fo=1, routed)           0.000     2.883    u_pe2/u_swshared/u_bsw/u_fsm/target_q_reg[2]_i_15_n_0
    SLICE_X187Y267       MUXF8 (Prop_muxf8_I1_O)      0.043     2.926 f  u_pe2/u_swshared/u_bsw/u_fsm/target_q_reg[2]_i_7/O
                         net (fo=1, routed)           1.061     3.987    u_pe2/u_swshared/u_bsw/u_fsm/target_q_reg[2]_i_7_n_0
    SLICE_X243Y256       LUT6 (Prop_lut6_I5_O)        0.126     4.113 f  u_pe2/u_swshared/u_bsw/u_fsm/target_q[2]_i_3/O
                         net (fo=1, routed)           0.547     4.660    u_pe2/u_swshared/u_bsw/u_fsm/target_q[2]
    SLICE_X257Y247       LUT2 (Prop_lut2_I1_O)        0.043     4.703 f  u_pe2/u_swshared/u_bsw/u_fsm/target_q[2]_i_2/O
                         net (fo=4, routed)           0.525     5.228    u_pe2/u_swshared/u_bsw/u_array/g_pe[0].u_pe/target_q_reg[2]_1[2]
    SLICE_X265Y244       LUT6 (Prop_lut6_I4_O)        0.043     5.271 r  u_pe2/u_swshared/u_bsw/u_array/g_pe[0].u_pe/H_curr_reg[3]_i_5__157/O
                         net (fo=3, routed)           0.202     5.474    u_pe2/u_swshared/u_bsw/u_array/g_pe[0].u_pe/DI[0]
    SLICE_X267Y243       LUT2 (Prop_lut2_I0_O)        0.043     5.517 r  u_pe2/u_swshared/u_bsw/u_array/g_pe[0].u_pe/H_curr_reg[3]_i_6__157/O
                         net (fo=1, routed)           0.000     5.517    u_pe2/u_swshared/u_bsw/u_fsm/H_curr_reg_reg[3]_314[1]
    SLICE_X267Y243       CARRY4 (Prop_carry4_S[3]_CO[3])
                                                      0.193     5.710 r  u_pe2/u_swshared/u_bsw/u_fsm/H_curr_reg_reg[3]_i_3/CO[3]
                         net (fo=1, routed)           0.000     5.710    u_pe2/u_swshared/u_bsw/u_fsm/H_curr_reg_reg[3]_i_3_n_0
    SLICE_X267Y244       CARRY4 (Prop_carry4_CI_CO[3])
                                                      0.053     5.763 r  u_pe2/u_swshared/u_bsw/u_fsm/H_curr_reg_reg[7]_i_3/CO[3]
                         net (fo=1, routed)           0.000     5.763    u_pe2/u_swshared/u_bsw/u_fsm/H_curr_reg_reg[7]_i_3_n_0
    SLICE_X267Y245       CARRY4 (Prop_carry4_CI_O[3])
                                                      0.149     5.912 r  u_pe2/u_swshared/u_bsw/u_fsm/H_curr_reg_reg[11]_i_3/O[3]
                         net (fo=8, routed)           0.426     6.338    u_pe2/u_swshared/u_bsw/u_fsm/H_curr_reg_reg[11]_i_3_n_4
    SLICE_X271Y246       LUT5 (Prop_lut5_I2_O)        0.120     6.458 r  u_pe2/u_swshared/u_bsw/u_fsm/H_curr_reg[15]_i_46/O
                         net (fo=1, routed)           0.000     6.458    u_pe2/u_swshared/u_bsw/u_fsm/H_curr_reg[15]_i_46_n_0
    SLICE_X271Y246       CARRY4 (Prop_carry4_S[1]_CO[3])
                                                      0.267     6.725 r  u_pe2/u_swshared/u_bsw/u_fsm/H_curr_reg_reg[15]_i_10/CO[3]
                         net (fo=49, routed)          0.517     7.242    u_pe2/u_swshared/u_bsw/u_fsm/E_reg_reg[15][0]
    SLICE_X274Y247       LUT3 (Prop_lut3_I1_O)        0.043     7.285 r  u_pe2/u_swshared/u_bsw/u_fsm/H_curr_reg[15]_i_4/O
                         net (fo=61, routed)          0.411     7.695    u_pe2/u_swshared/u_bsw/u_fsm/H_curr_reg[15]_i_4_n_0
    SLICE_X272Y243       LUT5 (Prop_lut5_I4_O)        0.043     7.738 r  u_pe2/u_swshared/u_bsw/u_fsm/E_reg[7]_i_6/O
                         net (fo=2, routed)           0.385     8.123    u_pe2/u_swshared/u_bsw/u_fsm/u_array/g_pe[0].u_pe/E_reg7[5]
    SLICE_X276Y244       CARRY4 (Prop_carry4_DI[1]_CO[3])
                                                      0.250     8.373 r  u_pe2/u_swshared/u_bsw/u_fsm/F_out_reg_reg[7]_i_2/CO[3]
                         net (fo=1, routed)           0.000     8.373    u_pe2/u_swshared/u_bsw/u_fsm/F_out_reg_reg[7]_i_2_n_0
    SLICE_X276Y245       CARRY4 (Prop_carry4_CI_O[0])
                                                      0.111     8.484 f  u_pe2/u_swshared/u_bsw/u_fsm/F_out_reg_reg[11]_i_2/O[0]
                         net (fo=5, routed)           0.411     8.896    u_pe2/u_swshared/u_bsw/u_fsm/u_array/g_pe[0].u_pe/F_out_reg62_in[8]
    SLICE_X277Y247       LUT2 (Prop_lut2_I0_O)        0.124     9.020 r  u_pe2/u_swshared/u_bsw/u_fsm/F_out_reg[15]_i_19/O
                         net (fo=1, routed)           0.000     9.020    u_pe2/u_swshared/u_bsw/u_fsm/F_out_reg[15]_i_19_n_0
    SLICE_X277Y247       CARRY4 (Prop_carry4_S[0]_CO[3])
                                                      0.259     9.279 r  u_pe2/u_swshared/u_bsw/u_fsm/F_out_reg_reg[15]_i_3/CO[3]
                         net (fo=16, routed)          0.581     9.860    u_pe2/u_swshared/u_bsw/u_fsm/F_out_reg_reg[15]_i_3_n_0
    SLICE_X278Y246       LUT6 (Prop_lut6_I1_O)        0.043     9.903 r  u_pe2/u_swshared/u_bsw/u_fsm/F_out_reg[7]_i_1/O
                         net (fo=1, routed)           0.000     9.903    u_pe2/u_swshared/u_bsw/u_array/g_pe[0].u_pe/F_out_reg_reg[15]_1[7]
    SLICE_X278Y246       FDRE                                         r  u_pe2/u_swshared/u_bsw/u_array/g_pe[0].u_pe/F_out_reg_reg[7]/D
  -------------------------------------------------------------------    -------------------

                         (clock clk rise edge)        8.000     8.000 r  <hidden>
                                                      0.000     8.000 r  clk
                         net (fo=107069, unset)       0.510     8.510    u_pe2/u_swshared/u_bsw/u_array/g_pe[0].u_pe/clk
    SLICE_X278Y246       FDRE                                         r  u_pe2/u_swshared/u_bsw/u_array/g_pe[0].u_pe/F_out_reg_reg[7]/C
                         clock pessimism              0.000     8.510    <hidden>
                         clock uncertainty           -0.035     8.475    <hidden>
    SLICE_X278Y246       FDRE (Setup_fdre_C_D)        0.066     8.541    u_pe2/u_swshared/u_bsw/u_array/g_pe[0].u_pe/F_out_reg_reg[7]
  -------------------------------------------------------------------
                         required time                          8.541    <hidden>
                         arrival time                          -9.903    <hidden>
  -------------------------------------------------------------------
                         slack                                 -1.362    <hidden>

Slack (VIOLATED) :        -1.361ns  (required time - arrival time)
  Source:                 u_pe2/u_sel/u_pe/u_ot/ii_reg[0]_rep__0/C
                            (rising edge-triggered cell FDRE clocked by clk  {rise@0.000ns fall@4.000ns period=8.000ns})
  Destination:            u_pe2/u_sel/u_pe/u_ot/skip_reg[1]/D
                            (rising edge-triggered cell FDRE clocked by clk  {rise@0.000ns fall@4.000ns period=8.000ns})
  Path Group:             clk
  Path Type:              Setup (Max at Slow Process Corner)
  Requirement:            8.000ns  (clk rise@8.000ns - clk rise@0.000ns)
  Data Path Delay:        9.332ns  (logic 3.185ns (34.130%)  route 6.147ns (65.870%))
  Logic Levels:           38  (CARRY4=29 LUT2=1 LUT4=1 LUT5=2 LUT6=4 RAMD64E=1)
  Clock Path Skew:        -0.027ns (DCD - SCD + CPR)
    Destination Clock Delay (DCD):    0.510ns = ( 8.510 - 8.000 ) 
    Source Clock Delay      (SCD):    0.537ns
    Clock Pessimism Removal (CPR):    0.000ns
  Clock Uncertainty:      0.035ns  ((TSJ^2 + TIJ^2)^1/2 + DJ) / 2 + PE
    Total System Jitter     (TSJ):    0.071ns
    Total Input Jitter      (TIJ):    0.000ns
    Discrete Jitter          (DJ):    0.000ns
    Phase Error              (PE):    0.000ns

    Location             Delay type                Incr(ns)  Path(ns)    Netlist Resource(s)
  -------------------------------------------------------------------    -------------------
                         (clock clk rise edge)        0.000     0.000 r  <hidden>
                                                      0.000     0.000 r  clk
                         net (fo=107069, unset)       0.537     0.537    u_pe2/u_sel/u_pe/u_ot/clk
    SLICE_X37Y304        FDRE                                         r  u_pe2/u_sel/u_pe/u_ot/ii_reg[0]_rep__0/C
  -------------------------------------------------------------------    -------------------
    SLICE_X37Y304        FDRE (Prop_fdre_C_Q)         0.204     0.741 r  u_pe2/u_sel/u_pe/u_ot/ii_reg[0]_rep__0/Q
                         net (fo=111, routed)         0.869     1.610    u_pe2/u_sel/u_pe/u_ot/m_rb_reg_r4_128_191_9_11/ADDRA0
    SLICE_X42Y309        RAMD64E (Prop_ramd64e_RADR0_O)
                                                      0.126     1.736 r  u_pe2/u_sel/u_pe/u_ot/m_rb_reg_r4_128_191_9_11/RAMA/O
                         net (fo=1, routed)           0.432     2.167    u_pe2/u_sel/u_pe/u_ot/m_rb_reg_r4_128_191_9_11_n_0
    SLICE_X43Y308        LUT6 (Prop_lut6_I1_O)        0.043     2.210 r  u_pe2/u_sel/u_pe/u_ot/skip[3]_i_897/O
                         net (fo=7, routed)           0.531     2.741    u_pe2/u_sel/u_pe/u_ot/skip[3]_i_897_n_0
    SLICE_X40Y311        LUT4 (Prop_lut4_I1_O)        0.043     2.784 r  u_pe2/u_sel/u_pe/u_ot/skip[3]_i_813/O
                         net (fo=1, routed)           0.000     2.784    u_pe2/u_sel/u_pe/u_ot/skip[3]_i_813_n_0
    SLICE_X40Y311        CARRY4 (Prop_carry4_S[0]_CO[3])
                                                      0.259     3.043 r  u_pe2/u_sel/u_pe/u_ot/skip_reg[3]_i_686/CO[3]
                         net (fo=1, routed)           0.000     3.043    u_pe2/u_sel/u_pe/u_ot/skip_reg[3]_i_686_n_0
    SLICE_X40Y312        CARRY4 (Prop_carry4_CI_CO[3])
                                                      0.053     3.096 r  u_pe2/u_sel/u_pe/u_ot/skip_reg[3]_i_565/CO[3]
                         net (fo=1, routed)           0.000     3.096    u_pe2/u_sel/u_pe/u_ot/skip_reg[3]_i_565_n_0
    SLICE_X40Y313        CARRY4 (Prop_carry4_CI_CO[3])
                                                      0.053     3.149 r  u_pe2/u_sel/u_pe/u_ot/skip_reg[3]_i_444/CO[3]
                         net (fo=1, routed)           0.000     3.149    u_pe2/u_sel/u_pe/u_ot/skip_reg[3]_i_444_n_0
    SLICE_X40Y314        CARRY4 (Prop_carry4_CI_CO[3])
                                                      0.053     3.202 r  u_pe2/u_sel/u_pe/u_ot/skip_reg[3]_i_323/CO[3]
                         net (fo=1, routed)           0.000     3.202    u_pe2/u_sel/u_pe/u_ot/skip_reg[3]_i_323_n_0
    SLICE_X40Y315        CARRY4 (Prop_carry4_CI_CO[3])
                                                      0.053     3.255 r  u_pe2/u_sel/u_pe/u_ot/skip_reg[3]_i_202/CO[3]
                         net (fo=1, routed)           0.000     3.255    u_pe2/u_sel/u_pe/u_ot/skip_reg[3]_i_202_n_0
    SLICE_X40Y316        CARRY4 (Prop_carry4_CI_CO[3])
                                                      0.053     3.308 r  u_pe2/u_sel/u_pe/u_ot/skip_reg[3]_i_89/CO[3]
                         net (fo=1, routed)           0.000     3.308    u_pe2/u_sel/u_pe/u_ot/skip_reg[3]_i_89_n_0
    SLICE_X40Y317        CARRY4 (Prop_carry4_CI_CO[3])
                                                      0.053     3.361 r  u_pe2/u_sel/u_pe/u_ot/skip_reg[3]_i_26/CO[3]
                         net (fo=197, routed)         0.549     3.910    u_pe2/u_sel/u_pe/u_ot/r2
    SLICE_X39Y310        LUT2 (Prop_lut2_I1_O)        0.043     3.953 r  u_pe2/u_sel/u_pe/u_ot/skip[3]_i_184/O
                         net (fo=63, routed)          0.543     4.496    u_pe2/u_sel/u_pe/u_ot/skip[3]_i_184_n_0
    SLICE_X35Y304        LUT6 (Prop_lut6_I4_O)        0.043     4.539 r  u_pe2/u_sel/u_pe/u_ot/skip[3]_i_773/O
                         net (fo=1, routed)           0.413     4.952    u_pe2/u_sel/u_pe/u_ot/skip[3]_i_773_n_0
    SLICE_X35Y308        CARRY4 (Prop_carry4_DI[1]_CO[3])
                                                      0.250     5.202 r  u_pe2/u_sel/u_pe/u_ot/skip_reg[3]_i_651/CO[3]
                         net (fo=1, routed)           0.000     5.202    u_pe2/u_sel/u_pe/u_ot/skip_reg[3]_i_651_n_0
    SLICE_X35Y309        CARRY4 (Prop_carry4_CI_CO[3])
                                                      0.053     5.255 r  u_pe2/u_sel/u_pe/u_ot/skip_reg[3]_i_530/CO[3]
                         net (fo=1, routed)           0.000     5.255    u_pe2/u_sel/u_pe/u_ot/skip_reg[3]_i_530_n_0
    SLICE_X35Y310        CARRY4 (Prop_carry4_CI_CO[3])
                                                      0.053     5.308 r  u_pe2/u_sel/u_pe/u_ot/skip_reg[3]_i_409/CO[3]
                         net (fo=1, routed)           0.000     5.308    u_pe2/u_sel/u_pe/u_ot/skip_reg[3]_i_409_n_0
    SLICE_X35Y311        CARRY4 (Prop_carry4_CI_CO[3])
                                                      0.053     5.361 r  u_pe2/u_sel/u_pe/u_ot/skip_reg[3]_i_288/CO[3]
                         net (fo=1, routed)           0.000     5.361    u_pe2/u_sel/u_pe/u_ot/skip_reg[3]_i_288_n_0
    SLICE_X35Y312        CARRY4 (Prop_carry4_CI_CO[3])
                                                      0.053     5.414 r  u_pe2/u_sel/u_pe/u_ot/skip_reg[3]_i_174/CO[3]
                         net (fo=1, routed)           0.000     5.414    u_pe2/u_sel/u_pe/u_ot/skip_reg[3]_i_174_n_0
    SLICE_X35Y313        CARRY4 (Prop_carry4_CI_CO[3])
                                                      0.053     5.467 r  u_pe2/u_sel/u_pe/u_ot/skip_reg[3]_i_80/CO[3]
                         net (fo=1, routed)           0.000     5.467    u_pe2/u_sel/u_pe/u_ot/skip_reg[3]_i_80_n_0
    SLICE_X35Y314        CARRY4 (Prop_carry4_CI_CO[3])
                                                      0.053     5.520 r  u_pe2/u_sel/u_pe/u_ot/skip_reg[3]_i_25/CO[3]
                         net (fo=67, routed)          0.682     6.203    u_pe2/u_sel/u_pe/u_ot/skip_reg[3]_i_25_n_0
    SLICE_X31Y305        LUT5 (Prop_lut5_I0_O)        0.043     6.246 r  u_pe2/u_sel/u_pe/u_ot/skip[3]_i_934/O
                         net (fo=1, routed)           0.360     6.606    u_pe2/u_sel/u_pe/u_ot/skip[3]_i_934_n_0
    SLICE_X29Y302        CARRY4 (Prop_carry4_DI[0]_CO[3])
                                                      0.269     6.875 r  u_pe2/u_sel/u_pe/u_ot/skip_reg[3]_i_832/CO[3]
                         net (fo=1, routed)           0.000     6.875    u_pe2/u_sel/u_pe/u_ot/skip_reg[3]_i_832_n_0
    SLICE_X29Y303        CARRY4 (Prop_carry4_CI_CO[3])
                                                      0.053     6.928 r  u_pe2/u_sel/u_pe/u_ot/skip_reg[3]_i_823/CO[3]
                         net (fo=1, routed)           0.000     6.928    u_pe2/u_sel/u_pe/u_ot/skip_reg[3]_i_823_n_0
    SLICE_X29Y304        CARRY4 (Prop_carry4_CI_CO[3])
                                                      0.053     6.981 r  u_pe2/u_sel/u_pe/u_ot/skip_reg[3]_i_721/CO[3]
                         net (fo=1, routed)           0.000     6.981    u_pe2/u_sel/u_pe/u_ot/skip_reg[3]_i_721_n_0
    SLICE_X29Y305        CARRY4 (Prop_carry4_CI_CO[3])
                                                      0.053     7.034 r  u_pe2/u_sel/u_pe/u_ot/skip_reg[3]_i_712/CO[3]
                         net (fo=1, routed)           0.000     7.034    u_pe2/u_sel/u_pe/u_ot/skip_reg[3]_i_712_n_0
    SLICE_X29Y306        CARRY4 (Prop_carry4_CI_CO[3])
                                                      0.053     7.087 r  u_pe2/u_sel/u_pe/u_ot/skip_reg[3]_i_601/CO[3]
                         net (fo=1, routed)           0.000     7.087    u_pe2/u_sel/u_pe/u_ot/skip_reg[3]_i_601_n_0
    SLICE_X29Y307        CARRY4 (Prop_carry4_CI_CO[3])
                                                      0.053     7.140 r  u_pe2/u_sel/u_pe/u_ot/skip_reg[3]_i_592/CO[3]
                         net (fo=1, routed)           0.000     7.140    u_pe2/u_sel/u_pe/u_ot/skip_reg[3]_i_592_n_0
    SLICE_X29Y308        CARRY4 (Prop_carry4_CI_CO[3])
                                                      0.053     7.193 r  u_pe2/u_sel/u_pe/u_ot/skip_reg[3]_i_480/CO[3]
                         net (fo=1, routed)           0.000     7.193    u_pe2/u_sel/u_pe/u_ot/skip_reg[3]_i_480_n_0
    SLICE_X29Y309        CARRY4 (Prop_carry4_CI_CO[3])
                                                      0.053     7.246 r  u_pe2/u_sel/u_pe/u_ot/skip_reg[3]_i_471/CO[3]
                         net (fo=1, routed)           0.000     7.246    u_pe2/u_sel/u_pe/u_ot/skip_reg[3]_i_471_n_0
    SLICE_X29Y310        CARRY4 (Prop_carry4_CI_CO[3])
                                                      0.053     7.299 r  u_pe2/u_sel/u_pe/u_ot/skip_reg[3]_i_359/CO[3]
                         net (fo=1, routed)           0.000     7.299    u_pe2/u_sel/u_pe/u_ot/skip_reg[3]_i_359_n_0
    SLICE_X29Y311        CARRY4 (Prop_carry4_CI_CO[3])
                                                      0.053     7.352 r  u_pe2/u_sel/u_pe/u_ot/skip_reg[3]_i_350/CO[3]
                         net (fo=1, routed)           0.000     7.352    u_pe2/u_sel/u_pe/u_ot/skip_reg[3]_i_350_n_0
    SLICE_X29Y312        CARRY4 (Prop_carry4_CI_CO[3])
                                                      0.053     7.405 r  u_pe2/u_sel/u_pe/u_ot/skip_reg[3]_i_238/CO[3]
                         net (fo=1, routed)           0.000     7.405    u_pe2/u_sel/u_pe/u_ot/skip_reg[3]_i_238_n_0
    SLICE_X29Y313        CARRY4 (Prop_carry4_CI_CO[3])
                                                      0.053     7.458 r  u_pe2/u_sel/u_pe/u_ot/skip_reg[3]_i_229/CO[3]
                         net (fo=1, routed)           0.000     7.458    u_pe2/u_sel/u_pe/u_ot/skip_reg[3]_i_229_n_0
    SLICE_X29Y314        CARRY4 (Prop_carry4_CI_O[0])
                                                      0.111     7.569 f  u_pe2/u_sel/u_pe/u_ot/skip_reg[3]_i_125/O[0]
                         net (fo=4, routed)           0.584     8.153    u_pe2/u_sel/u_pe/u_ot/skip3[48]
    SLICE_X24Y310        LUT6 (Prop_lut6_I3_O)        0.124     8.277 r  u_pe2/u_sel/u_pe/u_ot/skip[3]_i_32/O
                         net (fo=1, routed)           0.299     8.575    u_pe2/u_sel/u_pe/u_ot/skip[3]_i_32_n_0
    SLICE_X25Y310        CARRY4 (Prop_carry4_DI[0]_CO[3])
                                                      0.269     8.844 r  u_pe2/u_sel/u_pe/u_ot/skip_reg[3]_i_7/CO[3]
                         net (fo=1, routed)           0.000     8.844    u_pe2/u_sel/u_pe/u_ot/skip_reg[3]_i_7_n_0
    SLICE_X25Y311        CARRY4 (Prop_carry4_CI_CO[3])
                                                      0.053     8.897 f  u_pe2/u_sel/u_pe/u_ot/skip_reg[3]_i_4/CO[3]
                         net (fo=4, routed)           0.561     9.459    u_pe2/u_sel/u_pe/u_ot/skip2
    SLICE_X24Y314        LUT6 (Prop_lut6_I1_O)        0.043     9.502 r  u_pe2/u_sel/u_pe/u_ot/skip[1]_i_2/O
                         net (fo=1, routed)           0.324     9.826    u_pe2/u_sel/u_pe/u_ot/skip[1]_i_2_n_0
    SLICE_X24Y314        LUT5 (Prop_lut5_I3_O)        0.043     9.869 r  u_pe2/u_sel/u_pe/u_ot/skip[1]_i_1/O
                         net (fo=1, routed)           0.000     9.869    u_pe2/u_sel/u_pe/u_ot/skip[1]_i_1_n_0
    SLICE_X24Y314        FDRE                                         r  u_pe2/u_sel/u_pe/u_ot/skip_reg[1]/D
  -------------------------------------------------------------------    -------------------

                         (clock clk rise edge)        8.000     8.000 r  <hidden>
                                                      0.000     8.000 r  clk
                         net (fo=107069, unset)       0.510     8.510    u_pe2/u_sel/u_pe/u_ot/clk
    SLICE_X24Y314        FDRE                                         r  u_pe2/u_sel/u_pe/u_ot/skip_reg[1]/C
                         clock pessimism              0.000     8.510    <hidden>
                         clock uncertainty           -0.035     8.475    <hidden>
    SLICE_X24Y314        FDRE (Setup_fdre_C_D)        0.033     8.508    u_pe2/u_sel/u_pe/u_ot/skip_reg[1]
  -------------------------------------------------------------------
                         required time                          8.508    <hidden>
                         arrival time                          -9.869    <hidden>
  -------------------------------------------------------------------
                         slack                                 -1.361    <hidden>

Slack (VIOLATED) :        -1.360ns  (required time - arrival time)
  Source:                 u_pe2/u_ce/u_ac/u_rt/u_purge/ch_sbase_reg/CLKBWRCLK
                            (rising edge-triggered cell RAMB18E1 clocked by clk  {rise@0.000ns fall@4.000ns period=8.000ns})
  Destination:            u_pe2/u_ce/u_ac/u_rt/u_purge/vv_reg[13]/CE
                            (rising edge-triggered cell FDRE clocked by clk  {rise@0.000ns fall@4.000ns period=8.000ns})
  Path Group:             clk
  Path Type:              Setup (Max at Slow Process Corner)
  Requirement:            8.000ns  (clk rise@8.000ns - clk rise@0.000ns)
  Data Path Delay:        9.097ns  (logic 3.756ns (41.288%)  route 5.341ns (58.712%))
  Logic Levels:           15  (CARRY4=6 LUT3=1 LUT4=3 LUT5=1 LUT6=1 MUXF7=1 MUXF8=1 RAMD64E=1)
  Clock Path Skew:        -0.027ns (DCD - SCD + CPR)
    Destination Clock Delay (DCD):    0.510ns = ( 8.510 - 8.000 ) 
    Source Clock Delay      (SCD):    0.537ns
    Clock Pessimism Removal (CPR):    0.000ns
  Clock Uncertainty:      0.035ns  ((TSJ^2 + TIJ^2)^1/2 + DJ) / 2 + PE
    Total System Jitter     (TSJ):    0.071ns
    Total Input Jitter      (TIJ):    0.000ns
    Discrete Jitter          (DJ):    0.000ns
    Phase Error              (PE):    0.000ns

    Location             Delay type                Incr(ns)  Path(ns)    Netlist Resource(s)
  -------------------------------------------------------------------    -------------------
                         (clock clk rise edge)        0.000     0.000 r  <hidden>
                                                      0.000     0.000 r  clk
                         net (fo=107069, unset)       0.537     0.537    u_pe2/u_ce/u_ac/u_rt/u_purge/clk
    RAMB18_X5Y135        RAMB18E1                                     r  u_pe2/u_ce/u_ac/u_rt/u_purge/ch_sbase_reg/CLKBWRCLK
  -------------------------------------------------------------------    -------------------
    RAMB18_X5Y135        RAMB18E1 (Prop_ramb18e1_CLKBWRCLK_DOBDO[0])
                                                      1.800     2.337 r  u_pe2/u_ce/u_ac/u_rt/u_purge/ch_sbase_reg/DOBDO[0]
                         net (fo=9, routed)           0.801     3.138    u_pe2/u_ce/u_ac/u_rt/u_purge/sbase_r[0]
    SLICE_X291Y338       LUT4 (Prop_lut4_I0_O)        0.043     3.181 r  u_pe2/u_ce/u_ac/u_rt/u_purge/sd_len_reg_r1_0_63_0_2_i_14/O
                         net (fo=1, routed)           0.000     3.181    u_pe2/u_ce/u_ac/u_rt/u_purge/sd_len_reg_r1_0_63_0_2_i_14_n_0
    SLICE_X291Y338       CARRY4 (Prop_carry4_S[0]_CO[3])
                                                      0.259     3.440 r  u_pe2/u_ce/u_ac/u_rt/u_purge/sd_len_reg_r1_0_63_0_2_i_3/CO[3]
                         net (fo=1, routed)           0.000     3.440    u_pe2/u_ce/u_ac/u_rt/u_purge/sd_len_reg_r1_0_63_0_2_i_3_n_0
    SLICE_X291Y339       CARRY4 (Prop_carry4_CI_O[0])
                                                      0.111     3.551 r  u_pe2/u_ce/u_ac/u_rt/u_purge/sd_len_reg_r1_0_63_0_2_i_2/O[0]
                         net (fo=2064, routed)        1.092     4.644    u_pe2/u_ce/u_ac/u_rt/u_purge/sd_len_reg_r1_128_191_12_14/ADDRB4
    SLICE_X316Y349       RAMD64E (Prop_ramd64e_RADR4_O)
                                                      0.124     4.768 r  u_pe2/u_ce/u_ac/u_rt/u_purge/sd_len_reg_r1_128_191_12_14/RAMB/O
                         net (fo=1, routed)           0.916     5.684    u_pe2/u_ce/u_ac/u_rt/u_purge/sd_len_reg_r1_128_191_12_14_n_1
    SLICE_X308Y331       LUT6 (Prop_lut6_I1_O)        0.043     5.727 r  u_pe2/u_ce/u_ac/u_rt/u_purge/vv[15]_i_1053/O
                         net (fo=1, routed)           0.000     5.727    u_pe2/u_ce/u_ac/u_rt/u_purge/vv[15]_i_1053_n_0
    SLICE_X308Y331       MUXF7 (Prop_muxf7_I0_O)      0.120     5.847 r  u_pe2/u_ce/u_ac/u_rt/u_purge/vv_reg[15]_i_744/O
                         net (fo=1, routed)           0.000     5.847    u_pe2/u_ce/u_ac/u_rt/u_purge/vv_reg[15]_i_744_n_0
    SLICE_X308Y331       MUXF8 (Prop_muxf8_I0_O)      0.045     5.892 r  u_pe2/u_ce/u_ac/u_rt/u_purge/vv_reg[15]_i_463/O
                         net (fo=9, routed)           0.825     6.717    u_pe2/u_ce/u_ac/u_rt/u_purge/t_len[13]
    SLICE_X291Y325       LUT3 (Prop_lut3_I1_O)        0.137     6.854 r  u_pe2/u_ce/u_ac/u_rt/u_purge/vv[15]_i_252/O
                         net (fo=2, routed)           0.467     7.321    u_pe2/u_ce/u_ac/u_rt/u_purge/vv[15]_i_252_n_0
    SLICE_X291Y325       LUT4 (Prop_lut4_I3_O)        0.137     7.458 r  u_pe2/u_ce/u_ac/u_rt/u_purge/vv[15]_i_256/O
                         net (fo=1, routed)           0.000     7.458    u_pe2/u_ce/u_ac/u_rt/u_purge/vv[15]_i_256_n_0
    SLICE_X291Y325       CARRY4 (Prop_carry4_S[2]_CO[3])
                                                      0.195     7.653 r  u_pe2/u_ce/u_ac/u_rt/u_purge/vv_reg[15]_i_132/CO[3]
                         net (fo=1, routed)           0.000     7.653    u_pe2/u_ce/u_ac/u_rt/u_purge/vv_reg[15]_i_132_n_0
    SLICE_X291Y326       CARRY4 (Prop_carry4_CI_CO[3])
                                                      0.053     7.706 r  u_pe2/u_ce/u_ac/u_rt/u_purge/vv_reg[15]_i_130/CO[3]
                         net (fo=1, routed)           0.000     7.706    u_pe2/u_ce/u_ac/u_rt/u_purge/vv_reg[15]_i_130_n_0
    SLICE_X291Y327       CARRY4 (Prop_carry4_CI_O[3])
                                                      0.149     7.855 r  u_pe2/u_ce/u_ac/u_rt/u_purge/vv_reg[15]_i_45/O[3]
                         net (fo=2, routed)           0.520     8.375    u_pe2/u_ce/u_ac/u_rt/u_purge/state20_in[29]
    SLICE_X285Y325       LUT4 (Prop_lut4_I0_O)        0.120     8.495 r  u_pe2/u_ce/u_ac/u_rt/u_purge/vv[15]_i_17/O
                         net (fo=1, routed)           0.000     8.495    u_pe2/u_ce/u_ac/u_rt/u_purge/vv[15]_i_17_n_0
    SLICE_X285Y325       CARRY4 (Prop_carry4_S[1]_CO[2])
                                                      0.291     8.786 r  u_pe2/u_ce/u_ac/u_rt/u_purge/vv_reg[15]_i_4/CO[2]
                         net (fo=3, routed)           0.492     9.278    u_pe2/u_ce/u_ac/u_rt/u_purge/vv_short
    SLICE_X277Y333       LUT5 (Prop_lut5_I1_O)        0.129     9.407 r  u_pe2/u_ce/u_ac/u_rt/u_purge/vv[15]_i_1/O
                         net (fo=16, routed)          0.227     9.634    u_pe2/u_ce/u_ac/u_rt/u_purge/vv[0]
    SLICE_X280Y333       FDRE                                         r  u_pe2/u_ce/u_ac/u_rt/u_purge/vv_reg[13]/CE
  -------------------------------------------------------------------    -------------------

                         (clock clk rise edge)        8.000     8.000 r  <hidden>
                                                      0.000     8.000 r  clk
                         net (fo=107069, unset)       0.510     8.510    u_pe2/u_ce/u_ac/u_rt/u_purge/clk
    SLICE_X280Y333       FDRE                                         r  u_pe2/u_ce/u_ac/u_rt/u_purge/vv_reg[13]/C
                         clock pessimism              0.000     8.510    <hidden>
                         clock uncertainty           -0.035     8.475    <hidden>
    SLICE_X280Y333       FDRE (Setup_fdre_C_CE)      -0.201     8.274    u_pe2/u_ce/u_ac/u_rt/u_purge/vv_reg[13]
  -------------------------------------------------------------------
                         required time                          8.274    <hidden>
                         arrival time                          -9.634    <hidden>
  -------------------------------------------------------------------
                         slack                                 -1.360    <hidden>

Slack (VIOLATED) :        -1.360ns  (required time - arrival time)
  Source:                 u_pe2/u_ce/u_ac/u_rt/u_purge/ch_sbase_reg/CLKBWRCLK
                            (rising edge-triggered cell RAMB18E1 clocked by clk  {rise@0.000ns fall@4.000ns period=8.000ns})
  Destination:            u_pe2/u_ce/u_ac/u_rt/u_purge/vv_reg[14]/CE
                            (rising edge-triggered cell FDRE clocked by clk  {rise@0.000ns fall@4.000ns period=8.000ns})
  Path Group:             clk
  Path Type:              Setup (Max at Slow Process Corner)
  Requirement:            8.000ns  (clk rise@8.000ns - clk rise@0.000ns)
  Data Path Delay:        9.097ns  (logic 3.756ns (41.288%)  route 5.341ns (58.712%))
  Logic Levels:           15  (CARRY4=6 LUT3=1 LUT4=3 LUT5=1 LUT6=1 MUXF7=1 MUXF8=1 RAMD64E=1)
  Clock Path Skew:        -0.027ns (DCD - SCD + CPR)
    Destination Clock Delay (DCD):    0.510ns = ( 8.510 - 8.000 ) 
    Source Clock Delay      (SCD):    0.537ns
    Clock Pessimism Removal (CPR):    0.000ns
  Clock Uncertainty:      0.035ns  ((TSJ^2 + TIJ^2)^1/2 + DJ) / 2 + PE
    Total System Jitter     (TSJ):    0.071ns
    Total Input Jitter      (TIJ):    0.000ns
    Discrete Jitter          (DJ):    0.000ns
    Phase Error              (PE):    0.000ns

    Location             Delay type                Incr(ns)  Path(ns)    Netlist Resource(s)
  -------------------------------------------------------------------    -------------------
                         (clock clk rise edge)        0.000     0.000 r  <hidden>
                                                      0.000     0.000 r  clk
                         net (fo=107069, unset)       0.537     0.537    u_pe2/u_ce/u_ac/u_rt/u_purge/clk
    RAMB18_X5Y135        RAMB18E1                                     r  u_pe2/u_ce/u_ac/u_rt/u_purge/ch_sbase_reg/CLKBWRCLK
  -------------------------------------------------------------------    -------------------
    RAMB18_X5Y135        RAMB18E1 (Prop_ramb18e1_CLKBWRCLK_DOBDO[0])
                                                      1.800     2.337 r  u_pe2/u_ce/u_ac/u_rt/u_purge/ch_sbase_reg/DOBDO[0]
                         net (fo=9, routed)           0.801     3.138    u_pe2/u_ce/u_ac/u_rt/u_purge/sbase_r[0]
    SLICE_X291Y338       LUT4 (Prop_lut4_I0_O)        0.043     3.181 r  u_pe2/u_ce/u_ac/u_rt/u_purge/sd_len_reg_r1_0_63_0_2_i_14/O
                         net (fo=1, routed)           0.000     3.181    u_pe2/u_ce/u_ac/u_rt/u_purge/sd_len_reg_r1_0_63_0_2_i_14_n_0
    SLICE_X291Y338       CARRY4 (Prop_carry4_S[0]_CO[3])
                                                      0.259     3.440 r  u_pe2/u_ce/u_ac/u_rt/u_purge/sd_len_reg_r1_0_63_0_2_i_3/CO[3]
                         net (fo=1, routed)           0.000     3.440    u_pe2/u_ce/u_ac/u_rt/u_purge/sd_len_reg_r1_0_63_0_2_i_3_n_0
    SLICE_X291Y339       CARRY4 (Prop_carry4_CI_O[0])
                                                      0.111     3.551 r  u_pe2/u_ce/u_ac/u_rt/u_purge/sd_len_reg_r1_0_63_0_2_i_2/O[0]
                         net (fo=2064, routed)        1.092     4.644    u_pe2/u_ce/u_ac/u_rt/u_purge/sd_len_reg_r1_128_191_12_14/ADDRB4
    SLICE_X316Y349       RAMD64E (Prop_ramd64e_RADR4_O)
                                                      0.124     4.768 r  u_pe2/u_ce/u_ac/u_rt/u_purge/sd_len_reg_r1_128_191_12_14/RAMB/O
                         net (fo=1, routed)           0.916     5.684    u_pe2/u_ce/u_ac/u_rt/u_purge/sd_len_reg_r1_128_191_12_14_n_1
    SLICE_X308Y331       LUT6 (Prop_lut6_I1_O)        0.043     5.727 r  u_pe2/u_ce/u_ac/u_rt/u_purge/vv[15]_i_1053/O
                         net (fo=1, routed)           0.000     5.727    u_pe2/u_ce/u_ac/u_rt/u_purge/vv[15]_i_1053_n_0
    SLICE_X308Y331       MUXF7 (Prop_muxf7_I0_O)      0.120     5.847 r  u_pe2/u_ce/u_ac/u_rt/u_purge/vv_reg[15]_i_744/O
                         net (fo=1, routed)           0.000     5.847    u_pe2/u_ce/u_ac/u_rt/u_purge/vv_reg[15]_i_744_n_0
    SLICE_X308Y331       MUXF8 (Prop_muxf8_I0_O)      0.045     5.892 r  u_pe2/u_ce/u_ac/u_rt/u_purge/vv_reg[15]_i_463/O
                         net (fo=9, routed)           0.825     6.717    u_pe2/u_ce/u_ac/u_rt/u_purge/t_len[13]
    SLICE_X291Y325       LUT3 (Prop_lut3_I1_O)        0.137     6.854 r  u_pe2/u_ce/u_ac/u_rt/u_purge/vv[15]_i_252/O
                         net (fo=2, routed)           0.467     7.321    u_pe2/u_ce/u_ac/u_rt/u_purge/vv[15]_i_252_n_0
    SLICE_X291Y325       LUT4 (Prop_lut4_I3_O)        0.137     7.458 r  u_pe2/u_ce/u_ac/u_rt/u_purge/vv[15]_i_256/O
                         net (fo=1, routed)           0.000     7.458    u_pe2/u_ce/u_ac/u_rt/u_purge/vv[15]_i_256_n_0
    SLICE_X291Y325       CARRY4 (Prop_carry4_S[2]_CO[3])
                                                      0.195     7.653 r  u_pe2/u_ce/u_ac/u_rt/u_purge/vv_reg[15]_i_132/CO[3]
                         net (fo=1, routed)           0.000     7.653    u_pe2/u_ce/u_ac/u_rt/u_purge/vv_reg[15]_i_132_n_0
    SLICE_X291Y326       CARRY4 (Prop_carry4_CI_CO[3])
                                                      0.053     7.706 r  u_pe2/u_ce/u_ac/u_rt/u_purge/vv_reg[15]_i_130/CO[3]
                         net (fo=1, routed)           0.000     7.706    u_pe2/u_ce/u_ac/u_rt/u_purge/vv_reg[15]_i_130_n_0
    SLICE_X291Y327       CARRY4 (Prop_carry4_CI_O[3])
                                                      0.149     7.855 r  u_pe2/u_ce/u_ac/u_rt/u_purge/vv_reg[15]_i_45/O[3]
                         net (fo=2, routed)           0.520     8.375    u_pe2/u_ce/u_ac/u_rt/u_purge/state20_in[29]
    SLICE_X285Y325       LUT4 (Prop_lut4_I0_O)        0.120     8.495 r  u_pe2/u_ce/u_ac/u_rt/u_purge/vv[15]_i_17/O
                         net (fo=1, routed)           0.000     8.495    u_pe2/u_ce/u_ac/u_rt/u_purge/vv[15]_i_17_n_0
    SLICE_X285Y325       CARRY4 (Prop_carry4_S[1]_CO[2])
                                                      0.291     8.786 r  u_pe2/u_ce/u_ac/u_rt/u_purge/vv_reg[15]_i_4/CO[2]
                         net (fo=3, routed)           0.492     9.278    u_pe2/u_ce/u_ac/u_rt/u_purge/vv_short
    SLICE_X277Y333       LUT5 (Prop_lut5_I1_O)        0.129     9.407 r  u_pe2/u_ce/u_ac/u_rt/u_purge/vv[15]_i_1/O
                         net (fo=16, routed)          0.227     9.634    u_pe2/u_ce/u_ac/u_rt/u_purge/vv[0]
    SLICE_X280Y333       FDRE                                         r  u_pe2/u_ce/u_ac/u_rt/u_purge/vv_reg[14]/CE
  -------------------------------------------------------------------    -------------------

                         (clock clk rise edge)        8.000     8.000 r  <hidden>
                                                      0.000     8.000 r  clk
                         net (fo=107069, unset)       0.510     8.510    u_pe2/u_ce/u_ac/u_rt/u_purge/clk
    SLICE_X280Y333       FDRE                                         r  u_pe2/u_ce/u_ac/u_rt/u_purge/vv_reg[14]/C
                         clock pessimism              0.000     8.510    <hidden>
                         clock uncertainty           -0.035     8.475    <hidden>
    SLICE_X280Y333       FDRE (Setup_fdre_C_CE)      -0.201     8.274    u_pe2/u_ce/u_ac/u_rt/u_purge/vv_reg[14]
  -------------------------------------------------------------------
                         required time                          8.274    <hidden>
                         arrival time                          -9.634    <hidden>
  -------------------------------------------------------------------
                         slack                                 -1.360    <hidden>

Slack (VIOLATED) :        -1.360ns  (required time - arrival time)
  Source:                 u_pe2/u_ce/u_ac/u_rt/u_purge/ch_sbase_reg/CLKBWRCLK
                            (rising edge-triggered cell RAMB18E1 clocked by clk  {rise@0.000ns fall@4.000ns period=8.000ns})
  Destination:            u_pe2/u_ce/u_ac/u_rt/u_purge/vv_reg[15]/CE
                            (rising edge-triggered cell FDRE clocked by clk  {rise@0.000ns fall@4.000ns period=8.000ns})
  Path Group:             clk
  Path Type:              Setup (Max at Slow Process Corner)
  Requirement:            8.000ns  (clk rise@8.000ns - clk rise@0.000ns)
  Data Path Delay:        9.097ns  (logic 3.756ns (41.288%)  route 5.341ns (58.712%))
  Logic Levels:           15  (CARRY4=6 LUT3=1 LUT4=3 LUT5=1 LUT6=1 MUXF7=1 MUXF8=1 RAMD64E=1)
  Clock Path Skew:        -0.027ns (DCD - SCD + CPR)
    Destination Clock Delay (DCD):    0.510ns = ( 8.510 - 8.000 ) 
    Source Clock Delay      (SCD):    0.537ns
    Clock Pessimism Removal (CPR):    0.000ns
  Clock Uncertainty:      0.035ns  ((TSJ^2 + TIJ^2)^1/2 + DJ) / 2 + PE
    Total System Jitter     (TSJ):    0.071ns
    Total Input Jitter      (TIJ):    0.000ns
    Discrete Jitter          (DJ):    0.000ns
    Phase Error              (PE):    0.000ns

    Location             Delay type                Incr(ns)  Path(ns)    Netlist Resource(s)
  -------------------------------------------------------------------    -------------------
                         (clock clk rise edge)        0.000     0.000 r  <hidden>
                                                      0.000     0.000 r  clk
                         net (fo=107069, unset)       0.537     0.537    u_pe2/u_ce/u_ac/u_rt/u_purge/clk
    RAMB18_X5Y135        RAMB18E1                                     r  u_pe2/u_ce/u_ac/u_rt/u_purge/ch_sbase_reg/CLKBWRCLK
  -------------------------------------------------------------------    -------------------
    RAMB18_X5Y135        RAMB18E1 (Prop_ramb18e1_CLKBWRCLK_DOBDO[0])
                                                      1.800     2.337 r  u_pe2/u_ce/u_ac/u_rt/u_purge/ch_sbase_reg/DOBDO[0]
                         net (fo=9, routed)           0.801     3.138    u_pe2/u_ce/u_ac/u_rt/u_purge/sbase_r[0]
    SLICE_X291Y338       LUT4 (Prop_lut4_I0_O)        0.043     3.181 r  u_pe2/u_ce/u_ac/u_rt/u_purge/sd_len_reg_r1_0_63_0_2_i_14/O
                         net (fo=1, routed)           0.000     3.181    u_pe2/u_ce/u_ac/u_rt/u_purge/sd_len_reg_r1_0_63_0_2_i_14_n_0
    SLICE_X291Y338       CARRY4 (Prop_carry4_S[0]_CO[3])
                                                      0.259     3.440 r  u_pe2/u_ce/u_ac/u_rt/u_purge/sd_len_reg_r1_0_63_0_2_i_3/CO[3]
                         net (fo=1, routed)           0.000     3.440    u_pe2/u_ce/u_ac/u_rt/u_purge/sd_len_reg_r1_0_63_0_2_i_3_n_0
    SLICE_X291Y339       CARRY4 (Prop_carry4_CI_O[0])
                                                      0.111     3.551 r  u_pe2/u_ce/u_ac/u_rt/u_purge/sd_len_reg_r1_0_63_0_2_i_2/O[0]
                         net (fo=2064, routed)        1.092     4.644    u_pe2/u_ce/u_ac/u_rt/u_purge/sd_len_reg_r1_128_191_12_14/ADDRB4
    SLICE_X316Y349       RAMD64E (Prop_ramd64e_RADR4_O)
                                                      0.124     4.768 r  u_pe2/u_ce/u_ac/u_rt/u_purge/sd_len_reg_r1_128_191_12_14/RAMB/O
                         net (fo=1, routed)           0.916     5.684    u_pe2/u_ce/u_ac/u_rt/u_purge/sd_len_reg_r1_128_191_12_14_n_1
    SLICE_X308Y331       LUT6 (Prop_lut6_I1_O)        0.043     5.727 r  u_pe2/u_ce/u_ac/u_rt/u_purge/vv[15]_i_1053/O
                         net (fo=1, routed)           0.000     5.727    u_pe2/u_ce/u_ac/u_rt/u_purge/vv[15]_i_1053_n_0
    SLICE_X308Y331       MUXF7 (Prop_muxf7_I0_O)      0.120     5.847 r  u_pe2/u_ce/u_ac/u_rt/u_purge/vv_reg[15]_i_744/O
                         net (fo=1, routed)           0.000     5.847    u_pe2/u_ce/u_ac/u_rt/u_purge/vv_reg[15]_i_744_n_0
    SLICE_X308Y331       MUXF8 (Prop_muxf8_I0_O)      0.045     5.892 r  u_pe2/u_ce/u_ac/u_rt/u_purge/vv_reg[15]_i_463/O
                         net (fo=9, routed)           0.825     6.717    u_pe2/u_ce/u_ac/u_rt/u_purge/t_len[13]
    SLICE_X291Y325       LUT3 (Prop_lut3_I1_O)        0.137     6.854 r  u_pe2/u_ce/u_ac/u_rt/u_purge/vv[15]_i_252/O
                         net (fo=2, routed)           0.467     7.321    u_pe2/u_ce/u_ac/u_rt/u_purge/vv[15]_i_252_n_0
    SLICE_X291Y325       LUT4 (Prop_lut4_I3_O)        0.137     7.458 r  u_pe2/u_ce/u_ac/u_rt/u_purge/vv[15]_i_256/O
                         net (fo=1, routed)           0.000     7.458    u_pe2/u_ce/u_ac/u_rt/u_purge/vv[15]_i_256_n_0
    SLICE_X291Y325       CARRY4 (Prop_carry4_S[2]_CO[3])
                                                      0.195     7.653 r  u_pe2/u_ce/u_ac/u_rt/u_purge/vv_reg[15]_i_132/CO[3]
                         net (fo=1, routed)           0.000     7.653    u_pe2/u_ce/u_ac/u_rt/u_purge/vv_reg[15]_i_132_n_0
    SLICE_X291Y326       CARRY4 (Prop_carry4_CI_CO[3])
                                                      0.053     7.706 r  u_pe2/u_ce/u_ac/u_rt/u_purge/vv_reg[15]_i_130/CO[3]
                         net (fo=1, routed)           0.000     7.706    u_pe2/u_ce/u_ac/u_rt/u_purge/vv_reg[15]_i_130_n_0
    SLICE_X291Y327       CARRY4 (Prop_carry4_CI_O[3])
                                                      0.149     7.855 r  u_pe2/u_ce/u_ac/u_rt/u_purge/vv_reg[15]_i_45/O[3]
                         net (fo=2, routed)           0.520     8.375    u_pe2/u_ce/u_ac/u_rt/u_purge/state20_in[29]
    SLICE_X285Y325       LUT4 (Prop_lut4_I0_O)        0.120     8.495 r  u_pe2/u_ce/u_ac/u_rt/u_purge/vv[15]_i_17/O
                         net (fo=1, routed)           0.000     8.495    u_pe2/u_ce/u_ac/u_rt/u_purge/vv[15]_i_17_n_0
    SLICE_X285Y325       CARRY4 (Prop_carry4_S[1]_CO[2])
                                                      0.291     8.786 r  u_pe2/u_ce/u_ac/u_rt/u_purge/vv_reg[15]_i_4/CO[2]
                         net (fo=3, routed)           0.492     9.278    u_pe2/u_ce/u_ac/u_rt/u_purge/vv_short
    SLICE_X277Y333       LUT5 (Prop_lut5_I1_O)        0.129     9.407 r  u_pe2/u_ce/u_ac/u_rt/u_purge/vv[15]_i_1/O
                         net (fo=16, routed)          0.227     9.634    u_pe2/u_ce/u_ac/u_rt/u_purge/vv[0]
    SLICE_X280Y333       FDRE                                         r  u_pe2/u_ce/u_ac/u_rt/u_purge/vv_reg[15]/CE
  -------------------------------------------------------------------    -------------------

                         (clock clk rise edge)        8.000     8.000 r  <hidden>
                                                      0.000     8.000 r  clk
                         net (fo=107069, unset)       0.510     8.510    u_pe2/u_ce/u_ac/u_rt/u_purge/clk
    SLICE_X280Y333       FDRE                                         r  u_pe2/u_ce/u_ac/u_rt/u_purge/vv_reg[15]/C
                         clock pessimism              0.000     8.510    <hidden>
                         clock uncertainty           -0.035     8.475    <hidden>
    SLICE_X280Y333       FDRE (Setup_fdre_C_CE)      -0.201     8.274    u_pe2/u_ce/u_ac/u_rt/u_purge/vv_reg[15]
  -------------------------------------------------------------------
                         required time                          8.274    <hidden>
                         arrival time                          -9.634    <hidden>
  -------------------------------------------------------------------
                         slack                                 -1.360    <hidden>

Slack (VIOLATED) :        -1.360ns  (required time - arrival time)
  Source:                 u_pe2/u_ce/u_ac/u_rt/u_purge/ch_sbase_reg/CLKBWRCLK
                            (rising edge-triggered cell RAMB18E1 clocked by clk  {rise@0.000ns fall@4.000ns period=8.000ns})
  Destination:            u_pe2/u_ce/u_ac/u_rt/u_purge/vv_reg[3]/CE
                            (rising edge-triggered cell FDRE clocked by clk  {rise@0.000ns fall@4.000ns period=8.000ns})
  Path Group:             clk
  Path Type:              Setup (Max at Slow Process Corner)
  Requirement:            8.000ns  (clk rise@8.000ns - clk rise@0.000ns)
  Data Path Delay:        9.097ns  (logic 3.756ns (41.290%)  route 5.341ns (58.710%))
  Logic Levels:           15  (CARRY4=6 LUT3=1 LUT4=3 LUT5=1 LUT6=1 MUXF7=1 MUXF8=1 RAMD64E=1)
  Clock Path Skew:        -0.027ns (DCD - SCD + CPR)
    Destination Clock Delay (DCD):    0.510ns = ( 8.510 - 8.000 ) 
    Source Clock Delay      (SCD):    0.537ns
    Clock Pessimism Removal (CPR):    0.000ns
  Clock Uncertainty:      0.035ns  ((TSJ^2 + TIJ^2)^1/2 + DJ) / 2 + PE
    Total System Jitter     (TSJ):    0.071ns
    Total Input Jitter      (TIJ):    0.000ns
    Discrete Jitter          (DJ):    0.000ns
    Phase Error              (PE):    0.000ns

    Location             Delay type                Incr(ns)  Path(ns)    Netlist Resource(s)
  -------------------------------------------------------------------    -------------------
                         (clock clk rise edge)        0.000     0.000 r  <hidden>
                                                      0.000     0.000 r  clk
                         net (fo=107069, unset)       0.537     0.537    u_pe2/u_ce/u_ac/u_rt/u_purge/clk
    RAMB18_X5Y135        RAMB18E1                                     r  u_pe2/u_ce/u_ac/u_rt/u_purge/ch_sbase_reg/CLKBWRCLK
  -------------------------------------------------------------------    -------------------
    RAMB18_X5Y135        RAMB18E1 (Prop_ramb18e1_CLKBWRCLK_DOBDO[0])
                                                      1.800     2.337 r  u_pe2/u_ce/u_ac/u_rt/u_purge/ch_sbase_reg/DOBDO[0]
                         net (fo=9, routed)           0.801     3.138    u_pe2/u_ce/u_ac/u_rt/u_purge/sbase_r[0]
    SLICE_X291Y338       LUT4 (Prop_lut4_I0_O)        0.043     3.181 r  u_pe2/u_ce/u_ac/u_rt/u_purge/sd_len_reg_r1_0_63_0_2_i_14/O
                         net (fo=1, routed)           0.000     3.181    u_pe2/u_ce/u_ac/u_rt/u_purge/sd_len_reg_r1_0_63_0_2_i_14_n_0
    SLICE_X291Y338       CARRY4 (Prop_carry4_S[0]_CO[3])
                                                      0.259     3.440 r  u_pe2/u_ce/u_ac/u_rt/u_purge/sd_len_reg_r1_0_63_0_2_i_3/CO[3]
                         net (fo=1, routed)           0.000     3.440    u_pe2/u_ce/u_ac/u_rt/u_purge/sd_len_reg_r1_0_63_0_2_i_3_n_0
    SLICE_X291Y339       CARRY4 (Prop_carry4_CI_O[0])
                                                      0.111     3.551 r  u_pe2/u_ce/u_ac/u_rt/u_purge/sd_len_reg_r1_0_63_0_2_i_2/O[0]
                         net (fo=2064, routed)        1.092     4.644    u_pe2/u_ce/u_ac/u_rt/u_purge/sd_len_reg_r1_128_191_12_14/ADDRB4
    SLICE_X316Y349       RAMD64E (Prop_ramd64e_RADR4_O)
                                                      0.124     4.768 r  u_pe2/u_ce/u_ac/u_rt/u_purge/sd_len_reg_r1_128_191_12_14/RAMB/O
                         net (fo=1, routed)           0.916     5.684    u_pe2/u_ce/u_ac/u_rt/u_purge/sd_len_reg_r1_128_191_12_14_n_1
    SLICE_X308Y331       LUT6 (Prop_lut6_I1_O)        0.043     5.727 r  u_pe2/u_ce/u_ac/u_rt/u_purge/vv[15]_i_1053/O
                         net (fo=1, routed)           0.000     5.727    u_pe2/u_ce/u_ac/u_rt/u_purge/vv[15]_i_1053_n_0
    SLICE_X308Y331       MUXF7 (Prop_muxf7_I0_O)      0.120     5.847 r  u_pe2/u_ce/u_ac/u_rt/u_purge/vv_reg[15]_i_744/O
                         net (fo=1, routed)           0.000     5.847    u_pe2/u_ce/u_ac/u_rt/u_purge/vv_reg[15]_i_744_n_0
    SLICE_X308Y331       MUXF8 (Prop_muxf8_I0_O)      0.045     5.892 r  u_pe2/u_ce/u_ac/u_rt/u_purge/vv_reg[15]_i_463/O
                         net (fo=9, routed)           0.825     6.717    u_pe2/u_ce/u_ac/u_rt/u_purge/t_len[13]
    SLICE_X291Y325       LUT3 (Prop_lut3_I1_O)        0.137     6.854 r  u_pe2/u_ce/u_ac/u_rt/u_purge/vv[15]_i_252/O
                         net (fo=2, routed)           0.467     7.321    u_pe2/u_ce/u_ac/u_rt/u_purge/vv[15]_i_252_n_0
    SLICE_X291Y325       LUT4 (Prop_lut4_I3_O)        0.137     7.458 r  u_pe2/u_ce/u_ac/u_rt/u_purge/vv[15]_i_256/O
                         net (fo=1, routed)           0.000     7.458    u_pe2/u_ce/u_ac/u_rt/u_purge/vv[15]_i_256_n_0
    SLICE_X291Y325       CARRY4 (Prop_carry4_S[2]_CO[3])
                                                      0.195     7.653 r  u_pe2/u_ce/u_ac/u_rt/u_purge/vv_reg[15]_i_132/CO[3]
                         net (fo=1, routed)           0.000     7.653    u_pe2/u_ce/u_ac/u_rt/u_purge/vv_reg[15]_i_132_n_0
    SLICE_X291Y326       CARRY4 (Prop_carry4_CI_CO[3])
                                                      0.053     7.706 r  u_pe2/u_ce/u_ac/u_rt/u_purge/vv_reg[15]_i_130/CO[3]
                         net (fo=1, routed)           0.000     7.706    u_pe2/u_ce/u_ac/u_rt/u_purge/vv_reg[15]_i_130_n_0
    SLICE_X291Y327       CARRY4 (Prop_carry4_CI_O[3])
                                                      0.149     7.855 r  u_pe2/u_ce/u_ac/u_rt/u_purge/vv_reg[15]_i_45/O[3]
                         net (fo=2, routed)           0.520     8.375    u_pe2/u_ce/u_ac/u_rt/u_purge/state20_in[29]
    SLICE_X285Y325       LUT4 (Prop_lut4_I0_O)        0.120     8.495 r  u_pe2/u_ce/u_ac/u_rt/u_purge/vv[15]_i_17/O
                         net (fo=1, routed)           0.000     8.495    u_pe2/u_ce/u_ac/u_rt/u_purge/vv[15]_i_17_n_0
    SLICE_X285Y325       CARRY4 (Prop_carry4_S[1]_CO[2])
                                                      0.291     8.786 r  u_pe2/u_ce/u_ac/u_rt/u_purge/vv_reg[15]_i_4/CO[2]
                         net (fo=3, routed)           0.492     9.278    u_pe2/u_ce/u_ac/u_rt/u_purge/vv_short
    SLICE_X277Y333       LUT5 (Prop_lut5_I1_O)        0.129     9.407 r  u_pe2/u_ce/u_ac/u_rt/u_purge/vv[15]_i_1/O
                         net (fo=16, routed)          0.227     9.634    u_pe2/u_ce/u_ac/u_rt/u_purge/vv[0]
    SLICE_X275Y333       FDRE                                         r  u_pe2/u_ce/u_ac/u_rt/u_purge/vv_reg[3]/CE
  -------------------------------------------------------------------    -------------------

                         (clock clk rise edge)        8.000     8.000 r  <hidden>
                                                      0.000     8.000 r  clk
                         net (fo=107069, unset)       0.510     8.510    u_pe2/u_ce/u_ac/u_rt/u_purge/clk
    SLICE_X275Y333       FDRE                                         r  u_pe2/u_ce/u_ac/u_rt/u_purge/vv_reg[3]/C
                         clock pessimism              0.000     8.510    <hidden>
                         clock uncertainty           -0.035     8.475    <hidden>
    SLICE_X275Y333       FDRE (Setup_fdre_C_CE)      -0.201     8.274    u_pe2/u_ce/u_ac/u_rt/u_purge/vv_reg[3]
  -------------------------------------------------------------------
                         required time                          8.274    <hidden>
                         arrival time                          -9.634    <hidden>
  -------------------------------------------------------------------
                         slack                                 -1.360    <hidden>

Slack (VIOLATED) :        -1.355ns  (required time - arrival time)
  Source:                 u_pe2/u_swshared/u_bsw/u_fsm/t_idx_reg[3]/C
                            (rising edge-triggered cell FDRE clocked by clk  {rise@0.000ns fall@4.000ns period=8.000ns})
  Destination:            u_pe2/u_swshared/u_bsw/u_array/g_pe[0].u_pe/E_reg_reg[9]/D
                            (rising edge-triggered cell FDRE clocked by clk  {rise@0.000ns fall@4.000ns period=8.000ns})
  Path Group:             clk
  Path Type:              Setup (Max at Slow Process Corner)
  Requirement:            8.000ns  (clk rise@8.000ns - clk rise@0.000ns)
  Data Path Delay:        9.327ns  (logic 2.586ns (27.726%)  route 6.741ns (72.274%))
  Logic Levels:           21  (CARRY4=8 LUT2=2 LUT3=1 LUT4=1 LUT5=2 LUT6=4 MUXF7=1 MUXF8=2)
  Clock Path Skew:        -0.027ns (DCD - SCD + CPR)
    Destination Clock Delay (DCD):    0.510ns = ( 8.510 - 8.000 ) 
    Source Clock Delay      (SCD):    0.537ns
    Clock Pessimism Removal (CPR):    0.000ns
  Clock Uncertainty:      0.035ns  ((TSJ^2 + TIJ^2)^1/2 + DJ) / 2 + PE
    Total System Jitter     (TSJ):    0.071ns
    Total Input Jitter      (TIJ):    0.000ns
    Discrete Jitter          (DJ):    0.000ns
    Phase Error              (PE):    0.000ns

    Location             Delay type                Incr(ns)  Path(ns)    Netlist Resource(s)
  -------------------------------------------------------------------    -------------------
                         (clock clk rise edge)        0.000     0.000 r  <hidden>
                                                      0.000     0.000 r  clk
                         net (fo=107069, unset)       0.537     0.537    u_pe2/u_swshared/u_bsw/u_fsm/clk
    SLICE_X217Y263       FDRE                                         r  u_pe2/u_swshared/u_bsw/u_fsm/t_idx_reg[3]/C
  -------------------------------------------------------------------    -------------------
    SLICE_X217Y263       FDRE (Prop_fdre_C_Q)         0.223     0.760 r  u_pe2/u_swshared/u_bsw/u_fsm/t_idx_reg[3]/Q
                         net (fo=196, routed)         1.187     1.947    u_pe2/u_swshared/u_bsw/u_fsm/t_idx_reg_n_0_[3]
    SLICE_X187Y278       MUXF8 (Prop_muxf8_S_O)       0.141     2.088 f  u_pe2/u_swshared/u_bsw/u_fsm/target_q_reg[2]_i_95/O
                         net (fo=1, routed)           0.561     2.649    u_pe2/u_swshared/u_bsw/u_fsm/target_q_reg[2]_i_95_n_0
    SLICE_X187Y267       LUT6 (Prop_lut6_I5_O)        0.126     2.775 f  u_pe2/u_swshared/u_bsw/u_fsm/target_q[2]_i_31/O
                         net (fo=1, routed)           0.000     2.775    u_pe2/u_swshared/u_bsw/u_fsm/target_q[2]_i_31_n_0
    SLICE_X187Y267       MUXF7 (Prop_muxf7_I1_O)      0.108     2.883 f  u_pe2/u_swshared/u_bsw/u_fsm/target_q_reg[2]_i_15/O
                         net (fo=1, routed)           0.000     2.883    u_pe2/u_swshared/u_bsw/u_fsm/target_q_reg[2]_i_15_n_0
    SLICE_X187Y267       MUXF8 (Prop_muxf8_I1_O)      0.043     2.926 f  u_pe2/u_swshared/u_bsw/u_fsm/target_q_reg[2]_i_7/O
                         net (fo=1, routed)           1.061     3.987    u_pe2/u_swshared/u_bsw/u_fsm/target_q_reg[2]_i_7_n_0
    SLICE_X243Y256       LUT6 (Prop_lut6_I5_O)        0.126     4.113 f  u_pe2/u_swshared/u_bsw/u_fsm/target_q[2]_i_3/O
                         net (fo=1, routed)           0.547     4.660    u_pe2/u_swshared/u_bsw/u_fsm/target_q[2]
    SLICE_X257Y247       LUT2 (Prop_lut2_I1_O)        0.043     4.703 f  u_pe2/u_swshared/u_bsw/u_fsm/target_q[2]_i_2/O
                         net (fo=4, routed)           0.525     5.228    u_pe2/u_swshared/u_bsw/u_array/g_pe[0].u_pe/target_q_reg[2]_1[2]
    SLICE_X265Y244       LUT6 (Prop_lut6_I4_O)        0.043     5.271 r  u_pe2/u_swshared/u_bsw/u_array/g_pe[0].u_pe/H_curr_reg[3]_i_5__157/O
                         net (fo=3, routed)           0.202     5.474    u_pe2/u_swshared/u_bsw/u_array/g_pe[0].u_pe/DI[0]
    SLICE_X267Y243       LUT2 (Prop_lut2_I0_O)        0.043     5.517 r  u_pe2/u_swshared/u_bsw/u_array/g_pe[0].u_pe/H_curr_reg[3]_i_6__157/O
                         net (fo=1, routed)           0.000     5.517    u_pe2/u_swshared/u_bsw/u_fsm/H_curr_reg_reg[3]_314[1]
    SLICE_X267Y243       CARRY4 (Prop_carry4_S[3]_CO[3])
                                                      0.193     5.710 r  u_pe2/u_swshared/u_bsw/u_fsm/H_curr_reg_reg[3]_i_3/CO[3]
                         net (fo=1, routed)           0.000     5.710    u_pe2/u_swshared/u_bsw/u_fsm/H_curr_reg_reg[3]_i_3_n_0
    SLICE_X267Y244       CARRY4 (Prop_carry4_CI_CO[3])
                                                      0.053     5.763 r  u_pe2/u_swshared/u_bsw/u_fsm/H_curr_reg_reg[7]_i_3/CO[3]
                         net (fo=1, routed)           0.000     5.763    u_pe2/u_swshared/u_bsw/u_fsm/H_curr_reg_reg[7]_i_3_n_0
    SLICE_X267Y245       CARRY4 (Prop_carry4_CI_O[3])
                                                      0.149     5.912 r  u_pe2/u_swshared/u_bsw/u_fsm/H_curr_reg_reg[11]_i_3/O[3]
                         net (fo=8, routed)           0.426     6.338    u_pe2/u_swshared/u_bsw/u_fsm/H_curr_reg_reg[11]_i_3_n_4
    SLICE_X271Y246       LUT5 (Prop_lut5_I2_O)        0.120     6.458 r  u_pe2/u_swshared/u_bsw/u_fsm/H_curr_reg[15]_i_46/O
                         net (fo=1, routed)           0.000     6.458    u_pe2/u_swshared/u_bsw/u_fsm/H_curr_reg[15]_i_46_n_0
    SLICE_X271Y246       CARRY4 (Prop_carry4_S[1]_CO[3])
                                                      0.267     6.725 r  u_pe2/u_swshared/u_bsw/u_fsm/H_curr_reg_reg[15]_i_10/CO[3]
                         net (fo=49, routed)          0.517     7.242    u_pe2/u_swshared/u_bsw/u_fsm/E_reg_reg[15][0]
    SLICE_X274Y247       LUT3 (Prop_lut3_I1_O)        0.043     7.285 r  u_pe2/u_swshared/u_bsw/u_fsm/H_curr_reg[15]_i_4/O
                         net (fo=61, routed)          0.438     7.723    u_pe2/u_swshared/u_bsw/u_fsm/H_curr_reg[15]_i_4_n_0
    SLICE_X271Y244       LUT5 (Prop_lut5_I4_O)        0.043     7.766 r  u_pe2/u_swshared/u_bsw/u_fsm/E_reg[3]_i_4/O
                         net (fo=2, routed)           0.281     8.047    u_pe2/u_swshared/u_bsw/u_fsm/u_array/g_pe[0].u_pe/E_reg7[3]
    SLICE_X273Y242       CARRY4 (Prop_carry4_DI[3]_CO[3])
                                                      0.190     8.237 r  u_pe2/u_swshared/u_bsw/u_fsm/E_reg_reg[3]_i_2/CO[3]
                         net (fo=1, routed)           0.000     8.237    u_pe2/u_swshared/u_bsw/u_fsm/E_reg_reg[3]_i_2_n_0
    SLICE_X273Y243       CARRY4 (Prop_carry4_CI_CO[3])
                                                      0.053     8.290 r  u_pe2/u_swshared/u_bsw/u_fsm/E_reg_reg[7]_i_2/CO[3]
                         net (fo=1, routed)           0.000     8.290    u_pe2/u_swshared/u_bsw/u_fsm/E_reg_reg[7]_i_2_n_0
    SLICE_X273Y244       CARRY4 (Prop_carry4_CI_O[3])
                                                      0.149     8.439 r  u_pe2/u_swshared/u_bsw/u_fsm/E_reg_reg[11]_i_2/O[3]
                         net (fo=5, routed)           0.483     8.922    u_pe2/u_swshared/u_bsw/u_fsm/u_array/g_pe[0].u_pe/E_reg62_in[11]
    SLICE_X271Y248       LUT4 (Prop_lut4_I0_O)        0.120     9.042 r  u_pe2/u_swshared/u_bsw/u_fsm/E_reg[15]_i_35/O
                         net (fo=1, routed)           0.000     9.042    u_pe2/u_swshared/u_bsw/u_fsm/E_reg[15]_i_35_n_0
    SLICE_X271Y248       CARRY4 (Prop_carry4_S[1]_CO[3])
                                                      0.267     9.309 r  u_pe2/u_swshared/u_bsw/u_fsm/E_reg_reg[15]_i_6/CO[3]
                         net (fo=16, routed)          0.512     9.821    u_pe2/u_swshared/u_bsw/u_fsm/u_array/g_pe[0].u_pe/E_reg5
    SLICE_X273Y248       LUT6 (Prop_lut6_I3_O)        0.043     9.864 r  u_pe2/u_swshared/u_bsw/u_fsm/E_reg[9]_i_1/O
                         net (fo=1, routed)           0.000     9.864    u_pe2/u_swshared/u_bsw/u_array/g_pe[0].u_pe/E_reg_reg[15]_2[9]
    SLICE_X273Y248       FDRE                                         r  u_pe2/u_swshared/u_bsw/u_array/g_pe[0].u_pe/E_reg_reg[9]/D
  -------------------------------------------------------------------    -------------------

                         (clock clk rise edge)        8.000     8.000 r  <hidden>
                                                      0.000     8.000 r  clk
                         net (fo=107069, unset)       0.510     8.510    u_pe2/u_swshared/u_bsw/u_array/g_pe[0].u_pe/clk
    SLICE_X273Y248       FDRE                                         r  u_pe2/u_swshared/u_bsw/u_array/g_pe[0].u_pe/E_reg_reg[9]/C
                         clock pessimism              0.000     8.510    <hidden>
                         clock uncertainty           -0.035     8.475    <hidden>
    SLICE_X273Y248       FDRE (Setup_fdre_C_D)        0.034     8.509    u_pe2/u_swshared/u_bsw/u_array/g_pe[0].u_pe/E_reg_reg[9]
  -------------------------------------------------------------------
                         required time                          8.509    <hidden>
                         arrival time                          -9.864    <hidden>
  -------------------------------------------------------------------
                         slack                                 -1.355    <hidden>

Slack (VIOLATED) :        -1.355ns  (required time - arrival time)
  Source:                 u_pe2/u_swshared/u_bsw/u_fsm/t_idx_reg[3]/C
                            (rising edge-triggered cell FDRE clocked by clk  {rise@0.000ns fall@4.000ns period=8.000ns})
  Destination:            u_pe2/u_swshared/u_bsw/u_array/g_pe[0].u_pe/F_out_reg_reg[5]/D
                            (rising edge-triggered cell FDRE clocked by clk  {rise@0.000ns fall@4.000ns period=8.000ns})
  Path Group:             clk
  Path Type:              Setup (Max at Slow Process Corner)
  Requirement:            8.000ns  (clk rise@8.000ns - clk rise@0.000ns)
  Data Path Delay:        9.327ns  (logic 2.572ns (27.577%)  route 6.755ns (72.423%))
  Logic Levels:           21  (CARRY4=8 LUT2=2 LUT3=1 LUT4=1 LUT5=2 LUT6=4 MUXF7=1 MUXF8=2)
  Clock Path Skew:        -0.027ns (DCD - SCD + CPR)
    Destination Clock Delay (DCD):    0.510ns = ( 8.510 - 8.000 ) 
    Source Clock Delay      (SCD):    0.537ns
    Clock Pessimism Removal (CPR):    0.000ns
  Clock Uncertainty:      0.035ns  ((TSJ^2 + TIJ^2)^1/2 + DJ) / 2 + PE
    Total System Jitter     (TSJ):    0.071ns
    Total Input Jitter      (TIJ):    0.000ns
    Discrete Jitter          (DJ):    0.000ns
    Phase Error              (PE):    0.000ns

    Location             Delay type                Incr(ns)  Path(ns)    Netlist Resource(s)
  -------------------------------------------------------------------    -------------------
                         (clock clk rise edge)        0.000     0.000 r  <hidden>
                                                      0.000     0.000 r  clk
                         net (fo=107069, unset)       0.537     0.537    u_pe2/u_swshared/u_bsw/u_fsm/clk
    SLICE_X217Y263       FDRE                                         r  u_pe2/u_swshared/u_bsw/u_fsm/t_idx_reg[3]/C
  -------------------------------------------------------------------    -------------------
    SLICE_X217Y263       FDRE (Prop_fdre_C_Q)         0.223     0.760 r  u_pe2/u_swshared/u_bsw/u_fsm/t_idx_reg[3]/Q
                         net (fo=196, routed)         1.187     1.947    u_pe2/u_swshared/u_bsw/u_fsm/t_idx_reg_n_0_[3]
    SLICE_X187Y278       MUXF8 (Prop_muxf8_S_O)       0.141     2.088 f  u_pe2/u_swshared/u_bsw/u_fsm/target_q_reg[2]_i_95/O
                         net (fo=1, routed)           0.561     2.649    u_pe2/u_swshared/u_bsw/u_fsm/target_q_reg[2]_i_95_n_0
    SLICE_X187Y267       LUT6 (Prop_lut6_I5_O)        0.126     2.775 f  u_pe2/u_swshared/u_bsw/u_fsm/target_q[2]_i_31/O
                         net (fo=1, routed)           0.000     2.775    u_pe2/u_swshared/u_bsw/u_fsm/target_q[2]_i_31_n_0
    SLICE_X187Y267       MUXF7 (Prop_muxf7_I1_O)      0.108     2.883 f  u_pe2/u_swshared/u_bsw/u_fsm/target_q_reg[2]_i_15/O
                         net (fo=1, routed)           0.000     2.883    u_pe2/u_swshared/u_bsw/u_fsm/target_q_reg[2]_i_15_n_0
    SLICE_X187Y267       MUXF8 (Prop_muxf8_I1_O)      0.043     2.926 f  u_pe2/u_swshared/u_bsw/u_fsm/target_q_reg[2]_i_7/O
                         net (fo=1, routed)           1.061     3.987    u_pe2/u_swshared/u_bsw/u_fsm/target_q_reg[2]_i_7_n_0
    SLICE_X243Y256       LUT6 (Prop_lut6_I5_O)        0.126     4.113 f  u_pe2/u_swshared/u_bsw/u_fsm/target_q[2]_i_3/O
                         net (fo=1, routed)           0.547     4.660    u_pe2/u_swshared/u_bsw/u_fsm/target_q[2]
    SLICE_X257Y247       LUT2 (Prop_lut2_I1_O)        0.043     4.703 f  u_pe2/u_swshared/u_bsw/u_fsm/target_q[2]_i_2/O
                         net (fo=4, routed)           0.525     5.228    u_pe2/u_swshared/u_bsw/u_array/g_pe[0].u_pe/target_q_reg[2]_1[2]
    SLICE_X265Y244       LUT6 (Prop_lut6_I4_O)        0.043     5.271 r  u_pe2/u_swshared/u_bsw/u_array/g_pe[0].u_pe/H_curr_reg[3]_i_5__157/O
                         net (fo=3, routed)           0.202     5.474    u_pe2/u_swshared/u_bsw/u_array/g_pe[0].u_pe/DI[0]
    SLICE_X267Y243       LUT2 (Prop_lut2_I0_O)        0.043     5.517 r  u_pe2/u_swshared/u_bsw/u_array/g_pe[0].u_pe/H_curr_reg[3]_i_6__157/O
                         net (fo=1, routed)           0.000     5.517    u_pe2/u_swshared/u_bsw/u_fsm/H_curr_reg_reg[3]_314[1]
    SLICE_X267Y243       CARRY4 (Prop_carry4_S[3]_CO[3])
                                                      0.193     5.710 r  u_pe2/u_swshared/u_bsw/u_fsm/H_curr_reg_reg[3]_i_3/CO[3]
                         net (fo=1, routed)           0.000     5.710    u_pe2/u_swshared/u_bsw/u_fsm/H_curr_reg_reg[3]_i_3_n_0
    SLICE_X267Y244       CARRY4 (Prop_carry4_CI_CO[3])
                                                      0.053     5.763 r  u_pe2/u_swshared/u_bsw/u_fsm/H_curr_reg_reg[7]_i_3/CO[3]
                         net (fo=1, routed)           0.000     5.763    u_pe2/u_swshared/u_bsw/u_fsm/H_curr_reg_reg[7]_i_3_n_0
    SLICE_X267Y245       CARRY4 (Prop_carry4_CI_O[3])
                                                      0.149     5.912 r  u_pe2/u_swshared/u_bsw/u_fsm/H_curr_reg_reg[11]_i_3/O[3]
                         net (fo=8, routed)           0.426     6.338    u_pe2/u_swshared/u_bsw/u_fsm/H_curr_reg_reg[11]_i_3_n_4
    SLICE_X271Y246       LUT5 (Prop_lut5_I2_O)        0.120     6.458 r  u_pe2/u_swshared/u_bsw/u_fsm/H_curr_reg[15]_i_46/O
                         net (fo=1, routed)           0.000     6.458    u_pe2/u_swshared/u_bsw/u_fsm/H_curr_reg[15]_i_46_n_0
    SLICE_X271Y246       CARRY4 (Prop_carry4_S[1]_CO[3])
                                                      0.267     6.725 r  u_pe2/u_swshared/u_bsw/u_fsm/H_curr_reg_reg[15]_i_10/CO[3]
                         net (fo=49, routed)          0.517     7.242    u_pe2/u_swshared/u_bsw/u_fsm/E_reg_reg[15][0]
    SLICE_X274Y247       LUT3 (Prop_lut3_I1_O)        0.043     7.285 r  u_pe2/u_swshared/u_bsw/u_fsm/H_curr_reg[15]_i_4/O
                         net (fo=61, routed)          0.411     7.695    u_pe2/u_swshared/u_bsw/u_fsm/H_curr_reg[15]_i_4_n_0
    SLICE_X272Y243       LUT5 (Prop_lut5_I4_O)        0.043     7.738 r  u_pe2/u_swshared/u_bsw/u_fsm/E_reg[7]_i_6/O
                         net (fo=2, routed)           0.385     8.123    u_pe2/u_swshared/u_bsw/u_fsm/u_array/g_pe[0].u_pe/E_reg7[5]
    SLICE_X276Y244       CARRY4 (Prop_carry4_DI[1]_CO[3])
                                                      0.250     8.373 r  u_pe2/u_swshared/u_bsw/u_fsm/F_out_reg_reg[7]_i_2/CO[3]
                         net (fo=1, routed)           0.000     8.373    u_pe2/u_swshared/u_bsw/u_fsm/F_out_reg_reg[7]_i_2_n_0
    SLICE_X276Y245       CARRY4 (Prop_carry4_CI_CO[3])
                                                      0.053     8.426 r  u_pe2/u_swshared/u_bsw/u_fsm/F_out_reg_reg[11]_i_2/CO[3]
                         net (fo=1, routed)           0.000     8.426    u_pe2/u_swshared/u_bsw/u_fsm/F_out_reg_reg[11]_i_2_n_0
    SLICE_X276Y246       CARRY4 (Prop_carry4_CI_O[3])
                                                      0.149     8.575 r  u_pe2/u_swshared/u_bsw/u_fsm/F_out_reg_reg[15]_i_2/O[3]
                         net (fo=5, routed)           0.334     8.910    u_pe2/u_swshared/u_bsw/u_fsm/E_reg_reg[14]_0[1]
    SLICE_X277Y245       LUT4 (Prop_lut4_I0_O)        0.120     9.030 r  u_pe2/u_swshared/u_bsw/u_fsm/F_out_reg[15]_i_29/O
                         net (fo=1, routed)           0.000     9.030    u_pe2/u_swshared/u_bsw/u_fsm/F_out_reg[15]_i_29_n_0
    SLICE_X277Y245       CARRY4 (Prop_carry4_S[3]_CO[3])
                                                      0.193     9.223 r  u_pe2/u_swshared/u_bsw/u_fsm/F_out_reg_reg[15]_i_5/CO[3]
                         net (fo=16, routed)          0.598     9.821    u_pe2/u_swshared/u_bsw/u_fsm/u_array/g_pe[0].u_pe/F_out_reg5
    SLICE_X277Y248       LUT6 (Prop_lut6_I3_O)        0.043     9.864 r  u_pe2/u_swshared/u_bsw/u_fsm/F_out_reg[5]_i_1/O
                         net (fo=1, routed)           0.000     9.864    u_pe2/u_swshared/u_bsw/u_array/g_pe[0].u_pe/F_out_reg_reg[15]_1[5]
    SLICE_X277Y248       FDRE                                         r  u_pe2/u_swshared/u_bsw/u_array/g_pe[0].u_pe/F_out_reg_reg[5]/D
  -------------------------------------------------------------------    -------------------

                         (clock clk rise edge)        8.000     8.000 r  <hidden>
                                                      0.000     8.000 r  clk
                         net (fo=107069, unset)       0.510     8.510    u_pe2/u_swshared/u_bsw/u_array/g_pe[0].u_pe/clk
    SLICE_X277Y248       FDRE                                         r  u_pe2/u_swshared/u_bsw/u_array/g_pe[0].u_pe/F_out_reg_reg[5]/C
                         clock pessimism              0.000     8.510    <hidden>
                         clock uncertainty           -0.035     8.475    <hidden>
    SLICE_X277Y248       FDRE (Setup_fdre_C_D)        0.034     8.509    u_pe2/u_swshared/u_bsw/u_array/g_pe[0].u_pe/F_out_reg_reg[5]
  -------------------------------------------------------------------
                         required time                          8.509    <hidden>
                         arrival time                          -9.864    <hidden>
  -------------------------------------------------------------------
                         slack                                 -1.355    <hidden>

Slack (VIOLATED) :        -1.352ns  (required time - arrival time)
  Source:                 u_pe2/u_swshared/u_bsw/u_fsm/t_idx_reg[3]/C
                            (rising edge-triggered cell FDRE clocked by clk  {rise@0.000ns fall@4.000ns period=8.000ns})
  Destination:            u_pe2/u_swshared/u_bsw/u_array/g_pe[0].u_pe/E_reg_reg[5]/D
                            (rising edge-triggered cell FDRE clocked by clk  {rise@0.000ns fall@4.000ns period=8.000ns})
  Path Group:             clk
  Path Type:              Setup (Max at Slow Process Corner)
  Requirement:            8.000ns  (clk rise@8.000ns - clk rise@0.000ns)
  Data Path Delay:        9.324ns  (logic 2.586ns (27.735%)  route 6.738ns (72.265%))
  Logic Levels:           21  (CARRY4=8 LUT2=2 LUT3=1 LUT4=1 LUT5=2 LUT6=4 MUXF7=1 MUXF8=2)
  Clock Path Skew:        -0.027ns (DCD - SCD + CPR)
    Destination Clock Delay (DCD):    0.510ns = ( 8.510 - 8.000 ) 
    Source Clock Delay      (SCD):    0.537ns
    Clock Pessimism Removal (CPR):    0.000ns
  Clock Uncertainty:      0.035ns  ((TSJ^2 + TIJ^2)^1/2 + DJ) / 2 + PE
    Total System Jitter     (TSJ):    0.071ns
    Total Input Jitter      (TIJ):    0.000ns
    Discrete Jitter          (DJ):    0.000ns
    Phase Error              (PE):    0.000ns

    Location             Delay type                Incr(ns)  Path(ns)    Netlist Resource(s)
  -------------------------------------------------------------------    -------------------
                         (clock clk rise edge)        0.000     0.000 r  <hidden>
                                                      0.000     0.000 r  clk
                         net (fo=107069, unset)       0.537     0.537    u_pe2/u_swshared/u_bsw/u_fsm/clk
    SLICE_X217Y263       FDRE                                         r  u_pe2/u_swshared/u_bsw/u_fsm/t_idx_reg[3]/C
  -------------------------------------------------------------------    -------------------
    SLICE_X217Y263       FDRE (Prop_fdre_C_Q)         0.223     0.760 r  u_pe2/u_swshared/u_bsw/u_fsm/t_idx_reg[3]/Q
                         net (fo=196, routed)         1.187     1.947    u_pe2/u_swshared/u_bsw/u_fsm/t_idx_reg_n_0_[3]
    SLICE_X187Y278       MUXF8 (Prop_muxf8_S_O)       0.141     2.088 f  u_pe2/u_swshared/u_bsw/u_fsm/target_q_reg[2]_i_95/O
                         net (fo=1, routed)           0.561     2.649    u_pe2/u_swshared/u_bsw/u_fsm/target_q_reg[2]_i_95_n_0
    SLICE_X187Y267       LUT6 (Prop_lut6_I5_O)        0.126     2.775 f  u_pe2/u_swshared/u_bsw/u_fsm/target_q[2]_i_31/O
                         net (fo=1, routed)           0.000     2.775    u_pe2/u_swshared/u_bsw/u_fsm/target_q[2]_i_31_n_0
    SLICE_X187Y267       MUXF7 (Prop_muxf7_I1_O)      0.108     2.883 f  u_pe2/u_swshared/u_bsw/u_fsm/target_q_reg[2]_i_15/O
                         net (fo=1, routed)           0.000     2.883    u_pe2/u_swshared/u_bsw/u_fsm/target_q_reg[2]_i_15_n_0
    SLICE_X187Y267       MUXF8 (Prop_muxf8_I1_O)      0.043     2.926 f  u_pe2/u_swshared/u_bsw/u_fsm/target_q_reg[2]_i_7/O
                         net (fo=1, routed)           1.061     3.987    u_pe2/u_swshared/u_bsw/u_fsm/target_q_reg[2]_i_7_n_0
    SLICE_X243Y256       LUT6 (Prop_lut6_I5_O)        0.126     4.113 f  u_pe2/u_swshared/u_bsw/u_fsm/target_q[2]_i_3/O
                         net (fo=1, routed)           0.547     4.660    u_pe2/u_swshared/u_bsw/u_fsm/target_q[2]
    SLICE_X257Y247       LUT2 (Prop_lut2_I1_O)        0.043     4.703 f  u_pe2/u_swshared/u_bsw/u_fsm/target_q[2]_i_2/O
                         net (fo=4, routed)           0.525     5.228    u_pe2/u_swshared/u_bsw/u_array/g_pe[0].u_pe/target_q_reg[2]_1[2]
    SLICE_X265Y244       LUT6 (Prop_lut6_I4_O)        0.043     5.271 r  u_pe2/u_swshared/u_bsw/u_array/g_pe[0].u_pe/H_curr_reg[3]_i_5__157/O
                         net (fo=3, routed)           0.202     5.474    u_pe2/u_swshared/u_bsw/u_array/g_pe[0].u_pe/DI[0]
    SLICE_X267Y243       LUT2 (Prop_lut2_I0_O)        0.043     5.517 r  u_pe2/u_swshared/u_bsw/u_array/g_pe[0].u_pe/H_curr_reg[3]_i_6__157/O
                         net (fo=1, routed)           0.000     5.517    u_pe2/u_swshared/u_bsw/u_fsm/H_curr_reg_reg[3]_314[1]
    SLICE_X267Y243       CARRY4 (Prop_carry4_S[3]_CO[3])
                                                      0.193     5.710 r  u_pe2/u_swshared/u_bsw/u_fsm/H_curr_reg_reg[3]_i_3/CO[3]
                         net (fo=1, routed)           0.000     5.710    u_pe2/u_swshared/u_bsw/u_fsm/H_curr_reg_reg[3]_i_3_n_0
    SLICE_X267Y244       CARRY4 (Prop_carry4_CI_CO[3])
                                                      0.053     5.763 r  u_pe2/u_swshared/u_bsw/u_fsm/H_curr_reg_reg[7]_i_3/CO[3]
                         net (fo=1, routed)           0.000     5.763    u_pe2/u_swshared/u_bsw/u_fsm/H_curr_reg_reg[7]_i_3_n_0
    SLICE_X267Y245       CARRY4 (Prop_carry4_CI_O[3])
                                                      0.149     5.912 r  u_pe2/u_swshared/u_bsw/u_fsm/H_curr_reg_reg[11]_i_3/O[3]
                         net (fo=8, routed)           0.426     6.338    u_pe2/u_swshared/u_bsw/u_fsm/H_curr_reg_reg[11]_i_3_n_4
    SLICE_X271Y246       LUT5 (Prop_lut5_I2_O)        0.120     6.458 r  u_pe2/u_swshared/u_bsw/u_fsm/H_curr_reg[15]_i_46/O
                         net (fo=1, routed)           0.000     6.458    u_pe2/u_swshared/u_bsw/u_fsm/H_curr_reg[15]_i_46_n_0
    SLICE_X271Y246       CARRY4 (Prop_carry4_S[1]_CO[3])
                                                      0.267     6.725 r  u_pe2/u_swshared/u_bsw/u_fsm/H_curr_reg_reg[15]_i_10/CO[3]
                         net (fo=49, routed)          0.517     7.242    u_pe2/u_swshared/u_bsw/u_fsm/E_reg_reg[15][0]
    SLICE_X274Y247       LUT3 (Prop_lut3_I1_O)        0.043     7.285 r  u_pe2/u_swshared/u_bsw/u_fsm/H_curr_reg[15]_i_4/O
                         net (fo=61, routed)          0.438     7.723    u_pe2/u_swshared/u_bsw/u_fsm/H_curr_reg[15]_i_4_n_0
    SLICE_X271Y244       LUT5 (Prop_lut5_I4_O)        0.043     7.766 r  u_pe2/u_swshared/u_bsw/u_fsm/E_reg[3]_i_4/O
                         net (fo=2, routed)           0.281     8.047    u_pe2/u_swshared/u_bsw/u_fsm/u_array/g_pe[0].u_pe/E_reg7[3]
    SLICE_X273Y242       CARRY4 (Prop_carry4_DI[3]_CO[3])
                                                      0.190     8.237 r  u_pe2/u_swshared/u_bsw/u_fsm/E_reg_reg[3]_i_2/CO[3]
                         net (fo=1, routed)           0.000     8.237    u_pe2/u_swshared/u_bsw/u_fsm/E_reg_reg[3]_i_2_n_0
    SLICE_X273Y243       CARRY4 (Prop_carry4_CI_CO[3])
                                                      0.053     8.290 r  u_pe2/u_swshared/u_bsw/u_fsm/E_reg_reg[7]_i_2/CO[3]
                         net (fo=1, routed)           0.000     8.290    u_pe2/u_swshared/u_bsw/u_fsm/E_reg_reg[7]_i_2_n_0
    SLICE_X273Y244       CARRY4 (Prop_carry4_CI_O[3])
                                                      0.149     8.439 r  u_pe2/u_swshared/u_bsw/u_fsm/E_reg_reg[11]_i_2/O[3]
                         net (fo=5, routed)           0.483     8.922    u_pe2/u_swshared/u_bsw/u_fsm/u_array/g_pe[0].u_pe/E_reg62_in[11]
    SLICE_X271Y248       LUT4 (Prop_lut4_I0_O)        0.120     9.042 r  u_pe2/u_swshared/u_bsw/u_fsm/E_reg[15]_i_35/O
                         net (fo=1, routed)           0.000     9.042    u_pe2/u_swshared/u_bsw/u_fsm/E_reg[15]_i_35_n_0
    SLICE_X271Y248       CARRY4 (Prop_carry4_S[1]_CO[3])
                                                      0.267     9.309 r  u_pe2/u_swshared/u_bsw/u_fsm/E_reg_reg[15]_i_6/CO[3]
                         net (fo=16, routed)          0.509     9.818    u_pe2/u_swshared/u_bsw/u_fsm/u_array/g_pe[0].u_pe/E_reg5
    SLICE_X273Y248       LUT6 (Prop_lut6_I3_O)        0.043     9.861 r  u_pe2/u_swshared/u_bsw/u_fsm/E_reg[5]_i_1/O
                         net (fo=1, routed)           0.000     9.861    u_pe2/u_swshared/u_bsw/u_array/g_pe[0].u_pe/E_reg_reg[15]_2[5]
    SLICE_X273Y248       FDRE                                         r  u_pe2/u_swshared/u_bsw/u_array/g_pe[0].u_pe/E_reg_reg[5]/D
  -------------------------------------------------------------------    -------------------

                         (clock clk rise edge)        8.000     8.000 r  <hidden>
                                                      0.000     8.000 r  clk
                         net (fo=107069, unset)       0.510     8.510    u_pe2/u_swshared/u_bsw/u_array/g_pe[0].u_pe/clk
    SLICE_X273Y248       FDRE                                         r  u_pe2/u_swshared/u_bsw/u_array/g_pe[0].u_pe/E_reg_reg[5]/C
                         clock pessimism              0.000     8.510    <hidden>
                         clock uncertainty           -0.035     8.475    <hidden>
    SLICE_X273Y248       FDRE (Setup_fdre_C_D)        0.034     8.509    u_pe2/u_swshared/u_bsw/u_array/g_pe[0].u_pe/E_reg_reg[5]
  -------------------------------------------------------------------
                         required time                          8.509    <hidden>
                         arrival time                          -9.861    <hidden>
  -------------------------------------------------------------------
                         slack                                 -1.352    <hidden>

Slack (VIOLATED) :        -1.351ns  (required time - arrival time)
  Source:                 u_pe2/u_ce/u_ac/u_rt/u_purge/ch_sbase_reg/CLKBWRCLK
                            (rising edge-triggered cell RAMB18E1 clocked by clk  {rise@0.000ns fall@4.000ns period=8.000ns})
  Destination:            u_pe2/u_ce/u_ac/u_rt/u_purge/vv_reg[9]/CE
                            (rising edge-triggered cell FDRE clocked by clk  {rise@0.000ns fall@4.000ns period=8.000ns})
  Path Group:             clk
  Path Type:              Setup (Max at Slow Process Corner)
  Requirement:            8.000ns  (clk rise@8.000ns - clk rise@0.000ns)
  Data Path Delay:        9.088ns  (logic 3.756ns (41.328%)  route 5.332ns (58.672%))
  Logic Levels:           15  (CARRY4=6 LUT3=1 LUT4=3 LUT5=1 LUT6=1 MUXF7=1 MUXF8=1 RAMD64E=1)
  Clock Path Skew:        -0.027ns (DCD - SCD + CPR)
    Destination Clock Delay (DCD):    0.510ns = ( 8.510 - 8.000 ) 
    Source Clock Delay      (SCD):    0.537ns
    Clock Pessimism Removal (CPR):    0.000ns
  Clock Uncertainty:      0.035ns  ((TSJ^2 + TIJ^2)^1/2 + DJ) / 2 + PE
    Total System Jitter     (TSJ):    0.071ns
    Total Input Jitter      (TIJ):    0.000ns
    Discrete Jitter          (DJ):    0.000ns
    Phase Error              (PE):    0.000ns

    Location             Delay type                Incr(ns)  Path(ns)    Netlist Resource(s)
  -------------------------------------------------------------------    -------------------
                         (clock clk rise edge)        0.000     0.000 r  <hidden>
                                                      0.000     0.000 r  clk
                         net (fo=107069, unset)       0.537     0.537    u_pe2/u_ce/u_ac/u_rt/u_purge/clk
    RAMB18_X5Y135        RAMB18E1                                     r  u_pe2/u_ce/u_ac/u_rt/u_purge/ch_sbase_reg/CLKBWRCLK
  -------------------------------------------------------------------    -------------------
    RAMB18_X5Y135        RAMB18E1 (Prop_ramb18e1_CLKBWRCLK_DOBDO[0])
                                                      1.800     2.337 r  u_pe2/u_ce/u_ac/u_rt/u_purge/ch_sbase_reg/DOBDO[0]
                         net (fo=9, routed)           0.801     3.138    u_pe2/u_ce/u_ac/u_rt/u_purge/sbase_r[0]
    SLICE_X291Y338       LUT4 (Prop_lut4_I0_O)        0.043     3.181 r  u_pe2/u_ce/u_ac/u_rt/u_purge/sd_len_reg_r1_0_63_0_2_i_14/O
                         net (fo=1, routed)           0.000     3.181    u_pe2/u_ce/u_ac/u_rt/u_purge/sd_len_reg_r1_0_63_0_2_i_14_n_0
    SLICE_X291Y338       CARRY4 (Prop_carry4_S[0]_CO[3])
                                                      0.259     3.440 r  u_pe2/u_ce/u_ac/u_rt/u_purge/sd_len_reg_r1_0_63_0_2_i_3/CO[3]
                         net (fo=1, routed)           0.000     3.440    u_pe2/u_ce/u_ac/u_rt/u_purge/sd_len_reg_r1_0_63_0_2_i_3_n_0
    SLICE_X291Y339       CARRY4 (Prop_carry4_CI_O[0])
                                                      0.111     3.551 r  u_pe2/u_ce/u_ac/u_rt/u_purge/sd_len_reg_r1_0_63_0_2_i_2/O[0]
                         net (fo=2064, routed)        1.092     4.644    u_pe2/u_ce/u_ac/u_rt/u_purge/sd_len_reg_r1_128_191_12_14/ADDRB4
    SLICE_X316Y349       RAMD64E (Prop_ramd64e_RADR4_O)
                                                      0.124     4.768 r  u_pe2/u_ce/u_ac/u_rt/u_purge/sd_len_reg_r1_128_191_12_14/RAMB/O
                         net (fo=1, routed)           0.916     5.684    u_pe2/u_ce/u_ac/u_rt/u_purge/sd_len_reg_r1_128_191_12_14_n_1
    SLICE_X308Y331       LUT6 (Prop_lut6_I1_O)        0.043     5.727 r  u_pe2/u_ce/u_ac/u_rt/u_purge/vv[15]_i_1053/O
                         net (fo=1, routed)           0.000     5.727    u_pe2/u_ce/u_ac/u_rt/u_purge/vv[15]_i_1053_n_0
    SLICE_X308Y331       MUXF7 (Prop_muxf7_I0_O)      0.120     5.847 r  u_pe2/u_ce/u_ac/u_rt/u_purge/vv_reg[15]_i_744/O
                         net (fo=1, routed)           0.000     5.847    u_pe2/u_ce/u_ac/u_rt/u_purge/vv_reg[15]_i_744_n_0
    SLICE_X308Y331       MUXF8 (Prop_muxf8_I0_O)      0.045     5.892 r  u_pe2/u_ce/u_ac/u_rt/u_purge/vv_reg[15]_i_463/O
                         net (fo=9, routed)           0.825     6.717    u_pe2/u_ce/u_ac/u_rt/u_purge/t_len[13]
    SLICE_X291Y325       LUT3 (Prop_lut3_I1_O)        0.137     6.854 r  u_pe2/u_ce/u_ac/u_rt/u_purge/vv[15]_i_252/O
                         net (fo=2, routed)           0.467     7.321    u_pe2/u_ce/u_ac/u_rt/u_purge/vv[15]_i_252_n_0
    SLICE_X291Y325       LUT4 (Prop_lut4_I3_O)        0.137     7.458 r  u_pe2/u_ce/u_ac/u_rt/u_purge/vv[15]_i_256/O
                         net (fo=1, routed)           0.000     7.458    u_pe2/u_ce/u_ac/u_rt/u_purge/vv[15]_i_256_n_0
    SLICE_X291Y325       CARRY4 (Prop_carry4_S[2]_CO[3])
                                                      0.195     7.653 r  u_pe2/u_ce/u_ac/u_rt/u_purge/vv_reg[15]_i_132/CO[3]
                         net (fo=1, routed)           0.000     7.653    u_pe2/u_ce/u_ac/u_rt/u_purge/vv_reg[15]_i_132_n_0
    SLICE_X291Y326       CARRY4 (Prop_carry4_CI_CO[3])
                                                      0.053     7.706 r  u_pe2/u_ce/u_ac/u_rt/u_purge/vv_reg[15]_i_130/CO[3]
                         net (fo=1, routed)           0.000     7.706    u_pe2/u_ce/u_ac/u_rt/u_purge/vv_reg[15]_i_130_n_0
    SLICE_X291Y327       CARRY4 (Prop_carry4_CI_O[3])
                                                      0.149     7.855 r  u_pe2/u_ce/u_ac/u_rt/u_purge/vv_reg[15]_i_45/O[3]
                         net (fo=2, routed)           0.520     8.375    u_pe2/u_ce/u_ac/u_rt/u_purge/state20_in[29]
    SLICE_X285Y325       LUT4 (Prop_lut4_I0_O)        0.120     8.495 r  u_pe2/u_ce/u_ac/u_rt/u_purge/vv[15]_i_17/O
                         net (fo=1, routed)           0.000     8.495    u_pe2/u_ce/u_ac/u_rt/u_purge/vv[15]_i_17_n_0
    SLICE_X285Y325       CARRY4 (Prop_carry4_S[1]_CO[2])
                                                      0.291     8.786 r  u_pe2/u_ce/u_ac/u_rt/u_purge/vv_reg[15]_i_4/CO[2]
                         net (fo=3, routed)           0.492     9.278    u_pe2/u_ce/u_ac/u_rt/u_purge/vv_short
    SLICE_X277Y333       LUT5 (Prop_lut5_I1_O)        0.129     9.407 r  u_pe2/u_ce/u_ac/u_rt/u_purge/vv[15]_i_1/O
                         net (fo=16, routed)          0.218     9.625    u_pe2/u_ce/u_ac/u_rt/u_purge/vv[0]
    SLICE_X276Y334       FDRE                                         r  u_pe2/u_ce/u_ac/u_rt/u_purge/vv_reg[9]/CE
  -------------------------------------------------------------------    -------------------

                         (clock clk rise edge)        8.000     8.000 r  <hidden>
                                                      0.000     8.000 r  clk
                         net (fo=107069, unset)       0.510     8.510    u_pe2/u_ce/u_ac/u_rt/u_purge/clk
    SLICE_X276Y334       FDRE                                         r  u_pe2/u_ce/u_ac/u_rt/u_purge/vv_reg[9]/C
                         clock pessimism              0.000     8.510    <hidden>
                         clock uncertainty           -0.035     8.475    <hidden>
    SLICE_X276Y334       FDRE (Setup_fdre_C_CE)      -0.201     8.274    u_pe2/u_ce/u_ac/u_rt/u_purge/vv_reg[9]
  -------------------------------------------------------------------
                         required time                          8.274    <hidden>
                         arrival time                          -9.625    <hidden>
  -------------------------------------------------------------------
                         slack                                 -1.351    <hidden>

Slack (VIOLATED) :        -1.347ns  (required time - arrival time)
  Source:                 u_pe2/u_ce/u_ac/u_rt/u_purge/ch_sbase_reg/CLKBWRCLK
                            (rising edge-triggered cell RAMB18E1 clocked by clk  {rise@0.000ns fall@4.000ns period=8.000ns})
  Destination:            u_pe2/u_ce/u_ac/u_rt/u_purge/vv_reg[0]/CE
                            (rising edge-triggered cell FDRE clocked by clk  {rise@0.000ns fall@4.000ns period=8.000ns})
  Path Group:             clk
  Path Type:              Setup (Max at Slow Process Corner)
  Requirement:            8.000ns  (clk rise@8.000ns - clk rise@0.000ns)
  Data Path Delay:        9.084ns  (logic 3.756ns (41.347%)  route 5.328ns (58.653%))
  Logic Levels:           15  (CARRY4=6 LUT3=1 LUT4=3 LUT5=1 LUT6=1 MUXF7=1 MUXF8=1 RAMD64E=1)
  Clock Path Skew:        -0.027ns (DCD - SCD + CPR)
    Destination Clock Delay (DCD):    0.510ns = ( 8.510 - 8.000 ) 
    Source Clock Delay      (SCD):    0.537ns
    Clock Pessimism Removal (CPR):    0.000ns
  Clock Uncertainty:      0.035ns  ((TSJ^2 + TIJ^2)^1/2 + DJ) / 2 + PE
    Total System Jitter     (TSJ):    0.071ns
    Total Input Jitter      (TIJ):    0.000ns
    Discrete Jitter          (DJ):    0.000ns
    Phase Error              (PE):    0.000ns

    Location             Delay type                Incr(ns)  Path(ns)    Netlist Resource(s)
  -------------------------------------------------------------------    -------------------
                         (clock clk rise edge)        0.000     0.000 r  <hidden>
                                                      0.000     0.000 r  clk
                         net (fo=107069, unset)       0.537     0.537    u_pe2/u_ce/u_ac/u_rt/u_purge/clk
    RAMB18_X5Y135        RAMB18E1                                     r  u_pe2/u_ce/u_ac/u_rt/u_purge/ch_sbase_reg/CLKBWRCLK
  -------------------------------------------------------------------    -------------------
    RAMB18_X5Y135        RAMB18E1 (Prop_ramb18e1_CLKBWRCLK_DOBDO[0])
                                                      1.800     2.337 r  u_pe2/u_ce/u_ac/u_rt/u_purge/ch_sbase_reg/DOBDO[0]
                         net (fo=9, routed)           0.801     3.138    u_pe2/u_ce/u_ac/u_rt/u_purge/sbase_r[0]
    SLICE_X291Y338       LUT4 (Prop_lut4_I0_O)        0.043     3.181 r  u_pe2/u_ce/u_ac/u_rt/u_purge/sd_len_reg_r1_0_63_0_2_i_14/O
                         net (fo=1, routed)           0.000     3.181    u_pe2/u_ce/u_ac/u_rt/u_purge/sd_len_reg_r1_0_63_0_2_i_14_n_0
    SLICE_X291Y338       CARRY4 (Prop_carry4_S[0]_CO[3])
                                                      0.259     3.440 r  u_pe2/u_ce/u_ac/u_rt/u_purge/sd_len_reg_r1_0_63_0_2_i_3/CO[3]
                         net (fo=1, routed)           0.000     3.440    u_pe2/u_ce/u_ac/u_rt/u_purge/sd_len_reg_r1_0_63_0_2_i_3_n_0
    SLICE_X291Y339       CARRY4 (Prop_carry4_CI_O[0])
                                                      0.111     3.551 r  u_pe2/u_ce/u_ac/u_rt/u_purge/sd_len_reg_r1_0_63_0_2_i_2/O[0]
                         net (fo=2064, routed)        1.092     4.644    u_pe2/u_ce/u_ac/u_rt/u_purge/sd_len_reg_r1_128_191_12_14/ADDRB4
    SLICE_X316Y349       RAMD64E (Prop_ramd64e_RADR4_O)
                                                      0.124     4.768 r  u_pe2/u_ce/u_ac/u_rt/u_purge/sd_len_reg_r1_128_191_12_14/RAMB/O
                         net (fo=1, routed)           0.916     5.684    u_pe2/u_ce/u_ac/u_rt/u_purge/sd_len_reg_r1_128_191_12_14_n_1
    SLICE_X308Y331       LUT6 (Prop_lut6_I1_O)        0.043     5.727 r  u_pe2/u_ce/u_ac/u_rt/u_purge/vv[15]_i_1053/O
                         net (fo=1, routed)           0.000     5.727    u_pe2/u_ce/u_ac/u_rt/u_purge/vv[15]_i_1053_n_0
    SLICE_X308Y331       MUXF7 (Prop_muxf7_I0_O)      0.120     5.847 r  u_pe2/u_ce/u_ac/u_rt/u_purge/vv_reg[15]_i_744/O
                         net (fo=1, routed)           0.000     5.847    u_pe2/u_ce/u_ac/u_rt/u_purge/vv_reg[15]_i_744_n_0
    SLICE_X308Y331       MUXF8 (Prop_muxf8_I0_O)      0.045     5.892 r  u_pe2/u_ce/u_ac/u_rt/u_purge/vv_reg[15]_i_463/O
                         net (fo=9, routed)           0.825     6.717    u_pe2/u_ce/u_ac/u_rt/u_purge/t_len[13]
    SLICE_X291Y325       LUT3 (Prop_lut3_I1_O)        0.137     6.854 r  u_pe2/u_ce/u_ac/u_rt/u_purge/vv[15]_i_252/O
                         net (fo=2, routed)           0.467     7.321    u_pe2/u_ce/u_ac/u_rt/u_purge/vv[15]_i_252_n_0
    SLICE_X291Y325       LUT4 (Prop_lut4_I3_O)        0.137     7.458 r  u_pe2/u_ce/u_ac/u_rt/u_purge/vv[15]_i_256/O
                         net (fo=1, routed)           0.000     7.458    u_pe2/u_ce/u_ac/u_rt/u_purge/vv[15]_i_256_n_0
    SLICE_X291Y325       CARRY4 (Prop_carry4_S[2]_CO[3])
                                                      0.195     7.653 r  u_pe2/u_ce/u_ac/u_rt/u_purge/vv_reg[15]_i_132/CO[3]
                         net (fo=1, routed)           0.000     7.653    u_pe2/u_ce/u_ac/u_rt/u_purge/vv_reg[15]_i_132_n_0
    SLICE_X291Y326       CARRY4 (Prop_carry4_CI_CO[3])
                                                      0.053     7.706 r  u_pe2/u_ce/u_ac/u_rt/u_purge/vv_reg[15]_i_130/CO[3]
                         net (fo=1, routed)           0.000     7.706    u_pe2/u_ce/u_ac/u_rt/u_purge/vv_reg[15]_i_130_n_0
    SLICE_X291Y327       CARRY4 (Prop_carry4_CI_O[3])
                                                      0.149     7.855 r  u_pe2/u_ce/u_ac/u_rt/u_purge/vv_reg[15]_i_45/O[3]
                         net (fo=2, routed)           0.520     8.375    u_pe2/u_ce/u_ac/u_rt/u_purge/state20_in[29]
    SLICE_X285Y325       LUT4 (Prop_lut4_I0_O)        0.120     8.495 r  u_pe2/u_ce/u_ac/u_rt/u_purge/vv[15]_i_17/O
                         net (fo=1, routed)           0.000     8.495    u_pe2/u_ce/u_ac/u_rt/u_purge/vv[15]_i_17_n_0
    SLICE_X285Y325       CARRY4 (Prop_carry4_S[1]_CO[2])
                                                      0.291     8.786 r  u_pe2/u_ce/u_ac/u_rt/u_purge/vv_reg[15]_i_4/CO[2]
                         net (fo=3, routed)           0.492     9.278    u_pe2/u_ce/u_ac/u_rt/u_purge/vv_short
    SLICE_X277Y333       LUT5 (Prop_lut5_I1_O)        0.129     9.407 r  u_pe2/u_ce/u_ac/u_rt/u_purge/vv[15]_i_1/O
                         net (fo=16, routed)          0.214     9.621    u_pe2/u_ce/u_ac/u_rt/u_purge/vv[0]
    SLICE_X279Y333       FDRE                                         r  u_pe2/u_ce/u_ac/u_rt/u_purge/vv_reg[0]/CE
  -------------------------------------------------------------------    -------------------

                         (clock clk rise edge)        8.000     8.000 r  <hidden>
                                                      0.000     8.000 r  clk
                         net (fo=107069, unset)       0.510     8.510    u_pe2/u_ce/u_ac/u_rt/u_purge/clk
    SLICE_X279Y333       FDRE                                         r  u_pe2/u_ce/u_ac/u_rt/u_purge/vv_reg[0]/C
                         clock pessimism              0.000     8.510    <hidden>
                         clock uncertainty           -0.035     8.475    <hidden>
    SLICE_X279Y333       FDRE (Setup_fdre_C_CE)      -0.201     8.274    u_pe2/u_ce/u_ac/u_rt/u_purge/vv_reg[0]
  -------------------------------------------------------------------
                         required time                          8.274    <hidden>
                         arrival time                          -9.621    <hidden>
  -------------------------------------------------------------------
                         slack                                 -1.347    <hidden>

Slack (VIOLATED) :        -1.347ns  (required time - arrival time)
  Source:                 u_pe2/u_ce/u_ac/u_rt/u_purge/ch_sbase_reg/CLKBWRCLK
                            (rising edge-triggered cell RAMB18E1 clocked by clk  {rise@0.000ns fall@4.000ns period=8.000ns})
  Destination:            u_pe2/u_ce/u_ac/u_rt/u_purge/vv_reg[2]/CE
                            (rising edge-triggered cell FDRE clocked by clk  {rise@0.000ns fall@4.000ns period=8.000ns})
  Path Group:             clk
  Path Type:              Setup (Max at Slow Process Corner)
  Requirement:            8.000ns  (clk rise@8.000ns - clk rise@0.000ns)
  Data Path Delay:        9.084ns  (logic 3.756ns (41.347%)  route 5.328ns (58.653%))
  Logic Levels:           15  (CARRY4=6 LUT3=1 LUT4=3 LUT5=1 LUT6=1 MUXF7=1 MUXF8=1 RAMD64E=1)
  Clock Path Skew:        -0.027ns (DCD - SCD + CPR)
    Destination Clock Delay (DCD):    0.510ns = ( 8.510 - 8.000 ) 
    Source Clock Delay      (SCD):    0.537ns
    Clock Pessimism Removal (CPR):    0.000ns
  Clock Uncertainty:      0.035ns  ((TSJ^2 + TIJ^2)^1/2 + DJ) / 2 + PE
    Total System Jitter     (TSJ):    0.071ns
    Total Input Jitter      (TIJ):    0.000ns
    Discrete Jitter          (DJ):    0.000ns
    Phase Error              (PE):    0.000ns

    Location             Delay type                Incr(ns)  Path(ns)    Netlist Resource(s)
  -------------------------------------------------------------------    -------------------
                         (clock clk rise edge)        0.000     0.000 r  <hidden>
                                                      0.000     0.000 r  clk
                         net (fo=107069, unset)       0.537     0.537    u_pe2/u_ce/u_ac/u_rt/u_purge/clk
    RAMB18_X5Y135        RAMB18E1                                     r  u_pe2/u_ce/u_ac/u_rt/u_purge/ch_sbase_reg/CLKBWRCLK
  -------------------------------------------------------------------    -------------------
    RAMB18_X5Y135        RAMB18E1 (Prop_ramb18e1_CLKBWRCLK_DOBDO[0])
                                                      1.800     2.337 r  u_pe2/u_ce/u_ac/u_rt/u_purge/ch_sbase_reg/DOBDO[0]
                         net (fo=9, routed)           0.801     3.138    u_pe2/u_ce/u_ac/u_rt/u_purge/sbase_r[0]
    SLICE_X291Y338       LUT4 (Prop_lut4_I0_O)        0.043     3.181 r  u_pe2/u_ce/u_ac/u_rt/u_purge/sd_len_reg_r1_0_63_0_2_i_14/O
                         net (fo=1, routed)           0.000     3.181    u_pe2/u_ce/u_ac/u_rt/u_purge/sd_len_reg_r1_0_63_0_2_i_14_n_0
    SLICE_X291Y338       CARRY4 (Prop_carry4_S[0]_CO[3])
                                                      0.259     3.440 r  u_pe2/u_ce/u_ac/u_rt/u_purge/sd_len_reg_r1_0_63_0_2_i_3/CO[3]
                         net (fo=1, routed)           0.000     3.440    u_pe2/u_ce/u_ac/u_rt/u_purge/sd_len_reg_r1_0_63_0_2_i_3_n_0
    SLICE_X291Y339       CARRY4 (Prop_carry4_CI_O[0])
                                                      0.111     3.551 r  u_pe2/u_ce/u_ac/u_rt/u_purge/sd_len_reg_r1_0_63_0_2_i_2/O[0]
                         net (fo=2064, routed)        1.092     4.644    u_pe2/u_ce/u_ac/u_rt/u_purge/sd_len_reg_r1_128_191_12_14/ADDRB4
    SLICE_X316Y349       RAMD64E (Prop_ramd64e_RADR4_O)
                                                      0.124     4.768 r  u_pe2/u_ce/u_ac/u_rt/u_purge/sd_len_reg_r1_128_191_12_14/RAMB/O
                         net (fo=1, routed)           0.916     5.684    u_pe2/u_ce/u_ac/u_rt/u_purge/sd_len_reg_r1_128_191_12_14_n_1
    SLICE_X308Y331       LUT6 (Prop_lut6_I1_O)        0.043     5.727 r  u_pe2/u_ce/u_ac/u_rt/u_purge/vv[15]_i_1053/O
                         net (fo=1, routed)           0.000     5.727    u_pe2/u_ce/u_ac/u_rt/u_purge/vv[15]_i_1053_n_0
    SLICE_X308Y331       MUXF7 (Prop_muxf7_I0_O)      0.120     5.847 r  u_pe2/u_ce/u_ac/u_rt/u_purge/vv_reg[15]_i_744/O
                         net (fo=1, routed)           0.000     5.847    u_pe2/u_ce/u_ac/u_rt/u_purge/vv_reg[15]_i_744_n_0
    SLICE_X308Y331       MUXF8 (Prop_muxf8_I0_O)      0.045     5.892 r  u_pe2/u_ce/u_ac/u_rt/u_purge/vv_reg[15]_i_463/O
                         net (fo=9, routed)           0.825     6.717    u_pe2/u_ce/u_ac/u_rt/u_purge/t_len[13]
    SLICE_X291Y325       LUT3 (Prop_lut3_I1_O)        0.137     6.854 r  u_pe2/u_ce/u_ac/u_rt/u_purge/vv[15]_i_252/O
                         net (fo=2, routed)           0.467     7.321    u_pe2/u_ce/u_ac/u_rt/u_purge/vv[15]_i_252_n_0
    SLICE_X291Y325       LUT4 (Prop_lut4_I3_O)        0.137     7.458 r  u_pe2/u_ce/u_ac/u_rt/u_purge/vv[15]_i_256/O
                         net (fo=1, routed)           0.000     7.458    u_pe2/u_ce/u_ac/u_rt/u_purge/vv[15]_i_256_n_0
    SLICE_X291Y325       CARRY4 (Prop_carry4_S[2]_CO[3])
                                                      0.195     7.653 r  u_pe2/u_ce/u_ac/u_rt/u_purge/vv_reg[15]_i_132/CO[3]
                         net (fo=1, routed)           0.000     7.653    u_pe2/u_ce/u_ac/u_rt/u_purge/vv_reg[15]_i_132_n_0
    SLICE_X291Y326       CARRY4 (Prop_carry4_CI_CO[3])
                                                      0.053     7.706 r  u_pe2/u_ce/u_ac/u_rt/u_purge/vv_reg[15]_i_130/CO[3]
                         net (fo=1, routed)           0.000     7.706    u_pe2/u_ce/u_ac/u_rt/u_purge/vv_reg[15]_i_130_n_0
    SLICE_X291Y327       CARRY4 (Prop_carry4_CI_O[3])
                                                      0.149     7.855 r  u_pe2/u_ce/u_ac/u_rt/u_purge/vv_reg[15]_i_45/O[3]
                         net (fo=2, routed)           0.520     8.375    u_pe2/u_ce/u_ac/u_rt/u_purge/state20_in[29]
    SLICE_X285Y325       LUT4 (Prop_lut4_I0_O)        0.120     8.495 r  u_pe2/u_ce/u_ac/u_rt/u_purge/vv[15]_i_17/O
                         net (fo=1, routed)           0.000     8.495    u_pe2/u_ce/u_ac/u_rt/u_purge/vv[15]_i_17_n_0
    SLICE_X285Y325       CARRY4 (Prop_carry4_S[1]_CO[2])
                                                      0.291     8.786 r  u_pe2/u_ce/u_ac/u_rt/u_purge/vv_reg[15]_i_4/CO[2]
                         net (fo=3, routed)           0.492     9.278    u_pe2/u_ce/u_ac/u_rt/u_purge/vv_short
    SLICE_X277Y333       LUT5 (Prop_lut5_I1_O)        0.129     9.407 r  u_pe2/u_ce/u_ac/u_rt/u_purge/vv[15]_i_1/O
                         net (fo=16, routed)          0.214     9.621    u_pe2/u_ce/u_ac/u_rt/u_purge/vv[0]
    SLICE_X279Y333       FDRE                                         r  u_pe2/u_ce/u_ac/u_rt/u_purge/vv_reg[2]/CE
  -------------------------------------------------------------------    -------------------

                         (clock clk rise edge)        8.000     8.000 r  <hidden>
                                                      0.000     8.000 r  clk
                         net (fo=107069, unset)       0.510     8.510    u_pe2/u_ce/u_ac/u_rt/u_purge/clk
    SLICE_X279Y333       FDRE                                         r  u_pe2/u_ce/u_ac/u_rt/u_purge/vv_reg[2]/C
                         clock pessimism              0.000     8.510    <hidden>
                         clock uncertainty           -0.035     8.475    <hidden>
    SLICE_X279Y333       FDRE (Setup_fdre_C_CE)      -0.201     8.274    u_pe2/u_ce/u_ac/u_rt/u_purge/vv_reg[2]
  -------------------------------------------------------------------
                         required time                          8.274    <hidden>
                         arrival time                          -9.621    <hidden>
  -------------------------------------------------------------------
                         slack                                 -1.347    <hidden>

Slack (VIOLATED) :        -1.347ns  (required time - arrival time)
  Source:                 u_pe2/u_ce/u_ac/u_rt/u_purge/ch_sbase_reg/CLKBWRCLK
                            (rising edge-triggered cell RAMB18E1 clocked by clk  {rise@0.000ns fall@4.000ns period=8.000ns})
  Destination:            u_pe2/u_ce/u_ac/u_rt/u_purge/vv_reg[4]/CE
                            (rising edge-triggered cell FDRE clocked by clk  {rise@0.000ns fall@4.000ns period=8.000ns})
  Path Group:             clk
  Path Type:              Setup (Max at Slow Process Corner)
  Requirement:            8.000ns  (clk rise@8.000ns - clk rise@0.000ns)
  Data Path Delay:        9.084ns  (logic 3.756ns (41.347%)  route 5.328ns (58.653%))
  Logic Levels:           15  (CARRY4=6 LUT3=1 LUT4=3 LUT5=1 LUT6=1 MUXF7=1 MUXF8=1 RAMD64E=1)
  Clock Path Skew:        -0.027ns (DCD - SCD + CPR)
    Destination Clock Delay (DCD):    0.510ns = ( 8.510 - 8.000 ) 
    Source Clock Delay      (SCD):    0.537ns
    Clock Pessimism Removal (CPR):    0.000ns
  Clock Uncertainty:      0.035ns  ((TSJ^2 + TIJ^2)^1/2 + DJ) / 2 + PE
    Total System Jitter     (TSJ):    0.071ns
    Total Input Jitter      (TIJ):    0.000ns
    Discrete Jitter          (DJ):    0.000ns
    Phase Error              (PE):    0.000ns

    Location             Delay type                Incr(ns)  Path(ns)    Netlist Resource(s)
  -------------------------------------------------------------------    -------------------
                         (clock clk rise edge)        0.000     0.000 r  <hidden>
                                                      0.000     0.000 r  clk
                         net (fo=107069, unset)       0.537     0.537    u_pe2/u_ce/u_ac/u_rt/u_purge/clk
    RAMB18_X5Y135        RAMB18E1                                     r  u_pe2/u_ce/u_ac/u_rt/u_purge/ch_sbase_reg/CLKBWRCLK
  -------------------------------------------------------------------    -------------------
    RAMB18_X5Y135        RAMB18E1 (Prop_ramb18e1_CLKBWRCLK_DOBDO[0])
                                                      1.800     2.337 r  u_pe2/u_ce/u_ac/u_rt/u_purge/ch_sbase_reg/DOBDO[0]
                         net (fo=9, routed)           0.801     3.138    u_pe2/u_ce/u_ac/u_rt/u_purge/sbase_r[0]
    SLICE_X291Y338       LUT4 (Prop_lut4_I0_O)        0.043     3.181 r  u_pe2/u_ce/u_ac/u_rt/u_purge/sd_len_reg_r1_0_63_0_2_i_14/O
                         net (fo=1, routed)           0.000     3.181    u_pe2/u_ce/u_ac/u_rt/u_purge/sd_len_reg_r1_0_63_0_2_i_14_n_0
    SLICE_X291Y338       CARRY4 (Prop_carry4_S[0]_CO[3])
                                                      0.259     3.440 r  u_pe2/u_ce/u_ac/u_rt/u_purge/sd_len_reg_r1_0_63_0_2_i_3/CO[3]
                         net (fo=1, routed)           0.000     3.440    u_pe2/u_ce/u_ac/u_rt/u_purge/sd_len_reg_r1_0_63_0_2_i_3_n_0
    SLICE_X291Y339       CARRY4 (Prop_carry4_CI_O[0])
                                                      0.111     3.551 r  u_pe2/u_ce/u_ac/u_rt/u_purge/sd_len_reg_r1_0_63_0_2_i_2/O[0]
                         net (fo=2064, routed)        1.092     4.644    u_pe2/u_ce/u_ac/u_rt/u_purge/sd_len_reg_r1_128_191_12_14/ADDRB4
    SLICE_X316Y349       RAMD64E (Prop_ramd64e_RADR4_O)
                                                      0.124     4.768 r  u_pe2/u_ce/u_ac/u_rt/u_purge/sd_len_reg_r1_128_191_12_14/RAMB/O
                         net (fo=1, routed)           0.916     5.684    u_pe2/u_ce/u_ac/u_rt/u_purge/sd_len_reg_r1_128_191_12_14_n_1
    SLICE_X308Y331       LUT6 (Prop_lut6_I1_O)        0.043     5.727 r  u_pe2/u_ce/u_ac/u_rt/u_purge/vv[15]_i_1053/O
                         net (fo=1, routed)           0.000     5.727    u_pe2/u_ce/u_ac/u_rt/u_purge/vv[15]_i_1053_n_0
    SLICE_X308Y331       MUXF7 (Prop_muxf7_I0_O)      0.120     5.847 r  u_pe2/u_ce/u_ac/u_rt/u_purge/vv_reg[15]_i_744/O
                         net (fo=1, routed)           0.000     5.847    u_pe2/u_ce/u_ac/u_rt/u_purge/vv_reg[15]_i_744_n_0
    SLICE_X308Y331       MUXF8 (Prop_muxf8_I0_O)      0.045     5.892 r  u_pe2/u_ce/u_ac/u_rt/u_purge/vv_reg[15]_i_463/O
                         net (fo=9, routed)           0.825     6.717    u_pe2/u_ce/u_ac/u_rt/u_purge/t_len[13]
    SLICE_X291Y325       LUT3 (Prop_lut3_I1_O)        0.137     6.854 r  u_pe2/u_ce/u_ac/u_rt/u_purge/vv[15]_i_252/O
                         net (fo=2, routed)           0.467     7.321    u_pe2/u_ce/u_ac/u_rt/u_purge/vv[15]_i_252_n_0
    SLICE_X291Y325       LUT4 (Prop_lut4_I3_O)        0.137     7.458 r  u_pe2/u_ce/u_ac/u_rt/u_purge/vv[15]_i_256/O
                         net (fo=1, routed)           0.000     7.458    u_pe2/u_ce/u_ac/u_rt/u_purge/vv[15]_i_256_n_0
    SLICE_X291Y325       CARRY4 (Prop_carry4_S[2]_CO[3])
                                                      0.195     7.653 r  u_pe2/u_ce/u_ac/u_rt/u_purge/vv_reg[15]_i_132/CO[3]
                         net (fo=1, routed)           0.000     7.653    u_pe2/u_ce/u_ac/u_rt/u_purge/vv_reg[15]_i_132_n_0
    SLICE_X291Y326       CARRY4 (Prop_carry4_CI_CO[3])
                                                      0.053     7.706 r  u_pe2/u_ce/u_ac/u_rt/u_purge/vv_reg[15]_i_130/CO[3]
                         net (fo=1, routed)           0.000     7.706    u_pe2/u_ce/u_ac/u_rt/u_purge/vv_reg[15]_i_130_n_0
    SLICE_X291Y327       CARRY4 (Prop_carry4_CI_O[3])
                                                      0.149     7.855 r  u_pe2/u_ce/u_ac/u_rt/u_purge/vv_reg[15]_i_45/O[3]
                         net (fo=2, routed)           0.520     8.375    u_pe2/u_ce/u_ac/u_rt/u_purge/state20_in[29]
    SLICE_X285Y325       LUT4 (Prop_lut4_I0_O)        0.120     8.495 r  u_pe2/u_ce/u_ac/u_rt/u_purge/vv[15]_i_17/O
                         net (fo=1, routed)           0.000     8.495    u_pe2/u_ce/u_ac/u_rt/u_purge/vv[15]_i_17_n_0
    SLICE_X285Y325       CARRY4 (Prop_carry4_S[1]_CO[2])
                                                      0.291     8.786 r  u_pe2/u_ce/u_ac/u_rt/u_purge/vv_reg[15]_i_4/CO[2]
                         net (fo=3, routed)           0.492     9.278    u_pe2/u_ce/u_ac/u_rt/u_purge/vv_short
    SLICE_X277Y333       LUT5 (Prop_lut5_I1_O)        0.129     9.407 r  u_pe2/u_ce/u_ac/u_rt/u_purge/vv[15]_i_1/O
                         net (fo=16, routed)          0.214     9.621    u_pe2/u_ce/u_ac/u_rt/u_purge/vv[0]
    SLICE_X276Y332       FDRE                                         r  u_pe2/u_ce/u_ac/u_rt/u_purge/vv_reg[4]/CE
  -------------------------------------------------------------------    -------------------

                         (clock clk rise edge)        8.000     8.000 r  <hidden>
                                                      0.000     8.000 r  clk
                         net (fo=107069, unset)       0.510     8.510    u_pe2/u_ce/u_ac/u_rt/u_purge/clk
    SLICE_X276Y332       FDRE                                         r  u_pe2/u_ce/u_ac/u_rt/u_purge/vv_reg[4]/C
                         clock pessimism              0.000     8.510    <hidden>
                         clock uncertainty           -0.035     8.475    <hidden>
    SLICE_X276Y332       FDRE (Setup_fdre_C_CE)      -0.201     8.274    u_pe2/u_ce/u_ac/u_rt/u_purge/vv_reg[4]
  -------------------------------------------------------------------
                         required time                          8.274    <hidden>
                         arrival time                          -9.621    <hidden>
  -------------------------------------------------------------------
                         slack                                 -1.347    <hidden>

Slack (VIOLATED) :        -1.347ns  (required time - arrival time)
  Source:                 u_pe2/u_ce/u_ac/u_rt/u_purge/ch_sbase_reg/CLKBWRCLK
                            (rising edge-triggered cell RAMB18E1 clocked by clk  {rise@0.000ns fall@4.000ns period=8.000ns})
  Destination:            u_pe2/u_ce/u_ac/u_rt/u_purge/vv_reg[5]/CE
                            (rising edge-triggered cell FDRE clocked by clk  {rise@0.000ns fall@4.000ns period=8.000ns})
  Path Group:             clk
  Path Type:              Setup (Max at Slow Process Corner)
  Requirement:            8.000ns  (clk rise@8.000ns - clk rise@0.000ns)
  Data Path Delay:        9.084ns  (logic 3.756ns (41.347%)  route 5.328ns (58.653%))
  Logic Levels:           15  (CARRY4=6 LUT3=1 LUT4=3 LUT5=1 LUT6=1 MUXF7=1 MUXF8=1 RAMD64E=1)
  Clock Path Skew:        -0.027ns (DCD - SCD + CPR)
    Destination Clock Delay (DCD):    0.510ns = ( 8.510 - 8.000 ) 
    Source Clock Delay      (SCD):    0.537ns
    Clock Pessimism Removal (CPR):    0.000ns
  Clock Uncertainty:      0.035ns  ((TSJ^2 + TIJ^2)^1/2 + DJ) / 2 + PE
    Total System Jitter     (TSJ):    0.071ns
    Total Input Jitter      (TIJ):    0.000ns
    Discrete Jitter          (DJ):    0.000ns
    Phase Error              (PE):    0.000ns

    Location             Delay type                Incr(ns)  Path(ns)    Netlist Resource(s)
  -------------------------------------------------------------------    -------------------
                         (clock clk rise edge)        0.000     0.000 r  <hidden>
                                                      0.000     0.000 r  clk
                         net (fo=107069, unset)       0.537     0.537    u_pe2/u_ce/u_ac/u_rt/u_purge/clk
    RAMB18_X5Y135        RAMB18E1                                     r  u_pe2/u_ce/u_ac/u_rt/u_purge/ch_sbase_reg/CLKBWRCLK
  -------------------------------------------------------------------    -------------------
    RAMB18_X5Y135        RAMB18E1 (Prop_ramb18e1_CLKBWRCLK_DOBDO[0])
                                                      1.800     2.337 r  u_pe2/u_ce/u_ac/u_rt/u_purge/ch_sbase_reg/DOBDO[0]
                         net (fo=9, routed)           0.801     3.138    u_pe2/u_ce/u_ac/u_rt/u_purge/sbase_r[0]
    SLICE_X291Y338       LUT4 (Prop_lut4_I0_O)        0.043     3.181 r  u_pe2/u_ce/u_ac/u_rt/u_purge/sd_len_reg_r1_0_63_0_2_i_14/O
                         net (fo=1, routed)           0.000     3.181    u_pe2/u_ce/u_ac/u_rt/u_purge/sd_len_reg_r1_0_63_0_2_i_14_n_0
    SLICE_X291Y338       CARRY4 (Prop_carry4_S[0]_CO[3])
                                                      0.259     3.440 r  u_pe2/u_ce/u_ac/u_rt/u_purge/sd_len_reg_r1_0_63_0_2_i_3/CO[3]
                         net (fo=1, routed)           0.000     3.440    u_pe2/u_ce/u_ac/u_rt/u_purge/sd_len_reg_r1_0_63_0_2_i_3_n_0
    SLICE_X291Y339       CARRY4 (Prop_carry4_CI_O[0])
                                                      0.111     3.551 r  u_pe2/u_ce/u_ac/u_rt/u_purge/sd_len_reg_r1_0_63_0_2_i_2/O[0]
                         net (fo=2064, routed)        1.092     4.644    u_pe2/u_ce/u_ac/u_rt/u_purge/sd_len_reg_r1_128_191_12_14/ADDRB4
    SLICE_X316Y349       RAMD64E (Prop_ramd64e_RADR4_O)
                                                      0.124     4.768 r  u_pe2/u_ce/u_ac/u_rt/u_purge/sd_len_reg_r1_128_191_12_14/RAMB/O
                         net (fo=1, routed)           0.916     5.684    u_pe2/u_ce/u_ac/u_rt/u_purge/sd_len_reg_r1_128_191_12_14_n_1
    SLICE_X308Y331       LUT6 (Prop_lut6_I1_O)        0.043     5.727 r  u_pe2/u_ce/u_ac/u_rt/u_purge/vv[15]_i_1053/O
                         net (fo=1, routed)           0.000     5.727    u_pe2/u_ce/u_ac/u_rt/u_purge/vv[15]_i_1053_n_0
    SLICE_X308Y331       MUXF7 (Prop_muxf7_I0_O)      0.120     5.847 r  u_pe2/u_ce/u_ac/u_rt/u_purge/vv_reg[15]_i_744/O
                         net (fo=1, routed)           0.000     5.847    u_pe2/u_ce/u_ac/u_rt/u_purge/vv_reg[15]_i_744_n_0
    SLICE_X308Y331       MUXF8 (Prop_muxf8_I0_O)      0.045     5.892 r  u_pe2/u_ce/u_ac/u_rt/u_purge/vv_reg[15]_i_463/O
                         net (fo=9, routed)           0.825     6.717    u_pe2/u_ce/u_ac/u_rt/u_purge/t_len[13]
    SLICE_X291Y325       LUT3 (Prop_lut3_I1_O)        0.137     6.854 r  u_pe2/u_ce/u_ac/u_rt/u_purge/vv[15]_i_252/O
                         net (fo=2, routed)           0.467     7.321    u_pe2/u_ce/u_ac/u_rt/u_purge/vv[15]_i_252_n_0
    SLICE_X291Y325       LUT4 (Prop_lut4_I3_O)        0.137     7.458 r  u_pe2/u_ce/u_ac/u_rt/u_purge/vv[15]_i_256/O
                         net (fo=1, routed)           0.000     7.458    u_pe2/u_ce/u_ac/u_rt/u_purge/vv[15]_i_256_n_0
    SLICE_X291Y325       CARRY4 (Prop_carry4_S[2]_CO[3])
                                                      0.195     7.653 r  u_pe2/u_ce/u_ac/u_rt/u_purge/vv_reg[15]_i_132/CO[3]
                         net (fo=1, routed)           0.000     7.653    u_pe2/u_ce/u_ac/u_rt/u_purge/vv_reg[15]_i_132_n_0
    SLICE_X291Y326       CARRY4 (Prop_carry4_CI_CO[3])
                                                      0.053     7.706 r  u_pe2/u_ce/u_ac/u_rt/u_purge/vv_reg[15]_i_130/CO[3]
                         net (fo=1, routed)           0.000     7.706    u_pe2/u_ce/u_ac/u_rt/u_purge/vv_reg[15]_i_130_n_0
    SLICE_X291Y327       CARRY4 (Prop_carry4_CI_O[3])
                                                      0.149     7.855 r  u_pe2/u_ce/u_ac/u_rt/u_purge/vv_reg[15]_i_45/O[3]
                         net (fo=2, routed)           0.520     8.375    u_pe2/u_ce/u_ac/u_rt/u_purge/state20_in[29]
    SLICE_X285Y325       LUT4 (Prop_lut4_I0_O)        0.120     8.495 r  u_pe2/u_ce/u_ac/u_rt/u_purge/vv[15]_i_17/O
                         net (fo=1, routed)           0.000     8.495    u_pe2/u_ce/u_ac/u_rt/u_purge/vv[15]_i_17_n_0
    SLICE_X285Y325       CARRY4 (Prop_carry4_S[1]_CO[2])
                                                      0.291     8.786 r  u_pe2/u_ce/u_ac/u_rt/u_purge/vv_reg[15]_i_4/CO[2]
                         net (fo=3, routed)           0.492     9.278    u_pe2/u_ce/u_ac/u_rt/u_purge/vv_short
    SLICE_X277Y333       LUT5 (Prop_lut5_I1_O)        0.129     9.407 r  u_pe2/u_ce/u_ac/u_rt/u_purge/vv[15]_i_1/O
                         net (fo=16, routed)          0.214     9.621    u_pe2/u_ce/u_ac/u_rt/u_purge/vv[0]
    SLICE_X279Y333       FDRE                                         r  u_pe2/u_ce/u_ac/u_rt/u_purge/vv_reg[5]/CE
  -------------------------------------------------------------------    -------------------

                         (clock clk rise edge)        8.000     8.000 r  <hidden>
                                                      0.000     8.000 r  clk
                         net (fo=107069, unset)       0.510     8.510    u_pe2/u_ce/u_ac/u_rt/u_purge/clk
    SLICE_X279Y333       FDRE                                         r  u_pe2/u_ce/u_ac/u_rt/u_purge/vv_reg[5]/C
                         clock pessimism              0.000     8.510    <hidden>
                         clock uncertainty           -0.035     8.475    <hidden>
    SLICE_X279Y333       FDRE (Setup_fdre_C_CE)      -0.201     8.274    u_pe2/u_ce/u_ac/u_rt/u_purge/vv_reg[5]
  -------------------------------------------------------------------
                         required time                          8.274    <hidden>
                         arrival time                          -9.621    <hidden>
  -------------------------------------------------------------------
                         slack                                 -1.347    <hidden>

Slack (VIOLATED) :        -1.347ns  (required time - arrival time)
  Source:                 u_pe2/u_ce/u_ac/u_rt/u_purge/ch_sbase_reg/CLKBWRCLK
                            (rising edge-triggered cell RAMB18E1 clocked by clk  {rise@0.000ns fall@4.000ns period=8.000ns})
  Destination:            u_pe2/u_ce/u_ac/u_rt/u_purge/vv_reg[6]/CE
                            (rising edge-triggered cell FDRE clocked by clk  {rise@0.000ns fall@4.000ns period=8.000ns})
  Path Group:             clk
  Path Type:              Setup (Max at Slow Process Corner)
  Requirement:            8.000ns  (clk rise@8.000ns - clk rise@0.000ns)
  Data Path Delay:        9.084ns  (logic 3.756ns (41.347%)  route 5.328ns (58.653%))
  Logic Levels:           15  (CARRY4=6 LUT3=1 LUT4=3 LUT5=1 LUT6=1 MUXF7=1 MUXF8=1 RAMD64E=1)
  Clock Path Skew:        -0.027ns (DCD - SCD + CPR)
    Destination Clock Delay (DCD):    0.510ns = ( 8.510 - 8.000 ) 
    Source Clock Delay      (SCD):    0.537ns
    Clock Pessimism Removal (CPR):    0.000ns
  Clock Uncertainty:      0.035ns  ((TSJ^2 + TIJ^2)^1/2 + DJ) / 2 + PE
    Total System Jitter     (TSJ):    0.071ns
    Total Input Jitter      (TIJ):    0.000ns
    Discrete Jitter          (DJ):    0.000ns
    Phase Error              (PE):    0.000ns

    Location             Delay type                Incr(ns)  Path(ns)    Netlist Resource(s)
  -------------------------------------------------------------------    -------------------
                         (clock clk rise edge)        0.000     0.000 r  <hidden>
                                                      0.000     0.000 r  clk
                         net (fo=107069, unset)       0.537     0.537    u_pe2/u_ce/u_ac/u_rt/u_purge/clk
    RAMB18_X5Y135        RAMB18E1                                     r  u_pe2/u_ce/u_ac/u_rt/u_purge/ch_sbase_reg/CLKBWRCLK
  -------------------------------------------------------------------    -------------------
    RAMB18_X5Y135        RAMB18E1 (Prop_ramb18e1_CLKBWRCLK_DOBDO[0])
                                                      1.800     2.337 r  u_pe2/u_ce/u_ac/u_rt/u_purge/ch_sbase_reg/DOBDO[0]
                         net (fo=9, routed)           0.801     3.138    u_pe2/u_ce/u_ac/u_rt/u_purge/sbase_r[0]
    SLICE_X291Y338       LUT4 (Prop_lut4_I0_O)        0.043     3.181 r  u_pe2/u_ce/u_ac/u_rt/u_purge/sd_len_reg_r1_0_63_0_2_i_14/O
                         net (fo=1, routed)           0.000     3.181    u_pe2/u_ce/u_ac/u_rt/u_purge/sd_len_reg_r1_0_63_0_2_i_14_n_0
    SLICE_X291Y338       CARRY4 (Prop_carry4_S[0]_CO[3])
                                                      0.259     3.440 r  u_pe2/u_ce/u_ac/u_rt/u_purge/sd_len_reg_r1_0_63_0_2_i_3/CO[3]
                         net (fo=1, routed)           0.000     3.440    u_pe2/u_ce/u_ac/u_rt/u_purge/sd_len_reg_r1_0_63_0_2_i_3_n_0
    SLICE_X291Y339       CARRY4 (Prop_carry4_CI_O[0])
                                                      0.111     3.551 r  u_pe2/u_ce/u_ac/u_rt/u_purge/sd_len_reg_r1_0_63_0_2_i_2/O[0]
                         net (fo=2064, routed)        1.092     4.644    u_pe2/u_ce/u_ac/u_rt/u_purge/sd_len_reg_r1_128_191_12_14/ADDRB4
    SLICE_X316Y349       RAMD64E (Prop_ramd64e_RADR4_O)
                                                      0.124     4.768 r  u_pe2/u_ce/u_ac/u_rt/u_purge/sd_len_reg_r1_128_191_12_14/RAMB/O
                         net (fo=1, routed)           0.916     5.684    u_pe2/u_ce/u_ac/u_rt/u_purge/sd_len_reg_r1_128_191_12_14_n_1
    SLICE_X308Y331       LUT6 (Prop_lut6_I1_O)        0.043     5.727 r  u_pe2/u_ce/u_ac/u_rt/u_purge/vv[15]_i_1053/O
                         net (fo=1, routed)           0.000     5.727    u_pe2/u_ce/u_ac/u_rt/u_purge/vv[15]_i_1053_n_0
    SLICE_X308Y331       MUXF7 (Prop_muxf7_I0_O)      0.120     5.847 r  u_pe2/u_ce/u_ac/u_rt/u_purge/vv_reg[15]_i_744/O
                         net (fo=1, routed)           0.000     5.847    u_pe2/u_ce/u_ac/u_rt/u_purge/vv_reg[15]_i_744_n_0
    SLICE_X308Y331       MUXF8 (Prop_muxf8_I0_O)      0.045     5.892 r  u_pe2/u_ce/u_ac/u_rt/u_purge/vv_reg[15]_i_463/O
                         net (fo=9, routed)           0.825     6.717    u_pe2/u_ce/u_ac/u_rt/u_purge/t_len[13]
    SLICE_X291Y325       LUT3 (Prop_lut3_I1_O)        0.137     6.854 r  u_pe2/u_ce/u_ac/u_rt/u_purge/vv[15]_i_252/O
                         net (fo=2, routed)           0.467     7.321    u_pe2/u_ce/u_ac/u_rt/u_purge/vv[15]_i_252_n_0
    SLICE_X291Y325       LUT4 (Prop_lut4_I3_O)        0.137     7.458 r  u_pe2/u_ce/u_ac/u_rt/u_purge/vv[15]_i_256/O
                         net (fo=1, routed)           0.000     7.458    u_pe2/u_ce/u_ac/u_rt/u_purge/vv[15]_i_256_n_0
    SLICE_X291Y325       CARRY4 (Prop_carry4_S[2]_CO[3])
                                                      0.195     7.653 r  u_pe2/u_ce/u_ac/u_rt/u_purge/vv_reg[15]_i_132/CO[3]
                         net (fo=1, routed)           0.000     7.653    u_pe2/u_ce/u_ac/u_rt/u_purge/vv_reg[15]_i_132_n_0
    SLICE_X291Y326       CARRY4 (Prop_carry4_CI_CO[3])
                                                      0.053     7.706 r  u_pe2/u_ce/u_ac/u_rt/u_purge/vv_reg[15]_i_130/CO[3]
                         net (fo=1, routed)           0.000     7.706    u_pe2/u_ce/u_ac/u_rt/u_purge/vv_reg[15]_i_130_n_0
    SLICE_X291Y327       CARRY4 (Prop_carry4_CI_O[3])
                                                      0.149     7.855 r  u_pe2/u_ce/u_ac/u_rt/u_purge/vv_reg[15]_i_45/O[3]
                         net (fo=2, routed)           0.520     8.375    u_pe2/u_ce/u_ac/u_rt/u_purge/state20_in[29]
    SLICE_X285Y325       LUT4 (Prop_lut4_I0_O)        0.120     8.495 r  u_pe2/u_ce/u_ac/u_rt/u_purge/vv[15]_i_17/O
                         net (fo=1, routed)           0.000     8.495    u_pe2/u_ce/u_ac/u_rt/u_purge/vv[15]_i_17_n_0
    SLICE_X285Y325       CARRY4 (Prop_carry4_S[1]_CO[2])
                                                      0.291     8.786 r  u_pe2/u_ce/u_ac/u_rt/u_purge/vv_reg[15]_i_4/CO[2]
                         net (fo=3, routed)           0.492     9.278    u_pe2/u_ce/u_ac/u_rt/u_purge/vv_short
    SLICE_X277Y333       LUT5 (Prop_lut5_I1_O)        0.129     9.407 r  u_pe2/u_ce/u_ac/u_rt/u_purge/vv[15]_i_1/O
                         net (fo=16, routed)          0.214     9.621    u_pe2/u_ce/u_ac/u_rt/u_purge/vv[0]
    SLICE_X279Y333       FDRE                                         r  u_pe2/u_ce/u_ac/u_rt/u_purge/vv_reg[6]/CE
  -------------------------------------------------------------------    -------------------

                         (clock clk rise edge)        8.000     8.000 r  <hidden>
                                                      0.000     8.000 r  clk
                         net (fo=107069, unset)       0.510     8.510    u_pe2/u_ce/u_ac/u_rt/u_purge/clk
    SLICE_X279Y333       FDRE                                         r  u_pe2/u_ce/u_ac/u_rt/u_purge/vv_reg[6]/C
                         clock pessimism              0.000     8.510    <hidden>
                         clock uncertainty           -0.035     8.475    <hidden>
    SLICE_X279Y333       FDRE (Setup_fdre_C_CE)      -0.201     8.274    u_pe2/u_ce/u_ac/u_rt/u_purge/vv_reg[6]
  -------------------------------------------------------------------
                         required time                          8.274    <hidden>
                         arrival time                          -9.621    <hidden>
  -------------------------------------------------------------------
                         slack                                 -1.347    <hidden>

Slack (VIOLATED) :        -1.347ns  (required time - arrival time)
  Source:                 u_pe2/u_ce/u_ac/u_rt/u_purge/ch_sbase_reg/CLKBWRCLK
                            (rising edge-triggered cell RAMB18E1 clocked by clk  {rise@0.000ns fall@4.000ns period=8.000ns})
  Destination:            u_pe2/u_ce/u_ac/u_rt/u_purge/vv_reg[7]/CE
                            (rising edge-triggered cell FDRE clocked by clk  {rise@0.000ns fall@4.000ns period=8.000ns})
  Path Group:             clk
  Path Type:              Setup (Max at Slow Process Corner)
  Requirement:            8.000ns  (clk rise@8.000ns - clk rise@0.000ns)
  Data Path Delay:        9.084ns  (logic 3.756ns (41.347%)  route 5.328ns (58.653%))
  Logic Levels:           15  (CARRY4=6 LUT3=1 LUT4=3 LUT5=1 LUT6=1 MUXF7=1 MUXF8=1 RAMD64E=1)
  Clock Path Skew:        -0.027ns (DCD - SCD + CPR)
    Destination Clock Delay (DCD):    0.510ns = ( 8.510 - 8.000 ) 
    Source Clock Delay      (SCD):    0.537ns
    Clock Pessimism Removal (CPR):    0.000ns
  Clock Uncertainty:      0.035ns  ((TSJ^2 + TIJ^2)^1/2 + DJ) / 2 + PE
    Total System Jitter     (TSJ):    0.071ns
    Total Input Jitter      (TIJ):    0.000ns
    Discrete Jitter          (DJ):    0.000ns
    Phase Error              (PE):    0.000ns

    Location             Delay type                Incr(ns)  Path(ns)    Netlist Resource(s)
  -------------------------------------------------------------------    -------------------
                         (clock clk rise edge)        0.000     0.000 r  <hidden>
                                                      0.000     0.000 r  clk
                         net (fo=107069, unset)       0.537     0.537    u_pe2/u_ce/u_ac/u_rt/u_purge/clk
    RAMB18_X5Y135        RAMB18E1                                     r  u_pe2/u_ce/u_ac/u_rt/u_purge/ch_sbase_reg/CLKBWRCLK
  -------------------------------------------------------------------    -------------------
    RAMB18_X5Y135        RAMB18E1 (Prop_ramb18e1_CLKBWRCLK_DOBDO[0])
                                                      1.800     2.337 r  u_pe2/u_ce/u_ac/u_rt/u_purge/ch_sbase_reg/DOBDO[0]
                         net (fo=9, routed)           0.801     3.138    u_pe2/u_ce/u_ac/u_rt/u_purge/sbase_r[0]
    SLICE_X291Y338       LUT4 (Prop_lut4_I0_O)        0.043     3.181 r  u_pe2/u_ce/u_ac/u_rt/u_purge/sd_len_reg_r1_0_63_0_2_i_14/O
                         net (fo=1, routed)           0.000     3.181    u_pe2/u_ce/u_ac/u_rt/u_purge/sd_len_reg_r1_0_63_0_2_i_14_n_0
    SLICE_X291Y338       CARRY4 (Prop_carry4_S[0]_CO[3])
                                                      0.259     3.440 r  u_pe2/u_ce/u_ac/u_rt/u_purge/sd_len_reg_r1_0_63_0_2_i_3/CO[3]
                         net (fo=1, routed)           0.000     3.440    u_pe2/u_ce/u_ac/u_rt/u_purge/sd_len_reg_r1_0_63_0_2_i_3_n_0
    SLICE_X291Y339       CARRY4 (Prop_carry4_CI_O[0])
                                                      0.111     3.551 r  u_pe2/u_ce/u_ac/u_rt/u_purge/sd_len_reg_r1_0_63_0_2_i_2/O[0]
                         net (fo=2064, routed)        1.092     4.644    u_pe2/u_ce/u_ac/u_rt/u_purge/sd_len_reg_r1_128_191_12_14/ADDRB4
    SLICE_X316Y349       RAMD64E (Prop_ramd64e_RADR4_O)
                                                      0.124     4.768 r  u_pe2/u_ce/u_ac/u_rt/u_purge/sd_len_reg_r1_128_191_12_14/RAMB/O
                         net (fo=1, routed)           0.916     5.684    u_pe2/u_ce/u_ac/u_rt/u_purge/sd_len_reg_r1_128_191_12_14_n_1
    SLICE_X308Y331       LUT6 (Prop_lut6_I1_O)        0.043     5.727 r  u_pe2/u_ce/u_ac/u_rt/u_purge/vv[15]_i_1053/O
                         net (fo=1, routed)           0.000     5.727    u_pe2/u_ce/u_ac/u_rt/u_purge/vv[15]_i_1053_n_0
    SLICE_X308Y331       MUXF7 (Prop_muxf7_I0_O)      0.120     5.847 r  u_pe2/u_ce/u_ac/u_rt/u_purge/vv_reg[15]_i_744/O
                         net (fo=1, routed)           0.000     5.847    u_pe2/u_ce/u_ac/u_rt/u_purge/vv_reg[15]_i_744_n_0
    SLICE_X308Y331       MUXF8 (Prop_muxf8_I0_O)      0.045     5.892 r  u_pe2/u_ce/u_ac/u_rt/u_purge/vv_reg[15]_i_463/O
                         net (fo=9, routed)           0.825     6.717    u_pe2/u_ce/u_ac/u_rt/u_purge/t_len[13]
    SLICE_X291Y325       LUT3 (Prop_lut3_I1_O)        0.137     6.854 r  u_pe2/u_ce/u_ac/u_rt/u_purge/vv[15]_i_252/O
                         net (fo=2, routed)           0.467     7.321    u_pe2/u_ce/u_ac/u_rt/u_purge/vv[15]_i_252_n_0
    SLICE_X291Y325       LUT4 (Prop_lut4_I3_O)        0.137     7.458 r  u_pe2/u_ce/u_ac/u_rt/u_purge/vv[15]_i_256/O
                         net (fo=1, routed)           0.000     7.458    u_pe2/u_ce/u_ac/u_rt/u_purge/vv[15]_i_256_n_0
    SLICE_X291Y325       CARRY4 (Prop_carry4_S[2]_CO[3])
                                                      0.195     7.653 r  u_pe2/u_ce/u_ac/u_rt/u_purge/vv_reg[15]_i_132/CO[3]
                         net (fo=1, routed)           0.000     7.653    u_pe2/u_ce/u_ac/u_rt/u_purge/vv_reg[15]_i_132_n_0
    SLICE_X291Y326       CARRY4 (Prop_carry4_CI_CO[3])
                                                      0.053     7.706 r  u_pe2/u_ce/u_ac/u_rt/u_purge/vv_reg[15]_i_130/CO[3]
                         net (fo=1, routed)           0.000     7.706    u_pe2/u_ce/u_ac/u_rt/u_purge/vv_reg[15]_i_130_n_0
    SLICE_X291Y327       CARRY4 (Prop_carry4_CI_O[3])
                                                      0.149     7.855 r  u_pe2/u_ce/u_ac/u_rt/u_purge/vv_reg[15]_i_45/O[3]
                         net (fo=2, routed)           0.520     8.375    u_pe2/u_ce/u_ac/u_rt/u_purge/state20_in[29]
    SLICE_X285Y325       LUT4 (Prop_lut4_I0_O)        0.120     8.495 r  u_pe2/u_ce/u_ac/u_rt/u_purge/vv[15]_i_17/O
                         net (fo=1, routed)           0.000     8.495    u_pe2/u_ce/u_ac/u_rt/u_purge/vv[15]_i_17_n_0
    SLICE_X285Y325       CARRY4 (Prop_carry4_S[1]_CO[2])
                                                      0.291     8.786 r  u_pe2/u_ce/u_ac/u_rt/u_purge/vv_reg[15]_i_4/CO[2]
                         net (fo=3, routed)           0.492     9.278    u_pe2/u_ce/u_ac/u_rt/u_purge/vv_short
    SLICE_X277Y333       LUT5 (Prop_lut5_I1_O)        0.129     9.407 r  u_pe2/u_ce/u_ac/u_rt/u_purge/vv[15]_i_1/O
                         net (fo=16, routed)          0.214     9.621    u_pe2/u_ce/u_ac/u_rt/u_purge/vv[0]
    SLICE_X279Y333       FDRE                                         r  u_pe2/u_ce/u_ac/u_rt/u_purge/vv_reg[7]/CE
  -------------------------------------------------------------------    -------------------

                         (clock clk rise edge)        8.000     8.000 r  <hidden>
                                                      0.000     8.000 r  clk
                         net (fo=107069, unset)       0.510     8.510    u_pe2/u_ce/u_ac/u_rt/u_purge/clk
    SLICE_X279Y333       FDRE                                         r  u_pe2/u_ce/u_ac/u_rt/u_purge/vv_reg[7]/C
                         clock pessimism              0.000     8.510    <hidden>
                         clock uncertainty           -0.035     8.475    <hidden>
    SLICE_X279Y333       FDRE (Setup_fdre_C_CE)      -0.201     8.274    u_pe2/u_ce/u_ac/u_rt/u_purge/vv_reg[7]
  -------------------------------------------------------------------
                         required time                          8.274    <hidden>
                         arrival time                          -9.621    <hidden>
  -------------------------------------------------------------------
                         slack                                 -1.347    <hidden>

Slack (VIOLATED) :        -1.347ns  (required time - arrival time)
  Source:                 u_pe2/u_ce/u_ac/u_rt/u_purge/ch_sbase_reg/CLKBWRCLK
                            (rising edge-triggered cell RAMB18E1 clocked by clk  {rise@0.000ns fall@4.000ns period=8.000ns})
  Destination:            u_pe2/u_ce/u_ac/u_rt/u_purge/vv_reg[8]/CE
                            (rising edge-triggered cell FDRE clocked by clk  {rise@0.000ns fall@4.000ns period=8.000ns})
  Path Group:             clk
  Path Type:              Setup (Max at Slow Process Corner)
  Requirement:            8.000ns  (clk rise@8.000ns - clk rise@0.000ns)
  Data Path Delay:        9.084ns  (logic 3.756ns (41.347%)  route 5.328ns (58.653%))
  Logic Levels:           15  (CARRY4=6 LUT3=1 LUT4=3 LUT5=1 LUT6=1 MUXF7=1 MUXF8=1 RAMD64E=1)
  Clock Path Skew:        -0.027ns (DCD - SCD + CPR)
    Destination Clock Delay (DCD):    0.510ns = ( 8.510 - 8.000 ) 
    Source Clock Delay      (SCD):    0.537ns
    Clock Pessimism Removal (CPR):    0.000ns
  Clock Uncertainty:      0.035ns  ((TSJ^2 + TIJ^2)^1/2 + DJ) / 2 + PE
    Total System Jitter     (TSJ):    0.071ns
    Total Input Jitter      (TIJ):    0.000ns
    Discrete Jitter          (DJ):    0.000ns
    Phase Error              (PE):    0.000ns

    Location             Delay type                Incr(ns)  Path(ns)    Netlist Resource(s)
  -------------------------------------------------------------------    -------------------
                         (clock clk rise edge)        0.000     0.000 r  <hidden>
                                                      0.000     0.000 r  clk
                         net (fo=107069, unset)       0.537     0.537    u_pe2/u_ce/u_ac/u_rt/u_purge/clk
    RAMB18_X5Y135        RAMB18E1                                     r  u_pe2/u_ce/u_ac/u_rt/u_purge/ch_sbase_reg/CLKBWRCLK
  -------------------------------------------------------------------    -------------------
    RAMB18_X5Y135        RAMB18E1 (Prop_ramb18e1_CLKBWRCLK_DOBDO[0])
                                                      1.800     2.337 r  u_pe2/u_ce/u_ac/u_rt/u_purge/ch_sbase_reg/DOBDO[0]
                         net (fo=9, routed)           0.801     3.138    u_pe2/u_ce/u_ac/u_rt/u_purge/sbase_r[0]
    SLICE_X291Y338       LUT4 (Prop_lut4_I0_O)        0.043     3.181 r  u_pe2/u_ce/u_ac/u_rt/u_purge/sd_len_reg_r1_0_63_0_2_i_14/O
                         net (fo=1, routed)           0.000     3.181    u_pe2/u_ce/u_ac/u_rt/u_purge/sd_len_reg_r1_0_63_0_2_i_14_n_0
    SLICE_X291Y338       CARRY4 (Prop_carry4_S[0]_CO[3])
                                                      0.259     3.440 r  u_pe2/u_ce/u_ac/u_rt/u_purge/sd_len_reg_r1_0_63_0_2_i_3/CO[3]
                         net (fo=1, routed)           0.000     3.440    u_pe2/u_ce/u_ac/u_rt/u_purge/sd_len_reg_r1_0_63_0_2_i_3_n_0
    SLICE_X291Y339       CARRY4 (Prop_carry4_CI_O[0])
                                                      0.111     3.551 r  u_pe2/u_ce/u_ac/u_rt/u_purge/sd_len_reg_r1_0_63_0_2_i_2/O[0]
                         net (fo=2064, routed)        1.092     4.644    u_pe2/u_ce/u_ac/u_rt/u_purge/sd_len_reg_r1_128_191_12_14/ADDRB4
    SLICE_X316Y349       RAMD64E (Prop_ramd64e_RADR4_O)
                                                      0.124     4.768 r  u_pe2/u_ce/u_ac/u_rt/u_purge/sd_len_reg_r1_128_191_12_14/RAMB/O
                         net (fo=1, routed)           0.916     5.684    u_pe2/u_ce/u_ac/u_rt/u_purge/sd_len_reg_r1_128_191_12_14_n_1
    SLICE_X308Y331       LUT6 (Prop_lut6_I1_O)        0.043     5.727 r  u_pe2/u_ce/u_ac/u_rt/u_purge/vv[15]_i_1053/O
                         net (fo=1, routed)           0.000     5.727    u_pe2/u_ce/u_ac/u_rt/u_purge/vv[15]_i_1053_n_0
    SLICE_X308Y331       MUXF7 (Prop_muxf7_I0_O)      0.120     5.847 r  u_pe2/u_ce/u_ac/u_rt/u_purge/vv_reg[15]_i_744/O
                         net (fo=1, routed)           0.000     5.847    u_pe2/u_ce/u_ac/u_rt/u_purge/vv_reg[15]_i_744_n_0
    SLICE_X308Y331       MUXF8 (Prop_muxf8_I0_O)      0.045     5.892 r  u_pe2/u_ce/u_ac/u_rt/u_purge/vv_reg[15]_i_463/O
                         net (fo=9, routed)           0.825     6.717    u_pe2/u_ce/u_ac/u_rt/u_purge/t_len[13]
    SLICE_X291Y325       LUT3 (Prop_lut3_I1_O)        0.137     6.854 r  u_pe2/u_ce/u_ac/u_rt/u_purge/vv[15]_i_252/O
                         net (fo=2, routed)           0.467     7.321    u_pe2/u_ce/u_ac/u_rt/u_purge/vv[15]_i_252_n_0
    SLICE_X291Y325       LUT4 (Prop_lut4_I3_O)        0.137     7.458 r  u_pe2/u_ce/u_ac/u_rt/u_purge/vv[15]_i_256/O
                         net (fo=1, routed)           0.000     7.458    u_pe2/u_ce/u_ac/u_rt/u_purge/vv[15]_i_256_n_0
    SLICE_X291Y325       CARRY4 (Prop_carry4_S[2]_CO[3])
                                                      0.195     7.653 r  u_pe2/u_ce/u_ac/u_rt/u_purge/vv_reg[15]_i_132/CO[3]
                         net (fo=1, routed)           0.000     7.653    u_pe2/u_ce/u_ac/u_rt/u_purge/vv_reg[15]_i_132_n_0
    SLICE_X291Y326       CARRY4 (Prop_carry4_CI_CO[3])
                                                      0.053     7.706 r  u_pe2/u_ce/u_ac/u_rt/u_purge/vv_reg[15]_i_130/CO[3]
                         net (fo=1, routed)           0.000     7.706    u_pe2/u_ce/u_ac/u_rt/u_purge/vv_reg[15]_i_130_n_0
    SLICE_X291Y327       CARRY4 (Prop_carry4_CI_O[3])
                                                      0.149     7.855 r  u_pe2/u_ce/u_ac/u_rt/u_purge/vv_reg[15]_i_45/O[3]
                         net (fo=2, routed)           0.520     8.375    u_pe2/u_ce/u_ac/u_rt/u_purge/state20_in[29]
    SLICE_X285Y325       LUT4 (Prop_lut4_I0_O)        0.120     8.495 r  u_pe2/u_ce/u_ac/u_rt/u_purge/vv[15]_i_17/O
                         net (fo=1, routed)           0.000     8.495    u_pe2/u_ce/u_ac/u_rt/u_purge/vv[15]_i_17_n_0
    SLICE_X285Y325       CARRY4 (Prop_carry4_S[1]_CO[2])
                                                      0.291     8.786 r  u_pe2/u_ce/u_ac/u_rt/u_purge/vv_reg[15]_i_4/CO[2]
                         net (fo=3, routed)           0.492     9.278    u_pe2/u_ce/u_ac/u_rt/u_purge/vv_short
    SLICE_X277Y333       LUT5 (Prop_lut5_I1_O)        0.129     9.407 r  u_pe2/u_ce/u_ac/u_rt/u_purge/vv[15]_i_1/O
                         net (fo=16, routed)          0.214     9.621    u_pe2/u_ce/u_ac/u_rt/u_purge/vv[0]
    SLICE_X279Y333       FDRE                                         r  u_pe2/u_ce/u_ac/u_rt/u_purge/vv_reg[8]/CE
  -------------------------------------------------------------------    -------------------

                         (clock clk rise edge)        8.000     8.000 r  <hidden>
                                                      0.000     8.000 r  clk
                         net (fo=107069, unset)       0.510     8.510    u_pe2/u_ce/u_ac/u_rt/u_purge/clk
    SLICE_X279Y333       FDRE                                         r  u_pe2/u_ce/u_ac/u_rt/u_purge/vv_reg[8]/C
                         clock pessimism              0.000     8.510    <hidden>
                         clock uncertainty           -0.035     8.475    <hidden>
    SLICE_X279Y333       FDRE (Setup_fdre_C_CE)      -0.201     8.274    u_pe2/u_ce/u_ac/u_rt/u_purge/vv_reg[8]
  -------------------------------------------------------------------
                         required time                          8.274    <hidden>
                         arrival time                          -9.621    <hidden>
  -------------------------------------------------------------------
                         slack                                 -1.347    <hidden>

Slack (VIOLATED) :        -1.347ns  (required time - arrival time)
  Source:                 u_pe2/u_ce/u_ac/u_rt/u_purge/ch_sbase_reg/CLKBWRCLK
                            (rising edge-triggered cell RAMB18E1 clocked by clk  {rise@0.000ns fall@4.000ns period=8.000ns})
  Destination:            u_pe2/u_ce/u_ac/u_rt/u_purge/state_reg[4]/CE
                            (rising edge-triggered cell FDRE clocked by clk  {rise@0.000ns fall@4.000ns period=8.000ns})
  Path Group:             clk
  Path Type:              Setup (Max at Slow Process Corner)
  Requirement:            8.000ns  (clk rise@8.000ns - clk rise@0.000ns)
  Data Path Delay:        9.107ns  (logic 3.756ns (41.245%)  route 5.351ns (58.755%))
  Logic Levels:           15  (CARRY4=6 LUT3=1 LUT4=3 LUT6=2 MUXF7=1 MUXF8=1 RAMD64E=1)
  Clock Path Skew:        -0.027ns (DCD - SCD + CPR)
    Destination Clock Delay (DCD):    0.510ns = ( 8.510 - 8.000 ) 
    Source Clock Delay      (SCD):    0.537ns
    Clock Pessimism Removal (CPR):    0.000ns
  Clock Uncertainty:      0.035ns  ((TSJ^2 + TIJ^2)^1/2 + DJ) / 2 + PE
    Total System Jitter     (TSJ):    0.071ns
    Total Input Jitter      (TIJ):    0.000ns
    Discrete Jitter          (DJ):    0.000ns
    Phase Error              (PE):    0.000ns

    Location             Delay type                Incr(ns)  Path(ns)    Netlist Resource(s)
  -------------------------------------------------------------------    -------------------
                         (clock clk rise edge)        0.000     0.000 r  <hidden>
                                                      0.000     0.000 r  clk
                         net (fo=107069, unset)       0.537     0.537    u_pe2/u_ce/u_ac/u_rt/u_purge/clk
    RAMB18_X5Y135        RAMB18E1                                     r  u_pe2/u_ce/u_ac/u_rt/u_purge/ch_sbase_reg/CLKBWRCLK
  -------------------------------------------------------------------    -------------------
    RAMB18_X5Y135        RAMB18E1 (Prop_ramb18e1_CLKBWRCLK_DOBDO[0])
                                                      1.800     2.337 r  u_pe2/u_ce/u_ac/u_rt/u_purge/ch_sbase_reg/DOBDO[0]
                         net (fo=9, routed)           0.801     3.138    u_pe2/u_ce/u_ac/u_rt/u_purge/sbase_r[0]
    SLICE_X291Y338       LUT4 (Prop_lut4_I0_O)        0.043     3.181 r  u_pe2/u_ce/u_ac/u_rt/u_purge/sd_len_reg_r1_0_63_0_2_i_14/O
                         net (fo=1, routed)           0.000     3.181    u_pe2/u_ce/u_ac/u_rt/u_purge/sd_len_reg_r1_0_63_0_2_i_14_n_0
    SLICE_X291Y338       CARRY4 (Prop_carry4_S[0]_CO[3])
                                                      0.259     3.440 r  u_pe2/u_ce/u_ac/u_rt/u_purge/sd_len_reg_r1_0_63_0_2_i_3/CO[3]
                         net (fo=1, routed)           0.000     3.440    u_pe2/u_ce/u_ac/u_rt/u_purge/sd_len_reg_r1_0_63_0_2_i_3_n_0
    SLICE_X291Y339       CARRY4 (Prop_carry4_CI_O[0])
                                                      0.111     3.551 r  u_pe2/u_ce/u_ac/u_rt/u_purge/sd_len_reg_r1_0_63_0_2_i_2/O[0]
                         net (fo=2064, routed)        1.092     4.644    u_pe2/u_ce/u_ac/u_rt/u_purge/sd_len_reg_r1_128_191_12_14/ADDRB4
    SLICE_X316Y349       RAMD64E (Prop_ramd64e_RADR4_O)
                                                      0.124     4.768 r  u_pe2/u_ce/u_ac/u_rt/u_purge/sd_len_reg_r1_128_191_12_14/RAMB/O
                         net (fo=1, routed)           0.916     5.684    u_pe2/u_ce/u_ac/u_rt/u_purge/sd_len_reg_r1_128_191_12_14_n_1
    SLICE_X308Y331       LUT6 (Prop_lut6_I1_O)        0.043     5.727 r  u_pe2/u_ce/u_ac/u_rt/u_purge/vv[15]_i_1053/O
                         net (fo=1, routed)           0.000     5.727    u_pe2/u_ce/u_ac/u_rt/u_purge/vv[15]_i_1053_n_0
    SLICE_X308Y331       MUXF7 (Prop_muxf7_I0_O)      0.120     5.847 r  u_pe2/u_ce/u_ac/u_rt/u_purge/vv_reg[15]_i_744/O
                         net (fo=1, routed)           0.000     5.847    u_pe2/u_ce/u_ac/u_rt/u_purge/vv_reg[15]_i_744_n_0
    SLICE_X308Y331       MUXF8 (Prop_muxf8_I0_O)      0.045     5.892 r  u_pe2/u_ce/u_ac/u_rt/u_purge/vv_reg[15]_i_463/O
                         net (fo=9, routed)           0.825     6.717    u_pe2/u_ce/u_ac/u_rt/u_purge/t_len[13]
    SLICE_X291Y325       LUT3 (Prop_lut3_I1_O)        0.137     6.854 r  u_pe2/u_ce/u_ac/u_rt/u_purge/vv[15]_i_252/O
                         net (fo=2, routed)           0.467     7.321    u_pe2/u_ce/u_ac/u_rt/u_purge/vv[15]_i_252_n_0
    SLICE_X291Y325       LUT4 (Prop_lut4_I3_O)        0.137     7.458 r  u_pe2/u_ce/u_ac/u_rt/u_purge/vv[15]_i_256/O
                         net (fo=1, routed)           0.000     7.458    u_pe2/u_ce/u_ac/u_rt/u_purge/vv[15]_i_256_n_0
    SLICE_X291Y325       CARRY4 (Prop_carry4_S[2]_CO[3])
                                                      0.195     7.653 r  u_pe2/u_ce/u_ac/u_rt/u_purge/vv_reg[15]_i_132/CO[3]
                         net (fo=1, routed)           0.000     7.653    u_pe2/u_ce/u_ac/u_rt/u_purge/vv_reg[15]_i_132_n_0
    SLICE_X291Y326       CARRY4 (Prop_carry4_CI_CO[3])
                                                      0.053     7.706 r  u_pe2/u_ce/u_ac/u_rt/u_purge/vv_reg[15]_i_130/CO[3]
                         net (fo=1, routed)           0.000     7.706    u_pe2/u_ce/u_ac/u_rt/u_purge/vv_reg[15]_i_130_n_0
    SLICE_X291Y327       CARRY4 (Prop_carry4_CI_O[3])
                                                      0.149     7.855 r  u_pe2/u_ce/u_ac/u_rt/u_purge/vv_reg[15]_i_45/O[3]
                         net (fo=2, routed)           0.520     8.375    u_pe2/u_ce/u_ac/u_rt/u_purge/state20_in[29]
    SLICE_X285Y325       LUT4 (Prop_lut4_I0_O)        0.120     8.495 r  u_pe2/u_ce/u_ac/u_rt/u_purge/vv[15]_i_17/O
                         net (fo=1, routed)           0.000     8.495    u_pe2/u_ce/u_ac/u_rt/u_purge/vv[15]_i_17_n_0
    SLICE_X285Y325       CARRY4 (Prop_carry4_S[1]_CO[2])
                                                      0.291     8.786 f  u_pe2/u_ce/u_ac/u_rt/u_purge/vv_reg[15]_i_4/CO[2]
                         net (fo=3, routed)           0.526     9.312    u_pe2/u_ce/u_ac/u_rt/u_purge/vv_short
    SLICE_X273Y332       LUT6 (Prop_lut6_I2_O)        0.129     9.441 r  u_pe2/u_ce/u_ac/u_rt/u_purge/state[4]_i_1__0_comp/O
                         net (fo=5, routed)           0.202     9.644    u_pe2/u_ce/u_ac/u_rt/u_purge/state[4]_i_1__0_n_0
    SLICE_X274Y331       FDRE                                         r  u_pe2/u_ce/u_ac/u_rt/u_purge/state_reg[4]/CE
  -------------------------------------------------------------------    -------------------

                         (clock clk rise edge)        8.000     8.000 r  <hidden>
                                                      0.000     8.000 r  clk
                         net (fo=107069, unset)       0.510     8.510    u_pe2/u_ce/u_ac/u_rt/u_purge/clk
    SLICE_X274Y331       FDRE                                         r  u_pe2/u_ce/u_ac/u_rt/u_purge/state_reg[4]/C
                         clock pessimism              0.000     8.510    <hidden>
                         clock uncertainty           -0.035     8.475    <hidden>
    SLICE_X274Y331       FDRE (Setup_fdre_C_CE)      -0.178     8.297    u_pe2/u_ce/u_ac/u_rt/u_purge/state_reg[4]
  -------------------------------------------------------------------
                         required time                          8.297    <hidden>
                         arrival time                          -9.644    <hidden>
  -------------------------------------------------------------------
                         slack                                 -1.347    <hidden>

Slack (VIOLATED) :        -1.346ns  (required time - arrival time)
  Source:                 u_pe2/u_swshared/u_bsw/u_fsm/t_idx_reg[3]/C
                            (rising edge-triggered cell FDRE clocked by clk  {rise@0.000ns fall@4.000ns period=8.000ns})
  Destination:            u_pe2/u_swshared/u_bsw/u_array/g_pe[0].u_pe/F_out_reg_reg[8]/D
                            (rising edge-triggered cell FDRE clocked by clk  {rise@0.000ns fall@4.000ns period=8.000ns})
  Path Group:             clk
  Path Type:              Setup (Max at Slow Process Corner)
  Requirement:            8.000ns  (clk rise@8.000ns - clk rise@0.000ns)
  Data Path Delay:        9.318ns  (logic 2.551ns (27.377%)  route 6.767ns (72.623%))
  Logic Levels:           20  (CARRY4=7 LUT2=3 LUT3=1 LUT5=2 LUT6=4 MUXF7=1 MUXF8=2)
  Clock Path Skew:        -0.027ns (DCD - SCD + CPR)
    Destination Clock Delay (DCD):    0.510ns = ( 8.510 - 8.000 ) 
    Source Clock Delay      (SCD):    0.537ns
    Clock Pessimism Removal (CPR):    0.000ns
  Clock Uncertainty:      0.035ns  ((TSJ^2 + TIJ^2)^1/2 + DJ) / 2 + PE
    Total System Jitter     (TSJ):    0.071ns
    Total Input Jitter      (TIJ):    0.000ns
    Discrete Jitter          (DJ):    0.000ns
    Phase Error              (PE):    0.000ns

    Location             Delay type                Incr(ns)  Path(ns)    Netlist Resource(s)
  -------------------------------------------------------------------    -------------------
                         (clock clk rise edge)        0.000     0.000 r  <hidden>
                                                      0.000     0.000 r  clk
                         net (fo=107069, unset)       0.537     0.537    u_pe2/u_swshared/u_bsw/u_fsm/clk
    SLICE_X217Y263       FDRE                                         r  u_pe2/u_swshared/u_bsw/u_fsm/t_idx_reg[3]/C
  -------------------------------------------------------------------    -------------------
    SLICE_X217Y263       FDRE (Prop_fdre_C_Q)         0.223     0.760 r  u_pe2/u_swshared/u_bsw/u_fsm/t_idx_reg[3]/Q
                         net (fo=196, routed)         1.187     1.947    u_pe2/u_swshared/u_bsw/u_fsm/t_idx_reg_n_0_[3]
    SLICE_X187Y278       MUXF8 (Prop_muxf8_S_O)       0.141     2.088 f  u_pe2/u_swshared/u_bsw/u_fsm/target_q_reg[2]_i_95/O
                         net (fo=1, routed)           0.561     2.649    u_pe2/u_swshared/u_bsw/u_fsm/target_q_reg[2]_i_95_n_0
    SLICE_X187Y267       LUT6 (Prop_lut6_I5_O)        0.126     2.775 f  u_pe2/u_swshared/u_bsw/u_fsm/target_q[2]_i_31/O
                         net (fo=1, routed)           0.000     2.775    u_pe2/u_swshared/u_bsw/u_fsm/target_q[2]_i_31_n_0
    SLICE_X187Y267       MUXF7 (Prop_muxf7_I1_O)      0.108     2.883 f  u_pe2/u_swshared/u_bsw/u_fsm/target_q_reg[2]_i_15/O
                         net (fo=1, routed)           0.000     2.883    u_pe2/u_swshared/u_bsw/u_fsm/target_q_reg[2]_i_15_n_0
    SLICE_X187Y267       MUXF8 (Prop_muxf8_I1_O)      0.043     2.926 f  u_pe2/u_swshared/u_bsw/u_fsm/target_q_reg[2]_i_7/O
                         net (fo=1, routed)           1.061     3.987    u_pe2/u_swshared/u_bsw/u_fsm/target_q_reg[2]_i_7_n_0
    SLICE_X243Y256       LUT6 (Prop_lut6_I5_O)        0.126     4.113 f  u_pe2/u_swshared/u_bsw/u_fsm/target_q[2]_i_3/O
                         net (fo=1, routed)           0.547     4.660    u_pe2/u_swshared/u_bsw/u_fsm/target_q[2]
    SLICE_X257Y247       LUT2 (Prop_lut2_I1_O)        0.043     4.703 f  u_pe2/u_swshared/u_bsw/u_fsm/target_q[2]_i_2/O
                         net (fo=4, routed)           0.525     5.228    u_pe2/u_swshared/u_bsw/u_array/g_pe[0].u_pe/target_q_reg[2]_1[2]
    SLICE_X265Y244       LUT6 (Prop_lut6_I4_O)        0.043     5.271 r  u_pe2/u_swshared/u_bsw/u_array/g_pe[0].u_pe/H_curr_reg[3]_i_5__157/O
                         net (fo=3, routed)           0.202     5.474    u_pe2/u_swshared/u_bsw/u_array/g_pe[0].u_pe/DI[0]
    SLICE_X267Y243       LUT2 (Prop_lut2_I0_O)        0.043     5.517 r  u_pe2/u_swshared/u_bsw/u_array/g_pe[0].u_pe/H_curr_reg[3]_i_6__157/O
                         net (fo=1, routed)           0.000     5.517    u_pe2/u_swshared/u_bsw/u_fsm/H_curr_reg_reg[3]_314[1]
    SLICE_X267Y243       CARRY4 (Prop_carry4_S[3]_CO[3])
                                                      0.193     5.710 r  u_pe2/u_swshared/u_bsw/u_fsm/H_curr_reg_reg[3]_i_3/CO[3]
                         net (fo=1, routed)           0.000     5.710    u_pe2/u_swshared/u_bsw/u_fsm/H_curr_reg_reg[3]_i_3_n_0
    SLICE_X267Y244       CARRY4 (Prop_carry4_CI_CO[3])
                                                      0.053     5.763 r  u_pe2/u_swshared/u_bsw/u_fsm/H_curr_reg_reg[7]_i_3/CO[3]
                         net (fo=1, routed)           0.000     5.763    u_pe2/u_swshared/u_bsw/u_fsm/H_curr_reg_reg[7]_i_3_n_0
    SLICE_X267Y245       CARRY4 (Prop_carry4_CI_O[3])
                                                      0.149     5.912 r  u_pe2/u_swshared/u_bsw/u_fsm/H_curr_reg_reg[11]_i_3/O[3]
                         net (fo=8, routed)           0.426     6.338    u_pe2/u_swshared/u_bsw/u_fsm/H_curr_reg_reg[11]_i_3_n_4
    SLICE_X271Y246       LUT5 (Prop_lut5_I2_O)        0.120     6.458 r  u_pe2/u_swshared/u_bsw/u_fsm/H_curr_reg[15]_i_46/O
                         net (fo=1, routed)           0.000     6.458    u_pe2/u_swshared/u_bsw/u_fsm/H_curr_reg[15]_i_46_n_0
    SLICE_X271Y246       CARRY4 (Prop_carry4_S[1]_CO[3])
                                                      0.267     6.725 r  u_pe2/u_swshared/u_bsw/u_fsm/H_curr_reg_reg[15]_i_10/CO[3]
                         net (fo=49, routed)          0.517     7.242    u_pe2/u_swshared/u_bsw/u_fsm/E_reg_reg[15][0]
    SLICE_X274Y247       LUT3 (Prop_lut3_I1_O)        0.043     7.285 r  u_pe2/u_swshared/u_bsw/u_fsm/H_curr_reg[15]_i_4/O
                         net (fo=61, routed)          0.411     7.695    u_pe2/u_swshared/u_bsw/u_fsm/H_curr_reg[15]_i_4_n_0
    SLICE_X272Y243       LUT5 (Prop_lut5_I4_O)        0.043     7.738 r  u_pe2/u_swshared/u_bsw/u_fsm/E_reg[7]_i_6/O
                         net (fo=2, routed)           0.385     8.123    u_pe2/u_swshared/u_bsw/u_fsm/u_array/g_pe[0].u_pe/E_reg7[5]
    SLICE_X276Y244       CARRY4 (Prop_carry4_DI[1]_CO[3])
                                                      0.250     8.373 r  u_pe2/u_swshared/u_bsw/u_fsm/F_out_reg_reg[7]_i_2/CO[3]
                         net (fo=1, routed)           0.000     8.373    u_pe2/u_swshared/u_bsw/u_fsm/F_out_reg_reg[7]_i_2_n_0
    SLICE_X276Y245       CARRY4 (Prop_carry4_CI_O[0])
                                                      0.111     8.484 f  u_pe2/u_swshared/u_bsw/u_fsm/F_out_reg_reg[11]_i_2/O[0]
                         net (fo=5, routed)           0.411     8.896    u_pe2/u_swshared/u_bsw/u_fsm/u_array/g_pe[0].u_pe/F_out_reg62_in[8]
    SLICE_X277Y247       LUT2 (Prop_lut2_I0_O)        0.124     9.020 r  u_pe2/u_swshared/u_bsw/u_fsm/F_out_reg[15]_i_19/O
                         net (fo=1, routed)           0.000     9.020    u_pe2/u_swshared/u_bsw/u_fsm/F_out_reg[15]_i_19_n_0
    SLICE_X277Y247       CARRY4 (Prop_carry4_S[0]_CO[3])
                                                      0.259     9.279 r  u_pe2/u_swshared/u_bsw/u_fsm/F_out_reg_reg[15]_i_3/CO[3]
                         net (fo=16, routed)          0.533     9.812    u_pe2/u_swshared/u_bsw/u_fsm/F_out_reg_reg[15]_i_3_n_0
    SLICE_X279Y246       LUT6 (Prop_lut6_I1_O)        0.043     9.855 r  u_pe2/u_swshared/u_bsw/u_fsm/F_out_reg[8]_i_1/O
                         net (fo=1, routed)           0.000     9.855    u_pe2/u_swshared/u_bsw/u_array/g_pe[0].u_pe/F_out_reg_reg[15]_1[8]
    SLICE_X279Y246       FDRE                                         r  u_pe2/u_swshared/u_bsw/u_array/g_pe[0].u_pe/F_out_reg_reg[8]/D
  -------------------------------------------------------------------    -------------------

                         (clock clk rise edge)        8.000     8.000 r  <hidden>
                                                      0.000     8.000 r  clk
                         net (fo=107069, unset)       0.510     8.510    u_pe2/u_swshared/u_bsw/u_array/g_pe[0].u_pe/clk
    SLICE_X279Y246       FDRE                                         r  u_pe2/u_swshared/u_bsw/u_array/g_pe[0].u_pe/F_out_reg_reg[8]/C
                         clock pessimism              0.000     8.510    <hidden>
                         clock uncertainty           -0.035     8.475    <hidden>
    SLICE_X279Y246       FDRE (Setup_fdre_C_D)        0.034     8.509    u_pe2/u_swshared/u_bsw/u_array/g_pe[0].u_pe/F_out_reg_reg[8]
  -------------------------------------------------------------------
                         required time                          8.509    <hidden>
                         arrival time                          -9.855    <hidden>
  -------------------------------------------------------------------
                         slack                                 -1.346    <hidden>

Slack (VIOLATED) :        -1.346ns  (required time - arrival time)
  Source:                 u_pe2/u_swshared/u_bsw/u_fsm/t_idx_reg[3]/C
                            (rising edge-triggered cell FDRE clocked by clk  {rise@0.000ns fall@4.000ns period=8.000ns})
  Destination:            u_pe2/u_swshared/u_bsw/u_array/g_pe[0].u_pe/E_reg_reg[13]/D
                            (rising edge-triggered cell FDRE clocked by clk  {rise@0.000ns fall@4.000ns period=8.000ns})
  Path Group:             clk
  Path Type:              Setup (Max at Slow Process Corner)
  Requirement:            8.000ns  (clk rise@8.000ns - clk rise@0.000ns)
  Data Path Delay:        9.318ns  (logic 2.586ns (27.754%)  route 6.732ns (72.246%))
  Logic Levels:           21  (CARRY4=8 LUT2=2 LUT3=1 LUT4=1 LUT5=2 LUT6=4 MUXF7=1 MUXF8=2)
  Clock Path Skew:        -0.027ns (DCD - SCD + CPR)
    Destination Clock Delay (DCD):    0.510ns = ( 8.510 - 8.000 ) 
    Source Clock Delay      (SCD):    0.537ns
    Clock Pessimism Removal (CPR):    0.000ns
  Clock Uncertainty:      0.035ns  ((TSJ^2 + TIJ^2)^1/2 + DJ) / 2 + PE
    Total System Jitter     (TSJ):    0.071ns
    Total Input Jitter      (TIJ):    0.000ns
    Discrete Jitter          (DJ):    0.000ns
    Phase Error              (PE):    0.000ns

    Location             Delay type                Incr(ns)  Path(ns)    Netlist Resource(s)
  -------------------------------------------------------------------    -------------------
                         (clock clk rise edge)        0.000     0.000 r  <hidden>
                                                      0.000     0.000 r  clk
                         net (fo=107069, unset)       0.537     0.537    u_pe2/u_swshared/u_bsw/u_fsm/clk
    SLICE_X217Y263       FDRE                                         r  u_pe2/u_swshared/u_bsw/u_fsm/t_idx_reg[3]/C
  -------------------------------------------------------------------    -------------------
    SLICE_X217Y263       FDRE (Prop_fdre_C_Q)         0.223     0.760 r  u_pe2/u_swshared/u_bsw/u_fsm/t_idx_reg[3]/Q
                         net (fo=196, routed)         1.187     1.947    u_pe2/u_swshared/u_bsw/u_fsm/t_idx_reg_n_0_[3]
    SLICE_X187Y278       MUXF8 (Prop_muxf8_S_O)       0.141     2.088 f  u_pe2/u_swshared/u_bsw/u_fsm/target_q_reg[2]_i_95/O
                         net (fo=1, routed)           0.561     2.649    u_pe2/u_swshared/u_bsw/u_fsm/target_q_reg[2]_i_95_n_0
    SLICE_X187Y267       LUT6 (Prop_lut6_I5_O)        0.126     2.775 f  u_pe2/u_swshared/u_bsw/u_fsm/target_q[2]_i_31/O
                         net (fo=1, routed)           0.000     2.775    u_pe2/u_swshared/u_bsw/u_fsm/target_q[2]_i_31_n_0
    SLICE_X187Y267       MUXF7 (Prop_muxf7_I1_O)      0.108     2.883 f  u_pe2/u_swshared/u_bsw/u_fsm/target_q_reg[2]_i_15/O
                         net (fo=1, routed)           0.000     2.883    u_pe2/u_swshared/u_bsw/u_fsm/target_q_reg[2]_i_15_n_0
    SLICE_X187Y267       MUXF8 (Prop_muxf8_I1_O)      0.043     2.926 f  u_pe2/u_swshared/u_bsw/u_fsm/target_q_reg[2]_i_7/O
                         net (fo=1, routed)           1.061     3.987    u_pe2/u_swshared/u_bsw/u_fsm/target_q_reg[2]_i_7_n_0
    SLICE_X243Y256       LUT6 (Prop_lut6_I5_O)        0.126     4.113 f  u_pe2/u_swshared/u_bsw/u_fsm/target_q[2]_i_3/O
                         net (fo=1, routed)           0.547     4.660    u_pe2/u_swshared/u_bsw/u_fsm/target_q[2]
    SLICE_X257Y247       LUT2 (Prop_lut2_I1_O)        0.043     4.703 f  u_pe2/u_swshared/u_bsw/u_fsm/target_q[2]_i_2/O
                         net (fo=4, routed)           0.525     5.228    u_pe2/u_swshared/u_bsw/u_array/g_pe[0].u_pe/target_q_reg[2]_1[2]
    SLICE_X265Y244       LUT6 (Prop_lut6_I4_O)        0.043     5.271 r  u_pe2/u_swshared/u_bsw/u_array/g_pe[0].u_pe/H_curr_reg[3]_i_5__157/O
                         net (fo=3, routed)           0.202     5.474    u_pe2/u_swshared/u_bsw/u_array/g_pe[0].u_pe/DI[0]
    SLICE_X267Y243       LUT2 (Prop_lut2_I0_O)        0.043     5.517 r  u_pe2/u_swshared/u_bsw/u_array/g_pe[0].u_pe/H_curr_reg[3]_i_6__157/O
                         net (fo=1, routed)           0.000     5.517    u_pe2/u_swshared/u_bsw/u_fsm/H_curr_reg_reg[3]_314[1]
    SLICE_X267Y243       CARRY4 (Prop_carry4_S[3]_CO[3])
                                                      0.193     5.710 r  u_pe2/u_swshared/u_bsw/u_fsm/H_curr_reg_reg[3]_i_3/CO[3]
                         net (fo=1, routed)           0.000     5.710    u_pe2/u_swshared/u_bsw/u_fsm/H_curr_reg_reg[3]_i_3_n_0
    SLICE_X267Y244       CARRY4 (Prop_carry4_CI_CO[3])
                                                      0.053     5.763 r  u_pe2/u_swshared/u_bsw/u_fsm/H_curr_reg_reg[7]_i_3/CO[3]
                         net (fo=1, routed)           0.000     5.763    u_pe2/u_swshared/u_bsw/u_fsm/H_curr_reg_reg[7]_i_3_n_0
    SLICE_X267Y245       CARRY4 (Prop_carry4_CI_O[3])
                                                      0.149     5.912 r  u_pe2/u_swshared/u_bsw/u_fsm/H_curr_reg_reg[11]_i_3/O[3]
                         net (fo=8, routed)           0.426     6.338    u_pe2/u_swshared/u_bsw/u_fsm/H_curr_reg_reg[11]_i_3_n_4
    SLICE_X271Y246       LUT5 (Prop_lut5_I2_O)        0.120     6.458 r  u_pe2/u_swshared/u_bsw/u_fsm/H_curr_reg[15]_i_46/O
                         net (fo=1, routed)           0.000     6.458    u_pe2/u_swshared/u_bsw/u_fsm/H_curr_reg[15]_i_46_n_0
    SLICE_X271Y246       CARRY4 (Prop_carry4_S[1]_CO[3])
                                                      0.267     6.725 r  u_pe2/u_swshared/u_bsw/u_fsm/H_curr_reg_reg[15]_i_10/CO[3]
                         net (fo=49, routed)          0.517     7.242    u_pe2/u_swshared/u_bsw/u_fsm/E_reg_reg[15][0]
    SLICE_X274Y247       LUT3 (Prop_lut3_I1_O)        0.043     7.285 r  u_pe2/u_swshared/u_bsw/u_fsm/H_curr_reg[15]_i_4/O
                         net (fo=61, routed)          0.438     7.723    u_pe2/u_swshared/u_bsw/u_fsm/H_curr_reg[15]_i_4_n_0
    SLICE_X271Y244       LUT5 (Prop_lut5_I4_O)        0.043     7.766 r  u_pe2/u_swshared/u_bsw/u_fsm/E_reg[3]_i_4/O
                         net (fo=2, routed)           0.281     8.047    u_pe2/u_swshared/u_bsw/u_fsm/u_array/g_pe[0].u_pe/E_reg7[3]
    SLICE_X273Y242       CARRY4 (Prop_carry4_DI[3]_CO[3])
                                                      0.190     8.237 r  u_pe2/u_swshared/u_bsw/u_fsm/E_reg_reg[3]_i_2/CO[3]
                         net (fo=1, routed)           0.000     8.237    u_pe2/u_swshared/u_bsw/u_fsm/E_reg_reg[3]_i_2_n_0
    SLICE_X273Y243       CARRY4 (Prop_carry4_CI_CO[3])
                                                      0.053     8.290 r  u_pe2/u_swshared/u_bsw/u_fsm/E_reg_reg[7]_i_2/CO[3]
                         net (fo=1, routed)           0.000     8.290    u_pe2/u_swshared/u_bsw/u_fsm/E_reg_reg[7]_i_2_n_0
    SLICE_X273Y244       CARRY4 (Prop_carry4_CI_O[3])
                                                      0.149     8.439 r  u_pe2/u_swshared/u_bsw/u_fsm/E_reg_reg[11]_i_2/O[3]
                         net (fo=5, routed)           0.483     8.922    u_pe2/u_swshared/u_bsw/u_fsm/u_array/g_pe[0].u_pe/E_reg62_in[11]
    SLICE_X271Y248       LUT4 (Prop_lut4_I0_O)        0.120     9.042 r  u_pe2/u_swshared/u_bsw/u_fsm/E_reg[15]_i_35/O
                         net (fo=1, routed)           0.000     9.042    u_pe2/u_swshared/u_bsw/u_fsm/E_reg[15]_i_35_n_0
    SLICE_X271Y248       CARRY4 (Prop_carry4_S[1]_CO[3])
                                                      0.267     9.309 r  u_pe2/u_swshared/u_bsw/u_fsm/E_reg_reg[15]_i_6/CO[3]
                         net (fo=16, routed)          0.503     9.812    u_pe2/u_swshared/u_bsw/u_fsm/u_array/g_pe[0].u_pe/E_reg5
    SLICE_X275Y248       LUT6 (Prop_lut6_I3_O)        0.043     9.855 r  u_pe2/u_swshared/u_bsw/u_fsm/E_reg[13]_i_1/O
                         net (fo=1, routed)           0.000     9.855    u_pe2/u_swshared/u_bsw/u_array/g_pe[0].u_pe/E_reg_reg[15]_2[13]
    SLICE_X275Y248       FDRE                                         r  u_pe2/u_swshared/u_bsw/u_array/g_pe[0].u_pe/E_reg_reg[13]/D
  -------------------------------------------------------------------    -------------------

                         (clock clk rise edge)        8.000     8.000 r  <hidden>
                                                      0.000     8.000 r  clk
                         net (fo=107069, unset)       0.510     8.510    u_pe2/u_swshared/u_bsw/u_array/g_pe[0].u_pe/clk
    SLICE_X275Y248       FDRE                                         r  u_pe2/u_swshared/u_bsw/u_array/g_pe[0].u_pe/E_reg_reg[13]/C
                         clock pessimism              0.000     8.510    <hidden>
                         clock uncertainty           -0.035     8.475    <hidden>
    SLICE_X275Y248       FDRE (Setup_fdre_C_D)        0.034     8.509    u_pe2/u_swshared/u_bsw/u_array/g_pe[0].u_pe/E_reg_reg[13]
  -------------------------------------------------------------------
                         required time                          8.509    <hidden>
                         arrival time                          -9.855    <hidden>
  -------------------------------------------------------------------
                         slack                                 -1.346    <hidden>

Slack (VIOLATED) :        -1.345ns  (required time - arrival time)
  Source:                 u_pe2/u_ce/u_ac/u_rt/u_purge/ch_sbase_reg/CLKBWRCLK
                            (rising edge-triggered cell RAMB18E1 clocked by clk  {rise@0.000ns fall@4.000ns period=8.000ns})
  Destination:            u_pe2/u_ce/u_ac/u_rt/u_purge/state_reg[0]/CE
                            (rising edge-triggered cell FDRE clocked by clk  {rise@0.000ns fall@4.000ns period=8.000ns})
  Path Group:             clk
  Path Type:              Setup (Max at Slow Process Corner)
  Requirement:            8.000ns  (clk rise@8.000ns - clk rise@0.000ns)
  Data Path Delay:        9.105ns  (logic 3.756ns (41.252%)  route 5.349ns (58.748%))
  Logic Levels:           15  (CARRY4=6 LUT3=1 LUT4=3 LUT6=2 MUXF7=1 MUXF8=1 RAMD64E=1)
  Clock Path Skew:        -0.027ns (DCD - SCD + CPR)
    Destination Clock Delay (DCD):    0.510ns = ( 8.510 - 8.000 ) 
    Source Clock Delay      (SCD):    0.537ns
    Clock Pessimism Removal (CPR):    0.000ns
  Clock Uncertainty:      0.035ns  ((TSJ^2 + TIJ^2)^1/2 + DJ) / 2 + PE
    Total System Jitter     (TSJ):    0.071ns
    Total Input Jitter      (TIJ):    0.000ns
    Discrete Jitter          (DJ):    0.000ns
    Phase Error              (PE):    0.000ns

    Location             Delay type                Incr(ns)  Path(ns)    Netlist Resource(s)
  -------------------------------------------------------------------    -------------------
                         (clock clk rise edge)        0.000     0.000 r  <hidden>
                                                      0.000     0.000 r  clk
                         net (fo=107069, unset)       0.537     0.537    u_pe2/u_ce/u_ac/u_rt/u_purge/clk
    RAMB18_X5Y135        RAMB18E1                                     r  u_pe2/u_ce/u_ac/u_rt/u_purge/ch_sbase_reg/CLKBWRCLK
  -------------------------------------------------------------------    -------------------
    RAMB18_X5Y135        RAMB18E1 (Prop_ramb18e1_CLKBWRCLK_DOBDO[0])
                                                      1.800     2.337 r  u_pe2/u_ce/u_ac/u_rt/u_purge/ch_sbase_reg/DOBDO[0]
                         net (fo=9, routed)           0.801     3.138    u_pe2/u_ce/u_ac/u_rt/u_purge/sbase_r[0]
    SLICE_X291Y338       LUT4 (Prop_lut4_I0_O)        0.043     3.181 r  u_pe2/u_ce/u_ac/u_rt/u_purge/sd_len_reg_r1_0_63_0_2_i_14/O
                         net (fo=1, routed)           0.000     3.181    u_pe2/u_ce/u_ac/u_rt/u_purge/sd_len_reg_r1_0_63_0_2_i_14_n_0
    SLICE_X291Y338       CARRY4 (Prop_carry4_S[0]_CO[3])
                                                      0.259     3.440 r  u_pe2/u_ce/u_ac/u_rt/u_purge/sd_len_reg_r1_0_63_0_2_i_3/CO[3]
                         net (fo=1, routed)           0.000     3.440    u_pe2/u_ce/u_ac/u_rt/u_purge/sd_len_reg_r1_0_63_0_2_i_3_n_0
    SLICE_X291Y339       CARRY4 (Prop_carry4_CI_O[0])
                                                      0.111     3.551 r  u_pe2/u_ce/u_ac/u_rt/u_purge/sd_len_reg_r1_0_63_0_2_i_2/O[0]
                         net (fo=2064, routed)        1.092     4.644    u_pe2/u_ce/u_ac/u_rt/u_purge/sd_len_reg_r1_128_191_12_14/ADDRB4
    SLICE_X316Y349       RAMD64E (Prop_ramd64e_RADR4_O)
                                                      0.124     4.768 r  u_pe2/u_ce/u_ac/u_rt/u_purge/sd_len_reg_r1_128_191_12_14/RAMB/O
                         net (fo=1, routed)           0.916     5.684    u_pe2/u_ce/u_ac/u_rt/u_purge/sd_len_reg_r1_128_191_12_14_n_1
    SLICE_X308Y331       LUT6 (Prop_lut6_I1_O)        0.043     5.727 r  u_pe2/u_ce/u_ac/u_rt/u_purge/vv[15]_i_1053/O
                         net (fo=1, routed)           0.000     5.727    u_pe2/u_ce/u_ac/u_rt/u_purge/vv[15]_i_1053_n_0
    SLICE_X308Y331       MUXF7 (Prop_muxf7_I0_O)      0.120     5.847 r  u_pe2/u_ce/u_ac/u_rt/u_purge/vv_reg[15]_i_744/O
                         net (fo=1, routed)           0.000     5.847    u_pe2/u_ce/u_ac/u_rt/u_purge/vv_reg[15]_i_744_n_0
    SLICE_X308Y331       MUXF8 (Prop_muxf8_I0_O)      0.045     5.892 r  u_pe2/u_ce/u_ac/u_rt/u_purge/vv_reg[15]_i_463/O
                         net (fo=9, routed)           0.825     6.717    u_pe2/u_ce/u_ac/u_rt/u_purge/t_len[13]
    SLICE_X291Y325       LUT3 (Prop_lut3_I1_O)        0.137     6.854 r  u_pe2/u_ce/u_ac/u_rt/u_purge/vv[15]_i_252/O
                         net (fo=2, routed)           0.467     7.321    u_pe2/u_ce/u_ac/u_rt/u_purge/vv[15]_i_252_n_0
    SLICE_X291Y325       LUT4 (Prop_lut4_I3_O)        0.137     7.458 r  u_pe2/u_ce/u_ac/u_rt/u_purge/vv[15]_i_256/O
                         net (fo=1, routed)           0.000     7.458    u_pe2/u_ce/u_ac/u_rt/u_purge/vv[15]_i_256_n_0
    SLICE_X291Y325       CARRY4 (Prop_carry4_S[2]_CO[3])
                                                      0.195     7.653 r  u_pe2/u_ce/u_ac/u_rt/u_purge/vv_reg[15]_i_132/CO[3]
                         net (fo=1, routed)           0.000     7.653    u_pe2/u_ce/u_ac/u_rt/u_purge/vv_reg[15]_i_132_n_0
    SLICE_X291Y326       CARRY4 (Prop_carry4_CI_CO[3])
                                                      0.053     7.706 r  u_pe2/u_ce/u_ac/u_rt/u_purge/vv_reg[15]_i_130/CO[3]
                         net (fo=1, routed)           0.000     7.706    u_pe2/u_ce/u_ac/u_rt/u_purge/vv_reg[15]_i_130_n_0
    SLICE_X291Y327       CARRY4 (Prop_carry4_CI_O[3])
                                                      0.149     7.855 r  u_pe2/u_ce/u_ac/u_rt/u_purge/vv_reg[15]_i_45/O[3]
                         net (fo=2, routed)           0.520     8.375    u_pe2/u_ce/u_ac/u_rt/u_purge/state20_in[29]
    SLICE_X285Y325       LUT4 (Prop_lut4_I0_O)        0.120     8.495 r  u_pe2/u_ce/u_ac/u_rt/u_purge/vv[15]_i_17/O
                         net (fo=1, routed)           0.000     8.495    u_pe2/u_ce/u_ac/u_rt/u_purge/vv[15]_i_17_n_0
    SLICE_X285Y325       CARRY4 (Prop_carry4_S[1]_CO[2])
                                                      0.291     8.786 f  u_pe2/u_ce/u_ac/u_rt/u_purge/vv_reg[15]_i_4/CO[2]
                         net (fo=3, routed)           0.526     9.312    u_pe2/u_ce/u_ac/u_rt/u_purge/vv_short
    SLICE_X273Y332       LUT6 (Prop_lut6_I2_O)        0.129     9.441 r  u_pe2/u_ce/u_ac/u_rt/u_purge/state[4]_i_1__0_comp/O
                         net (fo=5, routed)           0.201     9.642    u_pe2/u_ce/u_ac/u_rt/u_purge/state[4]_i_1__0_n_0
    SLICE_X270Y332       FDRE                                         r  u_pe2/u_ce/u_ac/u_rt/u_purge/state_reg[0]/CE
  -------------------------------------------------------------------    -------------------

                         (clock clk rise edge)        8.000     8.000 r  <hidden>
                                                      0.000     8.000 r  clk
                         net (fo=107069, unset)       0.510     8.510    u_pe2/u_ce/u_ac/u_rt/u_purge/clk
    SLICE_X270Y332       FDRE                                         r  u_pe2/u_ce/u_ac/u_rt/u_purge/state_reg[0]/C
                         clock pessimism              0.000     8.510    <hidden>
                         clock uncertainty           -0.035     8.475    <hidden>
    SLICE_X270Y332       FDRE (Setup_fdre_C_CE)      -0.178     8.297    u_pe2/u_ce/u_ac/u_rt/u_purge/state_reg[0]
  -------------------------------------------------------------------
                         required time                          8.297    <hidden>
                         arrival time                          -9.642    <hidden>
  -------------------------------------------------------------------
                         slack                                 -1.345    <hidden>

Slack (VIOLATED) :        -1.345ns  (required time - arrival time)
  Source:                 u_pe2/u_ce/u_ac/u_rt/u_purge/ch_sbase_reg/CLKBWRCLK
                            (rising edge-triggered cell RAMB18E1 clocked by clk  {rise@0.000ns fall@4.000ns period=8.000ns})
  Destination:            u_pe2/u_ce/u_ac/u_rt/u_purge/state_reg[1]/CE
                            (rising edge-triggered cell FDRE clocked by clk  {rise@0.000ns fall@4.000ns period=8.000ns})
  Path Group:             clk
  Path Type:              Setup (Max at Slow Process Corner)
  Requirement:            8.000ns  (clk rise@8.000ns - clk rise@0.000ns)
  Data Path Delay:        9.105ns  (logic 3.756ns (41.252%)  route 5.349ns (58.748%))
  Logic Levels:           15  (CARRY4=6 LUT3=1 LUT4=3 LUT6=2 MUXF7=1 MUXF8=1 RAMD64E=1)
  Clock Path Skew:        -0.027ns (DCD - SCD + CPR)
    Destination Clock Delay (DCD):    0.510ns = ( 8.510 - 8.000 ) 
    Source Clock Delay      (SCD):    0.537ns
    Clock Pessimism Removal (CPR):    0.000ns
  Clock Uncertainty:      0.035ns  ((TSJ^2 + TIJ^2)^1/2 + DJ) / 2 + PE
    Total System Jitter     (TSJ):    0.071ns
    Total Input Jitter      (TIJ):    0.000ns
    Discrete Jitter          (DJ):    0.000ns
    Phase Error              (PE):    0.000ns

    Location             Delay type                Incr(ns)  Path(ns)    Netlist Resource(s)
  -------------------------------------------------------------------    -------------------
                         (clock clk rise edge)        0.000     0.000 r  <hidden>
                                                      0.000     0.000 r  clk
                         net (fo=107069, unset)       0.537     0.537    u_pe2/u_ce/u_ac/u_rt/u_purge/clk
    RAMB18_X5Y135        RAMB18E1                                     r  u_pe2/u_ce/u_ac/u_rt/u_purge/ch_sbase_reg/CLKBWRCLK
  -------------------------------------------------------------------    -------------------
    RAMB18_X5Y135        RAMB18E1 (Prop_ramb18e1_CLKBWRCLK_DOBDO[0])
                                                      1.800     2.337 r  u_pe2/u_ce/u_ac/u_rt/u_purge/ch_sbase_reg/DOBDO[0]
                         net (fo=9, routed)           0.801     3.138    u_pe2/u_ce/u_ac/u_rt/u_purge/sbase_r[0]
    SLICE_X291Y338       LUT4 (Prop_lut4_I0_O)        0.043     3.181 r  u_pe2/u_ce/u_ac/u_rt/u_purge/sd_len_reg_r1_0_63_0_2_i_14/O
                         net (fo=1, routed)           0.000     3.181    u_pe2/u_ce/u_ac/u_rt/u_purge/sd_len_reg_r1_0_63_0_2_i_14_n_0
    SLICE_X291Y338       CARRY4 (Prop_carry4_S[0]_CO[3])
                                                      0.259     3.440 r  u_pe2/u_ce/u_ac/u_rt/u_purge/sd_len_reg_r1_0_63_0_2_i_3/CO[3]
                         net (fo=1, routed)           0.000     3.440    u_pe2/u_ce/u_ac/u_rt/u_purge/sd_len_reg_r1_0_63_0_2_i_3_n_0
    SLICE_X291Y339       CARRY4 (Prop_carry4_CI_O[0])
                                                      0.111     3.551 r  u_pe2/u_ce/u_ac/u_rt/u_purge/sd_len_reg_r1_0_63_0_2_i_2/O[0]
                         net (fo=2064, routed)        1.092     4.644    u_pe2/u_ce/u_ac/u_rt/u_purge/sd_len_reg_r1_128_191_12_14/ADDRB4
    SLICE_X316Y349       RAMD64E (Prop_ramd64e_RADR4_O)
                                                      0.124     4.768 r  u_pe2/u_ce/u_ac/u_rt/u_purge/sd_len_reg_r1_128_191_12_14/RAMB/O
                         net (fo=1, routed)           0.916     5.684    u_pe2/u_ce/u_ac/u_rt/u_purge/sd_len_reg_r1_128_191_12_14_n_1
    SLICE_X308Y331       LUT6 (Prop_lut6_I1_O)        0.043     5.727 r  u_pe2/u_ce/u_ac/u_rt/u_purge/vv[15]_i_1053/O
                         net (fo=1, routed)           0.000     5.727    u_pe2/u_ce/u_ac/u_rt/u_purge/vv[15]_i_1053_n_0
    SLICE_X308Y331       MUXF7 (Prop_muxf7_I0_O)      0.120     5.847 r  u_pe2/u_ce/u_ac/u_rt/u_purge/vv_reg[15]_i_744/O
                         net (fo=1, routed)           0.000     5.847    u_pe2/u_ce/u_ac/u_rt/u_purge/vv_reg[15]_i_744_n_0
    SLICE_X308Y331       MUXF8 (Prop_muxf8_I0_O)      0.045     5.892 r  u_pe2/u_ce/u_ac/u_rt/u_purge/vv_reg[15]_i_463/O
                         net (fo=9, routed)           0.825     6.717    u_pe2/u_ce/u_ac/u_rt/u_purge/t_len[13]
    SLICE_X291Y325       LUT3 (Prop_lut3_I1_O)        0.137     6.854 r  u_pe2/u_ce/u_ac/u_rt/u_purge/vv[15]_i_252/O
                         net (fo=2, routed)           0.467     7.321    u_pe2/u_ce/u_ac/u_rt/u_purge/vv[15]_i_252_n_0
    SLICE_X291Y325       LUT4 (Prop_lut4_I3_O)        0.137     7.458 r  u_pe2/u_ce/u_ac/u_rt/u_purge/vv[15]_i_256/O
                         net (fo=1, routed)           0.000     7.458    u_pe2/u_ce/u_ac/u_rt/u_purge/vv[15]_i_256_n_0
    SLICE_X291Y325       CARRY4 (Prop_carry4_S[2]_CO[3])
                                                      0.195     7.653 r  u_pe2/u_ce/u_ac/u_rt/u_purge/vv_reg[15]_i_132/CO[3]
                         net (fo=1, routed)           0.000     7.653    u_pe2/u_ce/u_ac/u_rt/u_purge/vv_reg[15]_i_132_n_0
    SLICE_X291Y326       CARRY4 (Prop_carry4_CI_CO[3])
                                                      0.053     7.706 r  u_pe2/u_ce/u_ac/u_rt/u_purge/vv_reg[15]_i_130/CO[3]
                         net (fo=1, routed)           0.000     7.706    u_pe2/u_ce/u_ac/u_rt/u_purge/vv_reg[15]_i_130_n_0
    SLICE_X291Y327       CARRY4 (Prop_carry4_CI_O[3])
                                                      0.149     7.855 r  u_pe2/u_ce/u_ac/u_rt/u_purge/vv_reg[15]_i_45/O[3]
                         net (fo=2, routed)           0.520     8.375    u_pe2/u_ce/u_ac/u_rt/u_purge/state20_in[29]
    SLICE_X285Y325       LUT4 (Prop_lut4_I0_O)        0.120     8.495 r  u_pe2/u_ce/u_ac/u_rt/u_purge/vv[15]_i_17/O
                         net (fo=1, routed)           0.000     8.495    u_pe2/u_ce/u_ac/u_rt/u_purge/vv[15]_i_17_n_0
    SLICE_X285Y325       CARRY4 (Prop_carry4_S[1]_CO[2])
                                                      0.291     8.786 f  u_pe2/u_ce/u_ac/u_rt/u_purge/vv_reg[15]_i_4/CO[2]
                         net (fo=3, routed)           0.526     9.312    u_pe2/u_ce/u_ac/u_rt/u_purge/vv_short
    SLICE_X273Y332       LUT6 (Prop_lut6_I2_O)        0.129     9.441 r  u_pe2/u_ce/u_ac/u_rt/u_purge/state[4]_i_1__0_comp/O
                         net (fo=5, routed)           0.201     9.642    u_pe2/u_ce/u_ac/u_rt/u_purge/state[4]_i_1__0_n_0
    SLICE_X270Y332       FDRE                                         r  u_pe2/u_ce/u_ac/u_rt/u_purge/state_reg[1]/CE
  -------------------------------------------------------------------    -------------------

                         (clock clk rise edge)        8.000     8.000 r  <hidden>
                                                      0.000     8.000 r  clk
                         net (fo=107069, unset)       0.510     8.510    u_pe2/u_ce/u_ac/u_rt/u_purge/clk
    SLICE_X270Y332       FDRE                                         r  u_pe2/u_ce/u_ac/u_rt/u_purge/state_reg[1]/C
                         clock pessimism              0.000     8.510    <hidden>
                         clock uncertainty           -0.035     8.475    <hidden>
    SLICE_X270Y332       FDRE (Setup_fdre_C_CE)      -0.178     8.297    u_pe2/u_ce/u_ac/u_rt/u_purge/state_reg[1]
  -------------------------------------------------------------------
                         required time                          8.297    <hidden>
                         arrival time                          -9.642    <hidden>
  -------------------------------------------------------------------
                         slack                                 -1.345    <hidden>

Slack (VIOLATED) :        -1.345ns  (required time - arrival time)
  Source:                 u_pe2/u_ce/u_ac/u_rt/u_purge/ch_sbase_reg/CLKBWRCLK
                            (rising edge-triggered cell RAMB18E1 clocked by clk  {rise@0.000ns fall@4.000ns period=8.000ns})
  Destination:            u_pe2/u_ce/u_ac/u_rt/u_purge/state_reg[2]/CE
                            (rising edge-triggered cell FDRE clocked by clk  {rise@0.000ns fall@4.000ns period=8.000ns})
  Path Group:             clk
  Path Type:              Setup (Max at Slow Process Corner)
  Requirement:            8.000ns  (clk rise@8.000ns - clk rise@0.000ns)
  Data Path Delay:        9.105ns  (logic 3.756ns (41.252%)  route 5.349ns (58.748%))
  Logic Levels:           15  (CARRY4=6 LUT3=1 LUT4=3 LUT6=2 MUXF7=1 MUXF8=1 RAMD64E=1)
  Clock Path Skew:        -0.027ns (DCD - SCD + CPR)
    Destination Clock Delay (DCD):    0.510ns = ( 8.510 - 8.000 ) 
    Source Clock Delay      (SCD):    0.537ns
    Clock Pessimism Removal (CPR):    0.000ns
  Clock Uncertainty:      0.035ns  ((TSJ^2 + TIJ^2)^1/2 + DJ) / 2 + PE
    Total System Jitter     (TSJ):    0.071ns
    Total Input Jitter      (TIJ):    0.000ns
    Discrete Jitter          (DJ):    0.000ns
    Phase Error              (PE):    0.000ns

    Location             Delay type                Incr(ns)  Path(ns)    Netlist Resource(s)
  -------------------------------------------------------------------    -------------------
                         (clock clk rise edge)        0.000     0.000 r  <hidden>
                                                      0.000     0.000 r  clk
                         net (fo=107069, unset)       0.537     0.537    u_pe2/u_ce/u_ac/u_rt/u_purge/clk
    RAMB18_X5Y135        RAMB18E1                                     r  u_pe2/u_ce/u_ac/u_rt/u_purge/ch_sbase_reg/CLKBWRCLK
  -------------------------------------------------------------------    -------------------
    RAMB18_X5Y135        RAMB18E1 (Prop_ramb18e1_CLKBWRCLK_DOBDO[0])
                                                      1.800     2.337 r  u_pe2/u_ce/u_ac/u_rt/u_purge/ch_sbase_reg/DOBDO[0]
                         net (fo=9, routed)           0.801     3.138    u_pe2/u_ce/u_ac/u_rt/u_purge/sbase_r[0]
    SLICE_X291Y338       LUT4 (Prop_lut4_I0_O)        0.043     3.181 r  u_pe2/u_ce/u_ac/u_rt/u_purge/sd_len_reg_r1_0_63_0_2_i_14/O
                         net (fo=1, routed)           0.000     3.181    u_pe2/u_ce/u_ac/u_rt/u_purge/sd_len_reg_r1_0_63_0_2_i_14_n_0
    SLICE_X291Y338       CARRY4 (Prop_carry4_S[0]_CO[3])
                                                      0.259     3.440 r  u_pe2/u_ce/u_ac/u_rt/u_purge/sd_len_reg_r1_0_63_0_2_i_3/CO[3]
                         net (fo=1, routed)           0.000     3.440    u_pe2/u_ce/u_ac/u_rt/u_purge/sd_len_reg_r1_0_63_0_2_i_3_n_0
    SLICE_X291Y339       CARRY4 (Prop_carry4_CI_O[0])
                                                      0.111     3.551 r  u_pe2/u_ce/u_ac/u_rt/u_purge/sd_len_reg_r1_0_63_0_2_i_2/O[0]
                         net (fo=2064, routed)        1.092     4.644    u_pe2/u_ce/u_ac/u_rt/u_purge/sd_len_reg_r1_128_191_12_14/ADDRB4
    SLICE_X316Y349       RAMD64E (Prop_ramd64e_RADR4_O)
                                                      0.124     4.768 r  u_pe2/u_ce/u_ac/u_rt/u_purge/sd_len_reg_r1_128_191_12_14/RAMB/O
                         net (fo=1, routed)           0.916     5.684    u_pe2/u_ce/u_ac/u_rt/u_purge/sd_len_reg_r1_128_191_12_14_n_1
    SLICE_X308Y331       LUT6 (Prop_lut6_I1_O)        0.043     5.727 r  u_pe2/u_ce/u_ac/u_rt/u_purge/vv[15]_i_1053/O
                         net (fo=1, routed)           0.000     5.727    u_pe2/u_ce/u_ac/u_rt/u_purge/vv[15]_i_1053_n_0
    SLICE_X308Y331       MUXF7 (Prop_muxf7_I0_O)      0.120     5.847 r  u_pe2/u_ce/u_ac/u_rt/u_purge/vv_reg[15]_i_744/O
                         net (fo=1, routed)           0.000     5.847    u_pe2/u_ce/u_ac/u_rt/u_purge/vv_reg[15]_i_744_n_0
    SLICE_X308Y331       MUXF8 (Prop_muxf8_I0_O)      0.045     5.892 r  u_pe2/u_ce/u_ac/u_rt/u_purge/vv_reg[15]_i_463/O
                         net (fo=9, routed)           0.825     6.717    u_pe2/u_ce/u_ac/u_rt/u_purge/t_len[13]
    SLICE_X291Y325       LUT3 (Prop_lut3_I1_O)        0.137     6.854 r  u_pe2/u_ce/u_ac/u_rt/u_purge/vv[15]_i_252/O
                         net (fo=2, routed)           0.467     7.321    u_pe2/u_ce/u_ac/u_rt/u_purge/vv[15]_i_252_n_0
    SLICE_X291Y325       LUT4 (Prop_lut4_I3_O)        0.137     7.458 r  u_pe2/u_ce/u_ac/u_rt/u_purge/vv[15]_i_256/O
                         net (fo=1, routed)           0.000     7.458    u_pe2/u_ce/u_ac/u_rt/u_purge/vv[15]_i_256_n_0
    SLICE_X291Y325       CARRY4 (Prop_carry4_S[2]_CO[3])
                                                      0.195     7.653 r  u_pe2/u_ce/u_ac/u_rt/u_purge/vv_reg[15]_i_132/CO[3]
                         net (fo=1, routed)           0.000     7.653    u_pe2/u_ce/u_ac/u_rt/u_purge/vv_reg[15]_i_132_n_0
    SLICE_X291Y326       CARRY4 (Prop_carry4_CI_CO[3])
                                                      0.053     7.706 r  u_pe2/u_ce/u_ac/u_rt/u_purge/vv_reg[15]_i_130/CO[3]
                         net (fo=1, routed)           0.000     7.706    u_pe2/u_ce/u_ac/u_rt/u_purge/vv_reg[15]_i_130_n_0
    SLICE_X291Y327       CARRY4 (Prop_carry4_CI_O[3])
                                                      0.149     7.855 r  u_pe2/u_ce/u_ac/u_rt/u_purge/vv_reg[15]_i_45/O[3]
                         net (fo=2, routed)           0.520     8.375    u_pe2/u_ce/u_ac/u_rt/u_purge/state20_in[29]
    SLICE_X285Y325       LUT4 (Prop_lut4_I0_O)        0.120     8.495 r  u_pe2/u_ce/u_ac/u_rt/u_purge/vv[15]_i_17/O
                         net (fo=1, routed)           0.000     8.495    u_pe2/u_ce/u_ac/u_rt/u_purge/vv[15]_i_17_n_0
    SLICE_X285Y325       CARRY4 (Prop_carry4_S[1]_CO[2])
                                                      0.291     8.786 f  u_pe2/u_ce/u_ac/u_rt/u_purge/vv_reg[15]_i_4/CO[2]
                         net (fo=3, routed)           0.526     9.312    u_pe2/u_ce/u_ac/u_rt/u_purge/vv_short
    SLICE_X273Y332       LUT6 (Prop_lut6_I2_O)        0.129     9.441 r  u_pe2/u_ce/u_ac/u_rt/u_purge/state[4]_i_1__0_comp/O
                         net (fo=5, routed)           0.201     9.642    u_pe2/u_ce/u_ac/u_rt/u_purge/state[4]_i_1__0_n_0
    SLICE_X270Y332       FDRE                                         r  u_pe2/u_ce/u_ac/u_rt/u_purge/state_reg[2]/CE
  -------------------------------------------------------------------    -------------------

                         (clock clk rise edge)        8.000     8.000 r  <hidden>
                                                      0.000     8.000 r  clk
                         net (fo=107069, unset)       0.510     8.510    u_pe2/u_ce/u_ac/u_rt/u_purge/clk
    SLICE_X270Y332       FDRE                                         r  u_pe2/u_ce/u_ac/u_rt/u_purge/state_reg[2]/C
                         clock pessimism              0.000     8.510    <hidden>
                         clock uncertainty           -0.035     8.475    <hidden>
    SLICE_X270Y332       FDRE (Setup_fdre_C_CE)      -0.178     8.297    u_pe2/u_ce/u_ac/u_rt/u_purge/state_reg[2]
  -------------------------------------------------------------------
                         required time                          8.297    <hidden>
                         arrival time                          -9.642    <hidden>
  -------------------------------------------------------------------
                         slack                                 -1.345    <hidden>

Slack (VIOLATED) :        -1.345ns  (required time - arrival time)
  Source:                 u_pe2/u_ce/u_ac/u_rt/u_purge/ch_sbase_reg/CLKBWRCLK
                            (rising edge-triggered cell RAMB18E1 clocked by clk  {rise@0.000ns fall@4.000ns period=8.000ns})
  Destination:            u_pe2/u_ce/u_ac/u_rt/u_purge/state_reg[3]/CE
                            (rising edge-triggered cell FDRE clocked by clk  {rise@0.000ns fall@4.000ns period=8.000ns})
  Path Group:             clk
  Path Type:              Setup (Max at Slow Process Corner)
  Requirement:            8.000ns  (clk rise@8.000ns - clk rise@0.000ns)
  Data Path Delay:        9.105ns  (logic 3.756ns (41.252%)  route 5.349ns (58.748%))
  Logic Levels:           15  (CARRY4=6 LUT3=1 LUT4=3 LUT6=2 MUXF7=1 MUXF8=1 RAMD64E=1)
  Clock Path Skew:        -0.027ns (DCD - SCD + CPR)
    Destination Clock Delay (DCD):    0.510ns = ( 8.510 - 8.000 ) 
    Source Clock Delay      (SCD):    0.537ns
    Clock Pessimism Removal (CPR):    0.000ns
  Clock Uncertainty:      0.035ns  ((TSJ^2 + TIJ^2)^1/2 + DJ) / 2 + PE
    Total System Jitter     (TSJ):    0.071ns
    Total Input Jitter      (TIJ):    0.000ns
    Discrete Jitter          (DJ):    0.000ns
    Phase Error              (PE):    0.000ns

    Location             Delay type                Incr(ns)  Path(ns)    Netlist Resource(s)
  -------------------------------------------------------------------    -------------------
                         (clock clk rise edge)        0.000     0.000 r  <hidden>
                                                      0.000     0.000 r  clk
                         net (fo=107069, unset)       0.537     0.537    u_pe2/u_ce/u_ac/u_rt/u_purge/clk
    RAMB18_X5Y135        RAMB18E1                                     r  u_pe2/u_ce/u_ac/u_rt/u_purge/ch_sbase_reg/CLKBWRCLK
  -------------------------------------------------------------------    -------------------
    RAMB18_X5Y135        RAMB18E1 (Prop_ramb18e1_CLKBWRCLK_DOBDO[0])
                                                      1.800     2.337 r  u_pe2/u_ce/u_ac/u_rt/u_purge/ch_sbase_reg/DOBDO[0]
                         net (fo=9, routed)           0.801     3.138    u_pe2/u_ce/u_ac/u_rt/u_purge/sbase_r[0]
    SLICE_X291Y338       LUT4 (Prop_lut4_I0_O)        0.043     3.181 r  u_pe2/u_ce/u_ac/u_rt/u_purge/sd_len_reg_r1_0_63_0_2_i_14/O
                         net (fo=1, routed)           0.000     3.181    u_pe2/u_ce/u_ac/u_rt/u_purge/sd_len_reg_r1_0_63_0_2_i_14_n_0
    SLICE_X291Y338       CARRY4 (Prop_carry4_S[0]_CO[3])
                                                      0.259     3.440 r  u_pe2/u_ce/u_ac/u_rt/u_purge/sd_len_reg_r1_0_63_0_2_i_3/CO[3]
                         net (fo=1, routed)           0.000     3.440    u_pe2/u_ce/u_ac/u_rt/u_purge/sd_len_reg_r1_0_63_0_2_i_3_n_0
    SLICE_X291Y339       CARRY4 (Prop_carry4_CI_O[0])
                                                      0.111     3.551 r  u_pe2/u_ce/u_ac/u_rt/u_purge/sd_len_reg_r1_0_63_0_2_i_2/O[0]
                         net (fo=2064, routed)        1.092     4.644    u_pe2/u_ce/u_ac/u_rt/u_purge/sd_len_reg_r1_128_191_12_14/ADDRB4
    SLICE_X316Y349       RAMD64E (Prop_ramd64e_RADR4_O)
                                                      0.124     4.768 r  u_pe2/u_ce/u_ac/u_rt/u_purge/sd_len_reg_r1_128_191_12_14/RAMB/O
                         net (fo=1, routed)           0.916     5.684    u_pe2/u_ce/u_ac/u_rt/u_purge/sd_len_reg_r1_128_191_12_14_n_1
    SLICE_X308Y331       LUT6 (Prop_lut6_I1_O)        0.043     5.727 r  u_pe2/u_ce/u_ac/u_rt/u_purge/vv[15]_i_1053/O
                         net (fo=1, routed)           0.000     5.727    u_pe2/u_ce/u_ac/u_rt/u_purge/vv[15]_i_1053_n_0
    SLICE_X308Y331       MUXF7 (Prop_muxf7_I0_O)      0.120     5.847 r  u_pe2/u_ce/u_ac/u_rt/u_purge/vv_reg[15]_i_744/O
                         net (fo=1, routed)           0.000     5.847    u_pe2/u_ce/u_ac/u_rt/u_purge/vv_reg[15]_i_744_n_0
    SLICE_X308Y331       MUXF8 (Prop_muxf8_I0_O)      0.045     5.892 r  u_pe2/u_ce/u_ac/u_rt/u_purge/vv_reg[15]_i_463/O
                         net (fo=9, routed)           0.825     6.717    u_pe2/u_ce/u_ac/u_rt/u_purge/t_len[13]
    SLICE_X291Y325       LUT3 (Prop_lut3_I1_O)        0.137     6.854 r  u_pe2/u_ce/u_ac/u_rt/u_purge/vv[15]_i_252/O
                         net (fo=2, routed)           0.467     7.321    u_pe2/u_ce/u_ac/u_rt/u_purge/vv[15]_i_252_n_0
    SLICE_X291Y325       LUT4 (Prop_lut4_I3_O)        0.137     7.458 r  u_pe2/u_ce/u_ac/u_rt/u_purge/vv[15]_i_256/O
                         net (fo=1, routed)           0.000     7.458    u_pe2/u_ce/u_ac/u_rt/u_purge/vv[15]_i_256_n_0
    SLICE_X291Y325       CARRY4 (Prop_carry4_S[2]_CO[3])
                                                      0.195     7.653 r  u_pe2/u_ce/u_ac/u_rt/u_purge/vv_reg[15]_i_132/CO[3]
                         net (fo=1, routed)           0.000     7.653    u_pe2/u_ce/u_ac/u_rt/u_purge/vv_reg[15]_i_132_n_0
    SLICE_X291Y326       CARRY4 (Prop_carry4_CI_CO[3])
                                                      0.053     7.706 r  u_pe2/u_ce/u_ac/u_rt/u_purge/vv_reg[15]_i_130/CO[3]
                         net (fo=1, routed)           0.000     7.706    u_pe2/u_ce/u_ac/u_rt/u_purge/vv_reg[15]_i_130_n_0
    SLICE_X291Y327       CARRY4 (Prop_carry4_CI_O[3])
                                                      0.149     7.855 r  u_pe2/u_ce/u_ac/u_rt/u_purge/vv_reg[15]_i_45/O[3]
                         net (fo=2, routed)           0.520     8.375    u_pe2/u_ce/u_ac/u_rt/u_purge/state20_in[29]
    SLICE_X285Y325       LUT4 (Prop_lut4_I0_O)        0.120     8.495 r  u_pe2/u_ce/u_ac/u_rt/u_purge/vv[15]_i_17/O
                         net (fo=1, routed)           0.000     8.495    u_pe2/u_ce/u_ac/u_rt/u_purge/vv[15]_i_17_n_0
    SLICE_X285Y325       CARRY4 (Prop_carry4_S[1]_CO[2])
                                                      0.291     8.786 f  u_pe2/u_ce/u_ac/u_rt/u_purge/vv_reg[15]_i_4/CO[2]
                         net (fo=3, routed)           0.526     9.312    u_pe2/u_ce/u_ac/u_rt/u_purge/vv_short
    SLICE_X273Y332       LUT6 (Prop_lut6_I2_O)        0.129     9.441 r  u_pe2/u_ce/u_ac/u_rt/u_purge/state[4]_i_1__0_comp/O
                         net (fo=5, routed)           0.201     9.642    u_pe2/u_ce/u_ac/u_rt/u_purge/state[4]_i_1__0_n_0
    SLICE_X270Y332       FDRE                                         r  u_pe2/u_ce/u_ac/u_rt/u_purge/state_reg[3]/CE
  -------------------------------------------------------------------    -------------------

                         (clock clk rise edge)        8.000     8.000 r  <hidden>
                                                      0.000     8.000 r  clk
                         net (fo=107069, unset)       0.510     8.510    u_pe2/u_ce/u_ac/u_rt/u_purge/clk
    SLICE_X270Y332       FDRE                                         r  u_pe2/u_ce/u_ac/u_rt/u_purge/state_reg[3]/C
                         clock pessimism              0.000     8.510    <hidden>
                         clock uncertainty           -0.035     8.475    <hidden>
    SLICE_X270Y332       FDRE (Setup_fdre_C_CE)      -0.178     8.297    u_pe2/u_ce/u_ac/u_rt/u_purge/state_reg[3]
  -------------------------------------------------------------------
                         required time                          8.297    <hidden>
                         arrival time                          -9.642    <hidden>
  -------------------------------------------------------------------
                         slack                                 -1.345    <hidden>

Slack (VIOLATED) :        -1.345ns  (required time - arrival time)
  Source:                 u_pe2/u_swshared/u_bsw/u_fsm/t_idx_reg[3]/C
                            (rising edge-triggered cell FDRE clocked by clk  {rise@0.000ns fall@4.000ns period=8.000ns})
  Destination:            u_pe2/u_swshared/u_bsw/u_array/g_pe[0].u_pe/E_reg_reg[14]/D
                            (rising edge-triggered cell FDRE clocked by clk  {rise@0.000ns fall@4.000ns period=8.000ns})
  Path Group:             clk
  Path Type:              Setup (Max at Slow Process Corner)
  Requirement:            8.000ns  (clk rise@8.000ns - clk rise@0.000ns)
  Data Path Delay:        9.316ns  (logic 2.586ns (27.760%)  route 6.730ns (72.240%))
  Logic Levels:           21  (CARRY4=8 LUT2=2 LUT3=1 LUT4=1 LUT5=2 LUT6=4 MUXF7=1 MUXF8=2)
  Clock Path Skew:        -0.027ns (DCD - SCD + CPR)
    Destination Clock Delay (DCD):    0.510ns = ( 8.510 - 8.000 ) 
    Source Clock Delay      (SCD):    0.537ns
    Clock Pessimism Removal (CPR):    0.000ns
  Clock Uncertainty:      0.035ns  ((TSJ^2 + TIJ^2)^1/2 + DJ) / 2 + PE
    Total System Jitter     (TSJ):    0.071ns
    Total Input Jitter      (TIJ):    0.000ns
    Discrete Jitter          (DJ):    0.000ns
    Phase Error              (PE):    0.000ns

    Location             Delay type                Incr(ns)  Path(ns)    Netlist Resource(s)
  -------------------------------------------------------------------    -------------------
                         (clock clk rise edge)        0.000     0.000 r  <hidden>
                                                      0.000     0.000 r  clk
                         net (fo=107069, unset)       0.537     0.537    u_pe2/u_swshared/u_bsw/u_fsm/clk
    SLICE_X217Y263       FDRE                                         r  u_pe2/u_swshared/u_bsw/u_fsm/t_idx_reg[3]/C
  -------------------------------------------------------------------    -------------------
    SLICE_X217Y263       FDRE (Prop_fdre_C_Q)         0.223     0.760 r  u_pe2/u_swshared/u_bsw/u_fsm/t_idx_reg[3]/Q
                         net (fo=196, routed)         1.187     1.947    u_pe2/u_swshared/u_bsw/u_fsm/t_idx_reg_n_0_[3]
    SLICE_X187Y278       MUXF8 (Prop_muxf8_S_O)       0.141     2.088 f  u_pe2/u_swshared/u_bsw/u_fsm/target_q_reg[2]_i_95/O
                         net (fo=1, routed)           0.561     2.649    u_pe2/u_swshared/u_bsw/u_fsm/target_q_reg[2]_i_95_n_0
    SLICE_X187Y267       LUT6 (Prop_lut6_I5_O)        0.126     2.775 f  u_pe2/u_swshared/u_bsw/u_fsm/target_q[2]_i_31/O
                         net (fo=1, routed)           0.000     2.775    u_pe2/u_swshared/u_bsw/u_fsm/target_q[2]_i_31_n_0
    SLICE_X187Y267       MUXF7 (Prop_muxf7_I1_O)      0.108     2.883 f  u_pe2/u_swshared/u_bsw/u_fsm/target_q_reg[2]_i_15/O
                         net (fo=1, routed)           0.000     2.883    u_pe2/u_swshared/u_bsw/u_fsm/target_q_reg[2]_i_15_n_0
    SLICE_X187Y267       MUXF8 (Prop_muxf8_I1_O)      0.043     2.926 f  u_pe2/u_swshared/u_bsw/u_fsm/target_q_reg[2]_i_7/O
                         net (fo=1, routed)           1.061     3.987    u_pe2/u_swshared/u_bsw/u_fsm/target_q_reg[2]_i_7_n_0
    SLICE_X243Y256       LUT6 (Prop_lut6_I5_O)        0.126     4.113 f  u_pe2/u_swshared/u_bsw/u_fsm/target_q[2]_i_3/O
                         net (fo=1, routed)           0.547     4.660    u_pe2/u_swshared/u_bsw/u_fsm/target_q[2]
    SLICE_X257Y247       LUT2 (Prop_lut2_I1_O)        0.043     4.703 f  u_pe2/u_swshared/u_bsw/u_fsm/target_q[2]_i_2/O
                         net (fo=4, routed)           0.525     5.228    u_pe2/u_swshared/u_bsw/u_array/g_pe[0].u_pe/target_q_reg[2]_1[2]
    SLICE_X265Y244       LUT6 (Prop_lut6_I4_O)        0.043     5.271 r  u_pe2/u_swshared/u_bsw/u_array/g_pe[0].u_pe/H_curr_reg[3]_i_5__157/O
                         net (fo=3, routed)           0.202     5.474    u_pe2/u_swshared/u_bsw/u_array/g_pe[0].u_pe/DI[0]
    SLICE_X267Y243       LUT2 (Prop_lut2_I0_O)        0.043     5.517 r  u_pe2/u_swshared/u_bsw/u_array/g_pe[0].u_pe/H_curr_reg[3]_i_6__157/O
                         net (fo=1, routed)           0.000     5.517    u_pe2/u_swshared/u_bsw/u_fsm/H_curr_reg_reg[3]_314[1]
    SLICE_X267Y243       CARRY4 (Prop_carry4_S[3]_CO[3])
                                                      0.193     5.710 r  u_pe2/u_swshared/u_bsw/u_fsm/H_curr_reg_reg[3]_i_3/CO[3]
                         net (fo=1, routed)           0.000     5.710    u_pe2/u_swshared/u_bsw/u_fsm/H_curr_reg_reg[3]_i_3_n_0
    SLICE_X267Y244       CARRY4 (Prop_carry4_CI_CO[3])
                                                      0.053     5.763 r  u_pe2/u_swshared/u_bsw/u_fsm/H_curr_reg_reg[7]_i_3/CO[3]
                         net (fo=1, routed)           0.000     5.763    u_pe2/u_swshared/u_bsw/u_fsm/H_curr_reg_reg[7]_i_3_n_0
    SLICE_X267Y245       CARRY4 (Prop_carry4_CI_O[3])
                                                      0.149     5.912 r  u_pe2/u_swshared/u_bsw/u_fsm/H_curr_reg_reg[11]_i_3/O[3]
                         net (fo=8, routed)           0.426     6.338    u_pe2/u_swshared/u_bsw/u_fsm/H_curr_reg_reg[11]_i_3_n_4
    SLICE_X271Y246       LUT5 (Prop_lut5_I2_O)        0.120     6.458 r  u_pe2/u_swshared/u_bsw/u_fsm/H_curr_reg[15]_i_46/O
                         net (fo=1, routed)           0.000     6.458    u_pe2/u_swshared/u_bsw/u_fsm/H_curr_reg[15]_i_46_n_0
    SLICE_X271Y246       CARRY4 (Prop_carry4_S[1]_CO[3])
                                                      0.267     6.725 r  u_pe2/u_swshared/u_bsw/u_fsm/H_curr_reg_reg[15]_i_10/CO[3]
                         net (fo=49, routed)          0.517     7.242    u_pe2/u_swshared/u_bsw/u_fsm/E_reg_reg[15][0]
    SLICE_X274Y247       LUT3 (Prop_lut3_I1_O)        0.043     7.285 r  u_pe2/u_swshared/u_bsw/u_fsm/H_curr_reg[15]_i_4/O
                         net (fo=61, routed)          0.438     7.723    u_pe2/u_swshared/u_bsw/u_fsm/H_curr_reg[15]_i_4_n_0
    SLICE_X271Y244       LUT5 (Prop_lut5_I4_O)        0.043     7.766 r  u_pe2/u_swshared/u_bsw/u_fsm/E_reg[3]_i_4/O
                         net (fo=2, routed)           0.281     8.047    u_pe2/u_swshared/u_bsw/u_fsm/u_array/g_pe[0].u_pe/E_reg7[3]
    SLICE_X273Y242       CARRY4 (Prop_carry4_DI[3]_CO[3])
                                                      0.190     8.237 r  u_pe2/u_swshared/u_bsw/u_fsm/E_reg_reg[3]_i_2/CO[3]
                         net (fo=1, routed)           0.000     8.237    u_pe2/u_swshared/u_bsw/u_fsm/E_reg_reg[3]_i_2_n_0
    SLICE_X273Y243       CARRY4 (Prop_carry4_CI_CO[3])
                                                      0.053     8.290 r  u_pe2/u_swshared/u_bsw/u_fsm/E_reg_reg[7]_i_2/CO[3]
                         net (fo=1, routed)           0.000     8.290    u_pe2/u_swshared/u_bsw/u_fsm/E_reg_reg[7]_i_2_n_0
    SLICE_X273Y244       CARRY4 (Prop_carry4_CI_O[3])
                                                      0.149     8.439 r  u_pe2/u_swshared/u_bsw/u_fsm/E_reg_reg[11]_i_2/O[3]
                         net (fo=5, routed)           0.483     8.922    u_pe2/u_swshared/u_bsw/u_fsm/u_array/g_pe[0].u_pe/E_reg62_in[11]
    SLICE_X271Y248       LUT4 (Prop_lut4_I0_O)        0.120     9.042 r  u_pe2/u_swshared/u_bsw/u_fsm/E_reg[15]_i_35/O
                         net (fo=1, routed)           0.000     9.042    u_pe2/u_swshared/u_bsw/u_fsm/E_reg[15]_i_35_n_0
    SLICE_X271Y248       CARRY4 (Prop_carry4_S[1]_CO[3])
                                                      0.267     9.309 r  u_pe2/u_swshared/u_bsw/u_fsm/E_reg_reg[15]_i_6/CO[3]
                         net (fo=16, routed)          0.501     9.810    u_pe2/u_swshared/u_bsw/u_fsm/u_array/g_pe[0].u_pe/E_reg5
    SLICE_X275Y248       LUT6 (Prop_lut6_I3_O)        0.043     9.853 r  u_pe2/u_swshared/u_bsw/u_fsm/E_reg[14]_i_1/O
                         net (fo=1, routed)           0.000     9.853    u_pe2/u_swshared/u_bsw/u_array/g_pe[0].u_pe/E_reg_reg[15]_2[14]
    SLICE_X275Y248       FDRE                                         r  u_pe2/u_swshared/u_bsw/u_array/g_pe[0].u_pe/E_reg_reg[14]/D
  -------------------------------------------------------------------    -------------------

                         (clock clk rise edge)        8.000     8.000 r  <hidden>
                                                      0.000     8.000 r  clk
                         net (fo=107069, unset)       0.510     8.510    u_pe2/u_swshared/u_bsw/u_array/g_pe[0].u_pe/clk
    SLICE_X275Y248       FDRE                                         r  u_pe2/u_swshared/u_bsw/u_array/g_pe[0].u_pe/E_reg_reg[14]/C
                         clock pessimism              0.000     8.510    <hidden>
                         clock uncertainty           -0.035     8.475    <hidden>
    SLICE_X275Y248       FDRE (Setup_fdre_C_D)        0.033     8.508    u_pe2/u_swshared/u_bsw/u_array/g_pe[0].u_pe/E_reg_reg[14]
  -------------------------------------------------------------------
                         required time                          8.508    <hidden>
                         arrival time                          -9.853    <hidden>
  -------------------------------------------------------------------
                         slack                                 -1.345    <hidden>

Slack (VIOLATED) :        -1.342ns  (required time - arrival time)
  Source:                 u_pe2/u_swshared/u_bsw/u_fsm/t_idx_reg[3]/C
                            (rising edge-triggered cell FDRE clocked by clk  {rise@0.000ns fall@4.000ns period=8.000ns})
  Destination:            u_pe2/u_swshared/u_bsw/u_array/g_pe[0].u_pe/F_out_reg_reg[10]/D
                            (rising edge-triggered cell FDRE clocked by clk  {rise@0.000ns fall@4.000ns period=8.000ns})
  Path Group:             clk
  Path Type:              Setup (Max at Slow Process Corner)
  Requirement:            8.000ns  (clk rise@8.000ns - clk rise@0.000ns)
  Data Path Delay:        9.344ns  (logic 2.572ns (27.527%)  route 6.772ns (72.473%))
  Logic Levels:           21  (CARRY4=8 LUT2=2 LUT3=1 LUT4=1 LUT5=2 LUT6=4 MUXF7=1 MUXF8=2)
  Clock Path Skew:        -0.027ns (DCD - SCD + CPR)
    Destination Clock Delay (DCD):    0.510ns = ( 8.510 - 8.000 ) 
    Source Clock Delay      (SCD):    0.537ns
    Clock Pessimism Removal (CPR):    0.000ns
  Clock Uncertainty:      0.035ns  ((TSJ^2 + TIJ^2)^1/2 + DJ) / 2 + PE
    Total System Jitter     (TSJ):    0.071ns
    Total Input Jitter      (TIJ):    0.000ns
    Discrete Jitter          (DJ):    0.000ns
    Phase Error              (PE):    0.000ns

    Location             Delay type                Incr(ns)  Path(ns)    Netlist Resource(s)
  -------------------------------------------------------------------    -------------------
                         (clock clk rise edge)        0.000     0.000 r  <hidden>
                                                      0.000     0.000 r  clk
                         net (fo=107069, unset)       0.537     0.537    u_pe2/u_swshared/u_bsw/u_fsm/clk
    SLICE_X217Y263       FDRE                                         r  u_pe2/u_swshared/u_bsw/u_fsm/t_idx_reg[3]/C
  -------------------------------------------------------------------    -------------------
    SLICE_X217Y263       FDRE (Prop_fdre_C_Q)         0.223     0.760 r  u_pe2/u_swshared/u_bsw/u_fsm/t_idx_reg[3]/Q
                         net (fo=196, routed)         1.187     1.947    u_pe2/u_swshared/u_bsw/u_fsm/t_idx_reg_n_0_[3]
    SLICE_X187Y278       MUXF8 (Prop_muxf8_S_O)       0.141     2.088 f  u_pe2/u_swshared/u_bsw/u_fsm/target_q_reg[2]_i_95/O
                         net (fo=1, routed)           0.561     2.649    u_pe2/u_swshared/u_bsw/u_fsm/target_q_reg[2]_i_95_n_0
    SLICE_X187Y267       LUT6 (Prop_lut6_I5_O)        0.126     2.775 f  u_pe2/u_swshared/u_bsw/u_fsm/target_q[2]_i_31/O
                         net (fo=1, routed)           0.000     2.775    u_pe2/u_swshared/u_bsw/u_fsm/target_q[2]_i_31_n_0
    SLICE_X187Y267       MUXF7 (Prop_muxf7_I1_O)      0.108     2.883 f  u_pe2/u_swshared/u_bsw/u_fsm/target_q_reg[2]_i_15/O
                         net (fo=1, routed)           0.000     2.883    u_pe2/u_swshared/u_bsw/u_fsm/target_q_reg[2]_i_15_n_0
    SLICE_X187Y267       MUXF8 (Prop_muxf8_I1_O)      0.043     2.926 f  u_pe2/u_swshared/u_bsw/u_fsm/target_q_reg[2]_i_7/O
                         net (fo=1, routed)           1.061     3.987    u_pe2/u_swshared/u_bsw/u_fsm/target_q_reg[2]_i_7_n_0
    SLICE_X243Y256       LUT6 (Prop_lut6_I5_O)        0.126     4.113 f  u_pe2/u_swshared/u_bsw/u_fsm/target_q[2]_i_3/O
                         net (fo=1, routed)           0.547     4.660    u_pe2/u_swshared/u_bsw/u_fsm/target_q[2]
    SLICE_X257Y247       LUT2 (Prop_lut2_I1_O)        0.043     4.703 f  u_pe2/u_swshared/u_bsw/u_fsm/target_q[2]_i_2/O
                         net (fo=4, routed)           0.525     5.228    u_pe2/u_swshared/u_bsw/u_array/g_pe[0].u_pe/target_q_reg[2]_1[2]
    SLICE_X265Y244       LUT6 (Prop_lut6_I4_O)        0.043     5.271 r  u_pe2/u_swshared/u_bsw/u_array/g_pe[0].u_pe/H_curr_reg[3]_i_5__157/O
                         net (fo=3, routed)           0.202     5.474    u_pe2/u_swshared/u_bsw/u_array/g_pe[0].u_pe/DI[0]
    SLICE_X267Y243       LUT2 (Prop_lut2_I0_O)        0.043     5.517 r  u_pe2/u_swshared/u_bsw/u_array/g_pe[0].u_pe/H_curr_reg[3]_i_6__157/O
                         net (fo=1, routed)           0.000     5.517    u_pe2/u_swshared/u_bsw/u_fsm/H_curr_reg_reg[3]_314[1]
    SLICE_X267Y243       CARRY4 (Prop_carry4_S[3]_CO[3])
                                                      0.193     5.710 r  u_pe2/u_swshared/u_bsw/u_fsm/H_curr_reg_reg[3]_i_3/CO[3]
                         net (fo=1, routed)           0.000     5.710    u_pe2/u_swshared/u_bsw/u_fsm/H_curr_reg_reg[3]_i_3_n_0
    SLICE_X267Y244       CARRY4 (Prop_carry4_CI_CO[3])
                                                      0.053     5.763 r  u_pe2/u_swshared/u_bsw/u_fsm/H_curr_reg_reg[7]_i_3/CO[3]
                         net (fo=1, routed)           0.000     5.763    u_pe2/u_swshared/u_bsw/u_fsm/H_curr_reg_reg[7]_i_3_n_0
    SLICE_X267Y245       CARRY4 (Prop_carry4_CI_O[3])
                                                      0.149     5.912 r  u_pe2/u_swshared/u_bsw/u_fsm/H_curr_reg_reg[11]_i_3/O[3]
                         net (fo=8, routed)           0.426     6.338    u_pe2/u_swshared/u_bsw/u_fsm/H_curr_reg_reg[11]_i_3_n_4
    SLICE_X271Y246       LUT5 (Prop_lut5_I2_O)        0.120     6.458 r  u_pe2/u_swshared/u_bsw/u_fsm/H_curr_reg[15]_i_46/O
                         net (fo=1, routed)           0.000     6.458    u_pe2/u_swshared/u_bsw/u_fsm/H_curr_reg[15]_i_46_n_0
    SLICE_X271Y246       CARRY4 (Prop_carry4_S[1]_CO[3])
                                                      0.267     6.725 r  u_pe2/u_swshared/u_bsw/u_fsm/H_curr_reg_reg[15]_i_10/CO[3]
                         net (fo=49, routed)          0.517     7.242    u_pe2/u_swshared/u_bsw/u_fsm/E_reg_reg[15][0]
    SLICE_X274Y247       LUT3 (Prop_lut3_I1_O)        0.043     7.285 r  u_pe2/u_swshared/u_bsw/u_fsm/H_curr_reg[15]_i_4/O
                         net (fo=61, routed)          0.411     7.695    u_pe2/u_swshared/u_bsw/u_fsm/H_curr_reg[15]_i_4_n_0
    SLICE_X272Y243       LUT5 (Prop_lut5_I4_O)        0.043     7.738 r  u_pe2/u_swshared/u_bsw/u_fsm/E_reg[7]_i_6/O
                         net (fo=2, routed)           0.385     8.123    u_pe2/u_swshared/u_bsw/u_fsm/u_array/g_pe[0].u_pe/E_reg7[5]
    SLICE_X276Y244       CARRY4 (Prop_carry4_DI[1]_CO[3])
                                                      0.250     8.373 r  u_pe2/u_swshared/u_bsw/u_fsm/F_out_reg_reg[7]_i_2/CO[3]
                         net (fo=1, routed)           0.000     8.373    u_pe2/u_swshared/u_bsw/u_fsm/F_out_reg_reg[7]_i_2_n_0
    SLICE_X276Y245       CARRY4 (Prop_carry4_CI_CO[3])
                                                      0.053     8.426 r  u_pe2/u_swshared/u_bsw/u_fsm/F_out_reg_reg[11]_i_2/CO[3]
                         net (fo=1, routed)           0.000     8.426    u_pe2/u_swshared/u_bsw/u_fsm/F_out_reg_reg[11]_i_2_n_0
    SLICE_X276Y246       CARRY4 (Prop_carry4_CI_O[3])
                                                      0.149     8.575 r  u_pe2/u_swshared/u_bsw/u_fsm/F_out_reg_reg[15]_i_2/O[3]
                         net (fo=5, routed)           0.334     8.910    u_pe2/u_swshared/u_bsw/u_fsm/E_reg_reg[14]_0[1]
    SLICE_X277Y245       LUT4 (Prop_lut4_I0_O)        0.120     9.030 r  u_pe2/u_swshared/u_bsw/u_fsm/F_out_reg[15]_i_29/O
                         net (fo=1, routed)           0.000     9.030    u_pe2/u_swshared/u_bsw/u_fsm/F_out_reg[15]_i_29_n_0
    SLICE_X277Y245       CARRY4 (Prop_carry4_S[3]_CO[3])
                                                      0.193     9.223 r  u_pe2/u_swshared/u_bsw/u_fsm/F_out_reg_reg[15]_i_5/CO[3]
                         net (fo=16, routed)          0.615     9.838    u_pe2/u_swshared/u_bsw/u_fsm/u_array/g_pe[0].u_pe/F_out_reg5
    SLICE_X278Y246       LUT6 (Prop_lut6_I3_O)        0.043     9.881 r  u_pe2/u_swshared/u_bsw/u_fsm/F_out_reg[10]_i_1/O
                         net (fo=1, routed)           0.000     9.881    u_pe2/u_swshared/u_bsw/u_array/g_pe[0].u_pe/F_out_reg_reg[15]_1[10]
    SLICE_X278Y246       FDRE                                         r  u_pe2/u_swshared/u_bsw/u_array/g_pe[0].u_pe/F_out_reg_reg[10]/D
  -------------------------------------------------------------------    -------------------

                         (clock clk rise edge)        8.000     8.000 r  <hidden>
                                                      0.000     8.000 r  clk
                         net (fo=107069, unset)       0.510     8.510    u_pe2/u_swshared/u_bsw/u_array/g_pe[0].u_pe/clk
    SLICE_X278Y246       FDRE                                         r  u_pe2/u_swshared/u_bsw/u_array/g_pe[0].u_pe/F_out_reg_reg[10]/C
                         clock pessimism              0.000     8.510    <hidden>
                         clock uncertainty           -0.035     8.475    <hidden>
    SLICE_X278Y246       FDRE (Setup_fdre_C_D)        0.064     8.539    u_pe2/u_swshared/u_bsw/u_array/g_pe[0].u_pe/F_out_reg_reg[10]
  -------------------------------------------------------------------
                         required time                          8.539    <hidden>
                         arrival time                          -9.881    <hidden>
  -------------------------------------------------------------------
                         slack                                 -1.342    <hidden>

Slack (VIOLATED) :        -1.340ns  (required time - arrival time)
  Source:                 u_pe2/u_swshared/u_bsw/u_fsm/t_idx_reg[3]/C
                            (rising edge-triggered cell FDRE clocked by clk  {rise@0.000ns fall@4.000ns period=8.000ns})
  Destination:            u_pe2/u_swshared/u_bsw/u_array/g_pe[0].u_pe/F_out_reg_reg[14]/D
                            (rising edge-triggered cell FDRE clocked by clk  {rise@0.000ns fall@4.000ns period=8.000ns})
  Path Group:             clk
  Path Type:              Setup (Max at Slow Process Corner)
  Requirement:            8.000ns  (clk rise@8.000ns - clk rise@0.000ns)
  Data Path Delay:        9.312ns  (logic 2.551ns (27.396%)  route 6.761ns (72.604%))
  Logic Levels:           20  (CARRY4=7 LUT2=3 LUT3=1 LUT5=2 LUT6=4 MUXF7=1 MUXF8=2)
  Clock Path Skew:        -0.027ns (DCD - SCD + CPR)
    Destination Clock Delay (DCD):    0.510ns = ( 8.510 - 8.000 ) 
    Source Clock Delay      (SCD):    0.537ns
    Clock Pessimism Removal (CPR):    0.000ns
  Clock Uncertainty:      0.035ns  ((TSJ^2 + TIJ^2)^1/2 + DJ) / 2 + PE
    Total System Jitter     (TSJ):    0.071ns
    Total Input Jitter      (TIJ):    0.000ns
    Discrete Jitter          (DJ):    0.000ns
    Phase Error              (PE):    0.000ns

    Location             Delay type                Incr(ns)  Path(ns)    Netlist Resource(s)
  -------------------------------------------------------------------    -------------------
                         (clock clk rise edge)        0.000     0.000 r  <hidden>
                                                      0.000     0.000 r  clk
                         net (fo=107069, unset)       0.537     0.537    u_pe2/u_swshared/u_bsw/u_fsm/clk
    SLICE_X217Y263       FDRE                                         r  u_pe2/u_swshared/u_bsw/u_fsm/t_idx_reg[3]/C
  -------------------------------------------------------------------    -------------------
    SLICE_X217Y263       FDRE (Prop_fdre_C_Q)         0.223     0.760 r  u_pe2/u_swshared/u_bsw/u_fsm/t_idx_reg[3]/Q
                         net (fo=196, routed)         1.187     1.947    u_pe2/u_swshared/u_bsw/u_fsm/t_idx_reg_n_0_[3]
    SLICE_X187Y278       MUXF8 (Prop_muxf8_S_O)       0.141     2.088 f  u_pe2/u_swshared/u_bsw/u_fsm/target_q_reg[2]_i_95/O
                         net (fo=1, routed)           0.561     2.649    u_pe2/u_swshared/u_bsw/u_fsm/target_q_reg[2]_i_95_n_0
    SLICE_X187Y267       LUT6 (Prop_lut6_I5_O)        0.126     2.775 f  u_pe2/u_swshared/u_bsw/u_fsm/target_q[2]_i_31/O
                         net (fo=1, routed)           0.000     2.775    u_pe2/u_swshared/u_bsw/u_fsm/target_q[2]_i_31_n_0
    SLICE_X187Y267       MUXF7 (Prop_muxf7_I1_O)      0.108     2.883 f  u_pe2/u_swshared/u_bsw/u_fsm/target_q_reg[2]_i_15/O
                         net (fo=1, routed)           0.000     2.883    u_pe2/u_swshared/u_bsw/u_fsm/target_q_reg[2]_i_15_n_0
    SLICE_X187Y267       MUXF8 (Prop_muxf8_I1_O)      0.043     2.926 f  u_pe2/u_swshared/u_bsw/u_fsm/target_q_reg[2]_i_7/O
                         net (fo=1, routed)           1.061     3.987    u_pe2/u_swshared/u_bsw/u_fsm/target_q_reg[2]_i_7_n_0
    SLICE_X243Y256       LUT6 (Prop_lut6_I5_O)        0.126     4.113 f  u_pe2/u_swshared/u_bsw/u_fsm/target_q[2]_i_3/O
                         net (fo=1, routed)           0.547     4.660    u_pe2/u_swshared/u_bsw/u_fsm/target_q[2]
    SLICE_X257Y247       LUT2 (Prop_lut2_I1_O)        0.043     4.703 f  u_pe2/u_swshared/u_bsw/u_fsm/target_q[2]_i_2/O
                         net (fo=4, routed)           0.525     5.228    u_pe2/u_swshared/u_bsw/u_array/g_pe[0].u_pe/target_q_reg[2]_1[2]
    SLICE_X265Y244       LUT6 (Prop_lut6_I4_O)        0.043     5.271 r  u_pe2/u_swshared/u_bsw/u_array/g_pe[0].u_pe/H_curr_reg[3]_i_5__157/O
                         net (fo=3, routed)           0.202     5.474    u_pe2/u_swshared/u_bsw/u_array/g_pe[0].u_pe/DI[0]
    SLICE_X267Y243       LUT2 (Prop_lut2_I0_O)        0.043     5.517 r  u_pe2/u_swshared/u_bsw/u_array/g_pe[0].u_pe/H_curr_reg[3]_i_6__157/O
                         net (fo=1, routed)           0.000     5.517    u_pe2/u_swshared/u_bsw/u_fsm/H_curr_reg_reg[3]_314[1]
    SLICE_X267Y243       CARRY4 (Prop_carry4_S[3]_CO[3])
                                                      0.193     5.710 r  u_pe2/u_swshared/u_bsw/u_fsm/H_curr_reg_reg[3]_i_3/CO[3]
                         net (fo=1, routed)           0.000     5.710    u_pe2/u_swshared/u_bsw/u_fsm/H_curr_reg_reg[3]_i_3_n_0
    SLICE_X267Y244       CARRY4 (Prop_carry4_CI_CO[3])
                                                      0.053     5.763 r  u_pe2/u_swshared/u_bsw/u_fsm/H_curr_reg_reg[7]_i_3/CO[3]
                         net (fo=1, routed)           0.000     5.763    u_pe2/u_swshared/u_bsw/u_fsm/H_curr_reg_reg[7]_i_3_n_0
    SLICE_X267Y245       CARRY4 (Prop_carry4_CI_O[3])
                                                      0.149     5.912 r  u_pe2/u_swshared/u_bsw/u_fsm/H_curr_reg_reg[11]_i_3/O[3]
                         net (fo=8, routed)           0.426     6.338    u_pe2/u_swshared/u_bsw/u_fsm/H_curr_reg_reg[11]_i_3_n_4
    SLICE_X271Y246       LUT5 (Prop_lut5_I2_O)        0.120     6.458 r  u_pe2/u_swshared/u_bsw/u_fsm/H_curr_reg[15]_i_46/O
                         net (fo=1, routed)           0.000     6.458    u_pe2/u_swshared/u_bsw/u_fsm/H_curr_reg[15]_i_46_n_0
    SLICE_X271Y246       CARRY4 (Prop_carry4_S[1]_CO[3])
                                                      0.267     6.725 r  u_pe2/u_swshared/u_bsw/u_fsm/H_curr_reg_reg[15]_i_10/CO[3]
                         net (fo=49, routed)          0.517     7.242    u_pe2/u_swshared/u_bsw/u_fsm/E_reg_reg[15][0]
    SLICE_X274Y247       LUT3 (Prop_lut3_I1_O)        0.043     7.285 r  u_pe2/u_swshared/u_bsw/u_fsm/H_curr_reg[15]_i_4/O
                         net (fo=61, routed)          0.411     7.695    u_pe2/u_swshared/u_bsw/u_fsm/H_curr_reg[15]_i_4_n_0
    SLICE_X272Y243       LUT5 (Prop_lut5_I4_O)        0.043     7.738 r  u_pe2/u_swshared/u_bsw/u_fsm/E_reg[7]_i_6/O
                         net (fo=2, routed)           0.385     8.123    u_pe2/u_swshared/u_bsw/u_fsm/u_array/g_pe[0].u_pe/E_reg7[5]
    SLICE_X276Y244       CARRY4 (Prop_carry4_DI[1]_CO[3])
                                                      0.250     8.373 r  u_pe2/u_swshared/u_bsw/u_fsm/F_out_reg_reg[7]_i_2/CO[3]
                         net (fo=1, routed)           0.000     8.373    u_pe2/u_swshared/u_bsw/u_fsm/F_out_reg_reg[7]_i_2_n_0
    SLICE_X276Y245       CARRY4 (Prop_carry4_CI_O[0])
                                                      0.111     8.484 f  u_pe2/u_swshared/u_bsw/u_fsm/F_out_reg_reg[11]_i_2/O[0]
                         net (fo=5, routed)           0.411     8.896    u_pe2/u_swshared/u_bsw/u_fsm/u_array/g_pe[0].u_pe/F_out_reg62_in[8]
    SLICE_X277Y247       LUT2 (Prop_lut2_I0_O)        0.124     9.020 r  u_pe2/u_swshared/u_bsw/u_fsm/F_out_reg[15]_i_19/O
                         net (fo=1, routed)           0.000     9.020    u_pe2/u_swshared/u_bsw/u_fsm/F_out_reg[15]_i_19_n_0
    SLICE_X277Y247       CARRY4 (Prop_carry4_S[0]_CO[3])
                                                      0.259     9.279 r  u_pe2/u_swshared/u_bsw/u_fsm/F_out_reg_reg[15]_i_3/CO[3]
                         net (fo=16, routed)          0.527     9.806    u_pe2/u_swshared/u_bsw/u_fsm/F_out_reg_reg[15]_i_3_n_0
    SLICE_X276Y247       LUT6 (Prop_lut6_I1_O)        0.043     9.849 r  u_pe2/u_swshared/u_bsw/u_fsm/F_out_reg[14]_i_1/O
                         net (fo=1, routed)           0.000     9.849    u_pe2/u_swshared/u_bsw/u_array/g_pe[0].u_pe/F_out_reg_reg[15]_1[14]
    SLICE_X276Y247       FDRE                                         r  u_pe2/u_swshared/u_bsw/u_array/g_pe[0].u_pe/F_out_reg_reg[14]/D
  -------------------------------------------------------------------    -------------------

                         (clock clk rise edge)        8.000     8.000 r  <hidden>
                                                      0.000     8.000 r  clk
                         net (fo=107069, unset)       0.510     8.510    u_pe2/u_swshared/u_bsw/u_array/g_pe[0].u_pe/clk
    SLICE_X276Y247       FDRE                                         r  u_pe2/u_swshared/u_bsw/u_array/g_pe[0].u_pe/F_out_reg_reg[14]/C
                         clock pessimism              0.000     8.510    <hidden>
                         clock uncertainty           -0.035     8.475    <hidden>
    SLICE_X276Y247       FDRE (Setup_fdre_C_D)        0.034     8.509    u_pe2/u_swshared/u_bsw/u_array/g_pe[0].u_pe/F_out_reg_reg[14]
  -------------------------------------------------------------------
                         required time                          8.509    <hidden>
                         arrival time                          -9.849    <hidden>
  -------------------------------------------------------------------
                         slack                                 -1.340    <hidden>

Slack (VIOLATED) :        -1.340ns  (required time - arrival time)
  Source:                 u_pe2/u_swshared/u_bsw/u_fsm/t_idx_reg[3]/C
                            (rising edge-triggered cell FDRE clocked by clk  {rise@0.000ns fall@4.000ns period=8.000ns})
  Destination:            u_pe2/u_swshared/u_bsw/u_array/g_pe[0].u_pe/E_reg_reg[12]/D
                            (rising edge-triggered cell FDRE clocked by clk  {rise@0.000ns fall@4.000ns period=8.000ns})
  Path Group:             clk
  Path Type:              Setup (Max at Slow Process Corner)
  Requirement:            8.000ns  (clk rise@8.000ns - clk rise@0.000ns)
  Data Path Delay:        9.342ns  (logic 2.586ns (27.680%)  route 6.756ns (72.320%))
  Logic Levels:           21  (CARRY4=8 LUT2=2 LUT3=1 LUT4=1 LUT5=2 LUT6=4 MUXF7=1 MUXF8=2)
  Clock Path Skew:        -0.027ns (DCD - SCD + CPR)
    Destination Clock Delay (DCD):    0.510ns = ( 8.510 - 8.000 ) 
    Source Clock Delay      (SCD):    0.537ns
    Clock Pessimism Removal (CPR):    0.000ns
  Clock Uncertainty:      0.035ns  ((TSJ^2 + TIJ^2)^1/2 + DJ) / 2 + PE
    Total System Jitter     (TSJ):    0.071ns
    Total Input Jitter      (TIJ):    0.000ns
    Discrete Jitter          (DJ):    0.000ns
    Phase Error              (PE):    0.000ns

    Location             Delay type                Incr(ns)  Path(ns)    Netlist Resource(s)
  -------------------------------------------------------------------    -------------------
                         (clock clk rise edge)        0.000     0.000 r  <hidden>
                                                      0.000     0.000 r  clk
                         net (fo=107069, unset)       0.537     0.537    u_pe2/u_swshared/u_bsw/u_fsm/clk
    SLICE_X217Y263       FDRE                                         r  u_pe2/u_swshared/u_bsw/u_fsm/t_idx_reg[3]/C
  -------------------------------------------------------------------    -------------------
    SLICE_X217Y263       FDRE (Prop_fdre_C_Q)         0.223     0.760 r  u_pe2/u_swshared/u_bsw/u_fsm/t_idx_reg[3]/Q
                         net (fo=196, routed)         1.187     1.947    u_pe2/u_swshared/u_bsw/u_fsm/t_idx_reg_n_0_[3]
    SLICE_X187Y278       MUXF8 (Prop_muxf8_S_O)       0.141     2.088 f  u_pe2/u_swshared/u_bsw/u_fsm/target_q_reg[2]_i_95/O
                         net (fo=1, routed)           0.561     2.649    u_pe2/u_swshared/u_bsw/u_fsm/target_q_reg[2]_i_95_n_0
    SLICE_X187Y267       LUT6 (Prop_lut6_I5_O)        0.126     2.775 f  u_pe2/u_swshared/u_bsw/u_fsm/target_q[2]_i_31/O
                         net (fo=1, routed)           0.000     2.775    u_pe2/u_swshared/u_bsw/u_fsm/target_q[2]_i_31_n_0
    SLICE_X187Y267       MUXF7 (Prop_muxf7_I1_O)      0.108     2.883 f  u_pe2/u_swshared/u_bsw/u_fsm/target_q_reg[2]_i_15/O
                         net (fo=1, routed)           0.000     2.883    u_pe2/u_swshared/u_bsw/u_fsm/target_q_reg[2]_i_15_n_0
    SLICE_X187Y267       MUXF8 (Prop_muxf8_I1_O)      0.043     2.926 f  u_pe2/u_swshared/u_bsw/u_fsm/target_q_reg[2]_i_7/O
                         net (fo=1, routed)           1.061     3.987    u_pe2/u_swshared/u_bsw/u_fsm/target_q_reg[2]_i_7_n_0
    SLICE_X243Y256       LUT6 (Prop_lut6_I5_O)        0.126     4.113 f  u_pe2/u_swshared/u_bsw/u_fsm/target_q[2]_i_3/O
                         net (fo=1, routed)           0.547     4.660    u_pe2/u_swshared/u_bsw/u_fsm/target_q[2]
    SLICE_X257Y247       LUT2 (Prop_lut2_I1_O)        0.043     4.703 f  u_pe2/u_swshared/u_bsw/u_fsm/target_q[2]_i_2/O
                         net (fo=4, routed)           0.525     5.228    u_pe2/u_swshared/u_bsw/u_array/g_pe[0].u_pe/target_q_reg[2]_1[2]
    SLICE_X265Y244       LUT6 (Prop_lut6_I4_O)        0.043     5.271 r  u_pe2/u_swshared/u_bsw/u_array/g_pe[0].u_pe/H_curr_reg[3]_i_5__157/O
                         net (fo=3, routed)           0.202     5.474    u_pe2/u_swshared/u_bsw/u_array/g_pe[0].u_pe/DI[0]
    SLICE_X267Y243       LUT2 (Prop_lut2_I0_O)        0.043     5.517 r  u_pe2/u_swshared/u_bsw/u_array/g_pe[0].u_pe/H_curr_reg[3]_i_6__157/O
                         net (fo=1, routed)           0.000     5.517    u_pe2/u_swshared/u_bsw/u_fsm/H_curr_reg_reg[3]_314[1]
    SLICE_X267Y243       CARRY4 (Prop_carry4_S[3]_CO[3])
                                                      0.193     5.710 r  u_pe2/u_swshared/u_bsw/u_fsm/H_curr_reg_reg[3]_i_3/CO[3]
                         net (fo=1, routed)           0.000     5.710    u_pe2/u_swshared/u_bsw/u_fsm/H_curr_reg_reg[3]_i_3_n_0
    SLICE_X267Y244       CARRY4 (Prop_carry4_CI_CO[3])
                                                      0.053     5.763 r  u_pe2/u_swshared/u_bsw/u_fsm/H_curr_reg_reg[7]_i_3/CO[3]
                         net (fo=1, routed)           0.000     5.763    u_pe2/u_swshared/u_bsw/u_fsm/H_curr_reg_reg[7]_i_3_n_0
    SLICE_X267Y245       CARRY4 (Prop_carry4_CI_O[3])
                                                      0.149     5.912 r  u_pe2/u_swshared/u_bsw/u_fsm/H_curr_reg_reg[11]_i_3/O[3]
                         net (fo=8, routed)           0.426     6.338    u_pe2/u_swshared/u_bsw/u_fsm/H_curr_reg_reg[11]_i_3_n_4
    SLICE_X271Y246       LUT5 (Prop_lut5_I2_O)        0.120     6.458 r  u_pe2/u_swshared/u_bsw/u_fsm/H_curr_reg[15]_i_46/O
                         net (fo=1, routed)           0.000     6.458    u_pe2/u_swshared/u_bsw/u_fsm/H_curr_reg[15]_i_46_n_0
    SLICE_X271Y246       CARRY4 (Prop_carry4_S[1]_CO[3])
                                                      0.267     6.725 r  u_pe2/u_swshared/u_bsw/u_fsm/H_curr_reg_reg[15]_i_10/CO[3]
                         net (fo=49, routed)          0.517     7.242    u_pe2/u_swshared/u_bsw/u_fsm/E_reg_reg[15][0]
    SLICE_X274Y247       LUT3 (Prop_lut3_I1_O)        0.043     7.285 r  u_pe2/u_swshared/u_bsw/u_fsm/H_curr_reg[15]_i_4/O
                         net (fo=61, routed)          0.438     7.723    u_pe2/u_swshared/u_bsw/u_fsm/H_curr_reg[15]_i_4_n_0
    SLICE_X271Y244       LUT5 (Prop_lut5_I4_O)        0.043     7.766 r  u_pe2/u_swshared/u_bsw/u_fsm/E_reg[3]_i_4/O
                         net (fo=2, routed)           0.281     8.047    u_pe2/u_swshared/u_bsw/u_fsm/u_array/g_pe[0].u_pe/E_reg7[3]
    SLICE_X273Y242       CARRY4 (Prop_carry4_DI[3]_CO[3])
                                                      0.190     8.237 r  u_pe2/u_swshared/u_bsw/u_fsm/E_reg_reg[3]_i_2/CO[3]
                         net (fo=1, routed)           0.000     8.237    u_pe2/u_swshared/u_bsw/u_fsm/E_reg_reg[3]_i_2_n_0
    SLICE_X273Y243       CARRY4 (Prop_carry4_CI_CO[3])
                                                      0.053     8.290 r  u_pe2/u_swshared/u_bsw/u_fsm/E_reg_reg[7]_i_2/CO[3]
                         net (fo=1, routed)           0.000     8.290    u_pe2/u_swshared/u_bsw/u_fsm/E_reg_reg[7]_i_2_n_0
    SLICE_X273Y244       CARRY4 (Prop_carry4_CI_O[3])
                                                      0.149     8.439 r  u_pe2/u_swshared/u_bsw/u_fsm/E_reg_reg[11]_i_2/O[3]
                         net (fo=5, routed)           0.483     8.922    u_pe2/u_swshared/u_bsw/u_fsm/u_array/g_pe[0].u_pe/E_reg62_in[11]
    SLICE_X271Y248       LUT4 (Prop_lut4_I0_O)        0.120     9.042 r  u_pe2/u_swshared/u_bsw/u_fsm/E_reg[15]_i_35/O
                         net (fo=1, routed)           0.000     9.042    u_pe2/u_swshared/u_bsw/u_fsm/E_reg[15]_i_35_n_0
    SLICE_X271Y248       CARRY4 (Prop_carry4_S[1]_CO[3])
                                                      0.267     9.309 r  u_pe2/u_swshared/u_bsw/u_fsm/E_reg_reg[15]_i_6/CO[3]
                         net (fo=16, routed)          0.528     9.836    u_pe2/u_swshared/u_bsw/u_fsm/u_array/g_pe[0].u_pe/E_reg5
    SLICE_X274Y248       LUT6 (Prop_lut6_I3_O)        0.043     9.879 r  u_pe2/u_swshared/u_bsw/u_fsm/E_reg[12]_i_1/O
                         net (fo=1, routed)           0.000     9.879    u_pe2/u_swshared/u_bsw/u_array/g_pe[0].u_pe/E_reg_reg[15]_2[12]
    SLICE_X274Y248       FDRE                                         r  u_pe2/u_swshared/u_bsw/u_array/g_pe[0].u_pe/E_reg_reg[12]/D
  -------------------------------------------------------------------    -------------------

                         (clock clk rise edge)        8.000     8.000 r  <hidden>
                                                      0.000     8.000 r  clk
                         net (fo=107069, unset)       0.510     8.510    u_pe2/u_swshared/u_bsw/u_array/g_pe[0].u_pe/clk
    SLICE_X274Y248       FDRE                                         r  u_pe2/u_swshared/u_bsw/u_array/g_pe[0].u_pe/E_reg_reg[12]/C
                         clock pessimism              0.000     8.510    <hidden>
                         clock uncertainty           -0.035     8.475    <hidden>
    SLICE_X274Y248       FDRE (Setup_fdre_C_D)        0.065     8.540    u_pe2/u_swshared/u_bsw/u_array/g_pe[0].u_pe/E_reg_reg[12]
  -------------------------------------------------------------------
                         required time                          8.540    <hidden>
                         arrival time                          -9.879    <hidden>
  -------------------------------------------------------------------
                         slack                                 -1.340    <hidden>





Pulse Width Checks
--------------------------------------------------------------------------------------
Clock Name:         clk
Waveform(ns):       { 0.000 4.000 }
Period(ns):         8.000
Sources:            { clk }

Check Type        Corner  Lib Pin             Reference Pin  Required(ns)  Actual(ns)  Slack(ns)  Location       Pin
Min Period        n/a     RAMB18E1/CLKARDCLK  n/a            2.095         8.000       5.905      RAMB18_X6Y120  u_pe2/u_ce/q_buf_reg/CLKARDCLK
Min Period        n/a     RAMB18E1/CLKARDCLK  n/a            2.095         8.000       5.905      RAMB18_X5Y134  u_pe2/u_ce/sb_len_reg/CLKARDCLK
Min Period        n/a     RAMB18E1/CLKBWRCLK  n/a            2.095         8.000       5.905      RAMB18_X5Y134  u_pe2/u_ce/sb_len_reg/CLKBWRCLK
Min Period        n/a     RAMB18E1/CLKARDCLK  n/a            2.095         8.000       5.905      RAMB18_X5Y133  u_pe2/u_ce/sb_qbeg_reg/CLKARDCLK
Min Period        n/a     RAMB18E1/CLKBWRCLK  n/a            2.095         8.000       5.905      RAMB18_X5Y133  u_pe2/u_ce/sb_qbeg_reg/CLKBWRCLK
Min Period        n/a     RAMB18E1/CLKARDCLK  n/a            2.095         8.000       5.905      RAMB18_X5Y138  u_pe2/u_ce/sb_score_reg/CLKARDCLK
Min Period        n/a     RAMB18E1/CLKBWRCLK  n/a            2.095         8.000       5.905      RAMB18_X5Y138  u_pe2/u_ce/sb_score_reg/CLKBWRCLK
Min Period        n/a     RAMB36E1/CLKARDCLK  n/a            2.095         8.000       5.905      RAMB36_X3Y61   u_pe2/u_ce/u_ac/u_ms/bankA_reg[0][qb]/CLKARDCLK
Min Period        n/a     RAMB36E1/CLKARDCLK  n/a            2.095         8.000       5.905      RAMB36_X2Y61   u_pe2/u_ce/u_ac/u_ms/bankA_reg[0][qe]/CLKARDCLK
Min Period        n/a     RAMB36E1/CLKARDCLK  n/a            2.095         8.000       5.905      RAMB36_X4Y60   u_pe2/u_ce/u_ac/u_ms/bankA_reg[0][rb]_0/CLKARDCLK
Min Period        n/a     RAMB36E1/CLKARDCLK  n/a            2.095         8.000       5.905      RAMB36_X4Y67   u_pe2/u_ce/u_ac/u_ms/bankA_reg[0][rb]_1/CLKARDCLK
Min Period        n/a     RAMB36E1/CLKARDCLK  n/a            2.095         8.000       5.905      RAMB36_X4Y62   u_pe2/u_ce/u_ac/u_ms/bankA_reg[0][re]_0/CLKARDCLK
Min Period        n/a     RAMB36E1/CLKARDCLK  n/a            2.095         8.000       5.905      RAMB36_X4Y64   u_pe2/u_ce/u_ac/u_ms/bankA_reg[0][re]_1/CLKARDCLK
Min Period        n/a     RAMB36E1/CLKARDCLK  n/a            2.095         8.000       5.905      RAMB36_X3Y65   u_pe2/u_ce/u_ac/u_ms/bankA_reg[0][rid]/CLKARDCLK
Min Period        n/a     RAMB36E1/CLKARDCLK  n/a            2.095         8.000       5.905      RAMB36_X3Y62   u_pe2/u_ce/u_ac/u_ms/bankA_reg[0][score]/CLKARDCLK
Min Period        n/a     RAMB36E1/CLKARDCLK  n/a            2.095         8.000       5.905      RAMB36_X3Y60   u_pe2/u_ce/u_ac/u_ms/bankB_reg[0][qb]/CLKARDCLK
Min Period        n/a     RAMB36E1/CLKARDCLK  n/a            2.095         8.000       5.905      RAMB36_X2Y62   u_pe2/u_ce/u_ac/u_ms/bankB_reg[0][qe]/CLKARDCLK
Min Period        n/a     RAMB36E1/CLKARDCLK  n/a            2.095         8.000       5.905      RAMB36_X4Y61   u_pe2/u_ce/u_ac/u_ms/bankB_reg[0][rb]_0/CLKARDCLK
Min Period        n/a     RAMB36E1/CLKARDCLK  n/a            2.095         8.000       5.905      RAMB36_X4Y66   u_pe2/u_ce/u_ac/u_ms/bankB_reg[0][rb]_1/CLKARDCLK
Min Period        n/a     RAMB36E1/CLKARDCLK  n/a            2.095         8.000       5.905      RAMB36_X4Y63   u_pe2/u_ce/u_ac/u_ms/bankB_reg[0][re]_0/CLKARDCLK
Min Period        n/a     RAMB36E1/CLKARDCLK  n/a            2.095         8.000       5.905      RAMB36_X4Y65   u_pe2/u_ce/u_ac/u_ms/bankB_reg[0][re]_1/CLKARDCLK
Min Period        n/a     RAMB36E1/CLKARDCLK  n/a            2.095         8.000       5.905      RAMB36_X3Y64   u_pe2/u_ce/u_ac/u_ms/bankB_reg[0][rid]/CLKARDCLK
Min Period        n/a     RAMB36E1/CLKARDCLK  n/a            2.095         8.000       5.905      RAMB36_X3Y63   u_pe2/u_ce/u_ac/u_ms/bankB_reg[0][score]/CLKARDCLK
Min Period        n/a     RAMB36E1/CLKARDCLK  n/a            2.095         8.000       5.905      RAMB36_X5Y63   u_pe2/u_ce/u_ac/u_rt/u_purge/av_rb_reg_0/CLKARDCLK
Min Period        n/a     RAMB36E1/CLKARDCLK  n/a            2.095         8.000       5.905      RAMB36_X5Y65   u_pe2/u_ce/u_ac/u_rt/u_purge/av_rb_reg_1/CLKARDCLK
Min Period        n/a     RAMB36E1/CLKARDCLK  n/a            2.095         8.000       5.905      RAMB36_X5Y62   u_pe2/u_ce/u_ac/u_rt/u_purge/av_re_reg_0/CLKARDCLK
Min Period        n/a     RAMB36E1/CLKARDCLK  n/a            2.095         8.000       5.905      RAMB36_X5Y64   u_pe2/u_ce/u_ac/u_rt/u_purge/av_re_reg_1/CLKARDCLK
Min Period        n/a     RAMB36E1/CLKARDCLK  n/a            2.095         8.000       5.905      RAMB36_X5Y60   u_pe2/u_ce/u_ac/u_rt/u_purge/av_sl0_reg/CLKARDCLK
Min Period        n/a     RAMB36E1/CLKARDCLK  n/a            2.095         8.000       5.905      RAMB36_X5Y61   u_pe2/u_ce/u_ac/u_rt/u_purge/av_w_reg/CLKARDCLK
Min Period        n/a     RAMB18E1/CLKARDCLK  n/a            2.095         8.000       5.905      RAMB18_X5Y132  u_pe2/u_ce/u_ac/u_rt/u_purge/ch_n_reg/CLKARDCLK
Low Pulse Width   Slow    RAMD64E/CLK         n/a            0.768         4.000       3.232      SLICE_X38Y370  a_cov_reg_0_63_0_2/RAMA/CLK
Low Pulse Width   Fast    RAMD64E/CLK         n/a            0.768         4.000       3.232      SLICE_X38Y370  a_cov_reg_0_63_0_2/RAMA/CLK
Low Pulse Width   Slow    RAMD64E/CLK         n/a            0.768         4.000       3.232      SLICE_X38Y370  a_cov_reg_0_63_0_2/RAMB/CLK
Low Pulse Width   Fast    RAMD64E/CLK         n/a            0.768         4.000       3.232      SLICE_X38Y370  a_cov_reg_0_63_0_2/RAMB/CLK
Low Pulse Width   Slow    RAMD64E/CLK         n/a            0.768         4.000       3.232      SLICE_X38Y370  a_cov_reg_0_63_0_2/RAMC/CLK
Low Pulse Width   Fast    RAMD64E/CLK         n/a            0.768         4.000       3.232      SLICE_X38Y370  a_cov_reg_0_63_0_2/RAMC/CLK
Low Pulse Width   Slow    RAMD64E/CLK         n/a            0.768         4.000       3.232      SLICE_X38Y370  a_cov_reg_0_63_0_2/RAMD/CLK
Low Pulse Width   Fast    RAMD64E/CLK         n/a            0.768         4.000       3.232      SLICE_X38Y370  a_cov_reg_0_63_0_2/RAMD/CLK
Low Pulse Width   Slow    RAMD64E/CLK         n/a            0.768         4.000       3.232      SLICE_X38Y350  a_cov_reg_0_63_12_14/RAMA/CLK
Low Pulse Width   Fast    RAMD64E/CLK         n/a            0.768         4.000       3.232      SLICE_X38Y350  a_cov_reg_0_63_12_14/RAMA/CLK
Low Pulse Width   Slow    RAMD64E/CLK         n/a            0.768         4.000       3.232      SLICE_X38Y350  a_cov_reg_0_63_12_14/RAMB/CLK
Low Pulse Width   Fast    RAMD64E/CLK         n/a            0.768         4.000       3.232      SLICE_X38Y350  a_cov_reg_0_63_12_14/RAMB/CLK
Low Pulse Width   Slow    RAMD64E/CLK         n/a            0.768         4.000       3.232      SLICE_X38Y350  a_cov_reg_0_63_12_14/RAMC/CLK
Low Pulse Width   Fast    RAMD64E/CLK         n/a            0.768         4.000       3.232      SLICE_X38Y350  a_cov_reg_0_63_12_14/RAMC/CLK
Low Pulse Width   Slow    RAMD64E/CLK         n/a            0.768         4.000       3.232      SLICE_X38Y350  a_cov_reg_0_63_12_14/RAMD/CLK
Low Pulse Width   Fast    RAMD64E/CLK         n/a            0.768         4.000       3.232      SLICE_X38Y350  a_cov_reg_0_63_12_14/RAMD/CLK
Low Pulse Width   Slow    RAMD64E/CLK         n/a            0.768         4.000       3.232      SLICE_X34Y353  a_cov_reg_0_63_15_17/RAMA/CLK
Low Pulse Width   Fast    RAMD64E/CLK         n/a            0.768         4.000       3.232      SLICE_X34Y353  a_cov_reg_0_63_15_17/RAMA/CLK
Low Pulse Width   Slow    RAMD64E/CLK         n/a            0.768         4.000       3.232      SLICE_X34Y353  a_cov_reg_0_63_15_17/RAMB/CLK
Low Pulse Width   Fast    RAMD64E/CLK         n/a            0.768         4.000       3.232      SLICE_X34Y353  a_cov_reg_0_63_15_17/RAMB/CLK
Low Pulse Width   Slow    RAMD64E/CLK         n/a            0.768         4.000       3.232      SLICE_X34Y353  a_cov_reg_0_63_15_17/RAMC/CLK
Low Pulse Width   Fast    RAMD64E/CLK         n/a            0.768         4.000       3.232      SLICE_X34Y353  a_cov_reg_0_63_15_17/RAMC/CLK
Low Pulse Width   Slow    RAMD64E/CLK         n/a            0.768         4.000       3.232      SLICE_X34Y353  a_cov_reg_0_63_15_17/RAMD/CLK
Low Pulse Width   Fast    RAMD64E/CLK         n/a            0.768         4.000       3.232      SLICE_X34Y353  a_cov_reg_0_63_15_17/RAMD/CLK
Low Pulse Width   Slow    RAMD64E/CLK         n/a            0.768         4.000       3.232      SLICE_X46Y348  a_cov_reg_0_63_18_20/RAMA/CLK
Low Pulse Width   Fast    RAMD64E/CLK         n/a            0.768         4.000       3.232      SLICE_X46Y348  a_cov_reg_0_63_18_20/RAMA/CLK
Low Pulse Width   Slow    RAMD64E/CLK         n/a            0.768         4.000       3.232      SLICE_X46Y348  a_cov_reg_0_63_18_20/RAMB/CLK
Low Pulse Width   Fast    RAMD64E/CLK         n/a            0.768         4.000       3.232      SLICE_X46Y348  a_cov_reg_0_63_18_20/RAMB/CLK
Low Pulse Width   Slow    RAMD64E/CLK         n/a            0.768         4.000       3.232      SLICE_X46Y348  a_cov_reg_0_63_18_20/RAMC/CLK
Low Pulse Width   Fast    RAMD64E/CLK         n/a            0.768         4.000       3.232      SLICE_X46Y348  a_cov_reg_0_63_18_20/RAMC/CLK
High Pulse Width  Slow    RAMD64E/CLK         n/a            0.768         4.000       3.232      SLICE_X38Y370  a_cov_reg_0_63_0_2/RAMA/CLK
High Pulse Width  Fast    RAMD64E/CLK         n/a            0.768         4.000       3.232      SLICE_X38Y370  a_cov_reg_0_63_0_2/RAMA/CLK
High Pulse Width  Slow    RAMD64E/CLK         n/a            0.768         4.000       3.232      SLICE_X38Y370  a_cov_reg_0_63_0_2/RAMB/CLK
High Pulse Width  Fast    RAMD64E/CLK         n/a            0.768         4.000       3.232      SLICE_X38Y370  a_cov_reg_0_63_0_2/RAMB/CLK
High Pulse Width  Slow    RAMD64E/CLK         n/a            0.768         4.000       3.232      SLICE_X38Y370  a_cov_reg_0_63_0_2/RAMC/CLK
High Pulse Width  Fast    RAMD64E/CLK         n/a            0.768         4.000       3.232      SLICE_X38Y370  a_cov_reg_0_63_0_2/RAMC/CLK
High Pulse Width  Slow    RAMD64E/CLK         n/a            0.768         4.000       3.232      SLICE_X38Y370  a_cov_reg_0_63_0_2/RAMD/CLK
High Pulse Width  Fast    RAMD64E/CLK         n/a            0.768         4.000       3.232      SLICE_X38Y370  a_cov_reg_0_63_0_2/RAMD/CLK
High Pulse Width  Slow    RAMD64E/CLK         n/a            0.768         4.000       3.232      SLICE_X38Y350  a_cov_reg_0_63_12_14/RAMA/CLK
High Pulse Width  Fast    RAMD64E/CLK         n/a            0.768         4.000       3.232      SLICE_X38Y350  a_cov_reg_0_63_12_14/RAMA/CLK
High Pulse Width  Slow    RAMD64E/CLK         n/a            0.768         4.000       3.232      SLICE_X38Y350  a_cov_reg_0_63_12_14/RAMB/CLK
High Pulse Width  Fast    RAMD64E/CLK         n/a            0.768         4.000       3.232      SLICE_X38Y350  a_cov_reg_0_63_12_14/RAMB/CLK
High Pulse Width  Slow    RAMD64E/CLK         n/a            0.768         4.000       3.232      SLICE_X38Y350  a_cov_reg_0_63_12_14/RAMC/CLK
High Pulse Width  Fast    RAMD64E/CLK         n/a            0.768         4.000       3.232      SLICE_X38Y350  a_cov_reg_0_63_12_14/RAMC/CLK
High Pulse Width  Slow    RAMD64E/CLK         n/a            0.768         4.000       3.232      SLICE_X38Y350  a_cov_reg_0_63_12_14/RAMD/CLK
High Pulse Width  Fast    RAMD64E/CLK         n/a            0.768         4.000       3.232      SLICE_X38Y350  a_cov_reg_0_63_12_14/RAMD/CLK
High Pulse Width  Slow    RAMD64E/CLK         n/a            0.768         4.000       3.232      SLICE_X34Y353  a_cov_reg_0_63_15_17/RAMA/CLK
High Pulse Width  Fast    RAMD64E/CLK         n/a            0.768         4.000       3.232      SLICE_X34Y353  a_cov_reg_0_63_15_17/RAMA/CLK
High Pulse Width  Slow    RAMD64E/CLK         n/a            0.768         4.000       3.232      SLICE_X34Y353  a_cov_reg_0_63_15_17/RAMB/CLK
High Pulse Width  Fast    RAMD64E/CLK         n/a            0.768         4.000       3.232      SLICE_X34Y353  a_cov_reg_0_63_15_17/RAMB/CLK
High Pulse Width  Slow    RAMD64E/CLK         n/a            0.768         4.000       3.232      SLICE_X34Y353  a_cov_reg_0_63_15_17/RAMC/CLK
High Pulse Width  Fast    RAMD64E/CLK         n/a            0.768         4.000       3.232      SLICE_X34Y353  a_cov_reg_0_63_15_17/RAMC/CLK
High Pulse Width  Slow    RAMD64E/CLK         n/a            0.768         4.000       3.232      SLICE_X34Y353  a_cov_reg_0_63_15_17/RAMD/CLK
High Pulse Width  Fast    RAMD64E/CLK         n/a            0.768         4.000       3.232      SLICE_X34Y353  a_cov_reg_0_63_15_17/RAMD/CLK
High Pulse Width  Slow    RAMD64E/CLK         n/a            0.768         4.000       3.232      SLICE_X46Y348  a_cov_reg_0_63_18_20/RAMA/CLK
High Pulse Width  Fast    RAMD64E/CLK         n/a            0.768         4.000       3.232      SLICE_X46Y348  a_cov_reg_0_63_18_20/RAMA/CLK
High Pulse Width  Slow    RAMD64E/CLK         n/a            0.768         4.000       3.232      SLICE_X46Y348  a_cov_reg_0_63_18_20/RAMB/CLK
High Pulse Width  Fast    RAMD64E/CLK         n/a            0.768         4.000       3.232      SLICE_X46Y348  a_cov_reg_0_63_18_20/RAMB/CLK
High Pulse Width  Slow    RAMD64E/CLK         n/a            0.768         4.000       3.232      SLICE_X46Y348  a_cov_reg_0_63_18_20/RAMC/CLK
High Pulse Width  Fast    RAMD64E/CLK         n/a            0.768         4.000       3.232      SLICE_X46Y348  a_cov_reg_0_63_18_20/RAMC/CLK



