Copyright 1986-2022 Xilinx, Inc. All Rights Reserved. Copyright 2022-2026 Advanced Micro Devices, Inc. All Rights Reserved.
---------------------------------------------------------------------------------------------------------------------------------------------------------------------------------
| Tool Version : Vivado v.2026.1 (win64) Build 6511674 Tue Jun 16 11:02:23 MDT 2026
| Date         : Sat Aug  1 13:58:26 2026
| Host         : MSI running 64-bit major release  (build 9200)
| Command      : report_timing_summary -delay_type max -max_paths 20 -file C:/Users/kanak/Downloads/FPGA-speed-up-Project-main/synth/ooc/reports/chaining_pe_pair_top_timing.rpt
| Design       : chaining_pe_pair_top
| Device       : 7v2000t-fhg1761
| Speed File   : -2  PRODUCTION 1.10 2014-09-11
| Design State : Synthesized
---------------------------------------------------------------------------------------------------------------------------------------------------------------------------------

Timing Summary Report

------------------------------------------------------------------------------------------------
| Timer Settings
| --------------
------------------------------------------------------------------------------------------------

  Enable Multi Corner Analysis               :  Yes
  Enable Pessimism Removal                   :  Yes
  Pessimism Removal Resolution               :  Nearest Common Node
  Enable Input Delay Default Clock           :  No
  Enable Preset / Clear Arcs                 :  No
  Disable Flight Delays                      :  No
  Ignore I/O Paths                           :  No
  Timing Early Launch at Borrowing Latches   :  No
  Borrow Time for Max Delay Exceptions       :  Yes
  Merge Timing Exceptions                    :  Yes
  Inter-SLR Compensation                     :  Conservative

  Corner  Analyze    Analyze    
  Name    Max Paths  Min Paths  
  ------  ---------  ---------  
  Slow    Yes        Yes        
  Fast    Yes        Yes        


------------------------------------------------------------------------------------------------
| Report Methodology
| ------------------
------------------------------------------------------------------------------------------------

No report available as report_methodology has not been run prior. Run report_methodology on the current design for the summary of methodology violations.



check_timing report

Table of Contents
-----------------
1. checking no_clock (0)
2. checking constant_clock (0)
3. checking pulse_width_clock (0)
4. checking unconstrained_internal_endpoints (0)
5. checking no_input_delay (2240)
6. checking no_output_delay (444)
7. checking multiple_clock (0)
8. checking generated_clocks (0)
9. checking loops (0)
10. checking partial_input_delay (0)
11. checking partial_output_delay (0)
12. checking latch_loops (0)

1. checking no_clock (0)
------------------------
 There are 0 register/latch pins with no clock.


2. checking constant_clock (0)
------------------------------
 There are 0 register/latch pins with constant_clock.


3. checking pulse_width_clock (0)
---------------------------------
 There are 0 register/latch pins which need pulse_width check


4. checking unconstrained_internal_endpoints (0)
------------------------------------------------
 There are 0 pins that are not constrained for maximum delay.

 There are 0 pins that are not constrained for maximum delay due to constant clock.


5. checking no_input_delay (2240)
---------------------------------
 There are 2240 input ports with no input delay specified. (HIGH)

 There are 0 input ports with no input delay but user has a false path constraint.


6. checking no_output_delay (444)
---------------------------------
 There are 444 ports with no output delay specified. (HIGH)

 There are 0 ports with no output delay but user has a false path constraint

 There are 0 ports with no output delay but with a timing clock defined on it or propagating through it


7. checking multiple_clock (0)
------------------------------
 There are 0 register/latch pins with multiple clocks.


8. checking generated_clocks (0)
--------------------------------
 There are 0 generated clocks that are not connected to a clock source.


9. checking loops (0)
---------------------
 There are 0 combinational loops in the design.


10. checking partial_input_delay (0)
------------------------------------
 There are 0 input ports with partial input delay specified.


11. checking partial_output_delay (0)
-------------------------------------
 There are 0 ports with partial output delay specified.


12. checking latch_loops (0)
----------------------------
 There are 0 combinational latch loops in the design through latch input



------------------------------------------------------------------------------------------------
| Design Timing Summary
| ---------------------
------------------------------------------------------------------------------------------------

    WNS(ns)      TNS(ns)  TNS Failing Endpoints  TNS Total Endpoints     WPWS(ns)     TPWS(ns)  TPWS Failing Endpoints  TPWS Total Endpoints  
    -------      -------  ---------------------  -------------------     --------     --------  ----------------------  --------------------  
     -6.772  -120376.133                 131581               353321        0.732        0.000                       0                106910  


Timing constraints are not met.


------------------------------------------------------------------------------------------------
| Clock Summary
| -------------
------------------------------------------------------------------------------------------------

Clock  Waveform(ns)         Period(ns)      Frequency(MHz)
-----  ------------         ----------      --------------
clk    {0.000 1.500}        3.000           333.333         


------------------------------------------------------------------------------------------------
| Intra Clock Table
| -----------------
------------------------------------------------------------------------------------------------

Clock             WNS(ns)      TNS(ns)  TNS Failing Endpoints  TNS Total Endpoints     WPWS(ns)     TPWS(ns)  TPWS Failing Endpoints  TPWS Total Endpoints  
-----             -------      -------  ---------------------  -------------------     --------     --------  ----------------------  --------------------  
clk                -6.772  -120376.133                 131581               353321        0.732        0.000                       0                106910  


------------------------------------------------------------------------------------------------
| Inter Clock Table
| -----------------
------------------------------------------------------------------------------------------------

From Clock    To Clock          WNS(ns)      TNS(ns)  TNS Failing Endpoints  TNS Total Endpoints  
----------    --------          -------      -------  ---------------------  -------------------  


------------------------------------------------------------------------------------------------
| Other Path Groups Table
| -----------------------
------------------------------------------------------------------------------------------------

Path Group    From Clock    To Clock          WNS(ns)      TNS(ns)  TNS Failing Endpoints  TNS Total Endpoints  
----------    ----------    --------          -------      -------  ---------------------  -------------------  


------------------------------------------------------------------------------------------------
| Timing Details
| --------------
------------------------------------------------------------------------------------------------


---------------------------------------------------------------------------------------------------
From Clock:  clk
  To Clock:  clk

Setup :       131581  Failing Endpoints,  Worst Slack       -6.772ns,  Total Violation  -120376.135ns
Hold  :           NA  Failing Endpoints,  Worst Slack           NA  ,  Total Violation           NA
PW    :            0  Failing Endpoints,  Worst Slack        0.732ns,  Total Violation        0.000ns
---------------------------------------------------------------------------------------------------


Max Delay Paths
--------------------------------------------------------------------------------------
Slack (VIOLATED) :        -6.772ns  (required time - arrival time)
  Source:                 u_pe2/u_swshared/u_bsw/u_array/g_pe[151].u_pe/H_curr_reg_reg[7]/C
                            (rising edge-triggered cell FDRE clocked by clk  {rise@0.000ns fall@1.500ns period=3.000ns})
  Destination:            u_pe2/u_swshared/u_bsw/u_tracker/pr_i_reg[9][13]/D
                            (rising edge-triggered cell FDRE clocked by clk  {rise@0.000ns fall@1.500ns period=3.000ns})
  Path Group:             clk
  Path Type:              Setup (Max at Slow Process Corner)
  Requirement:            3.000ns  (clk rise@3.000ns - clk rise@0.000ns)
  Data Path Delay:        9.639ns  (logic 2.511ns (26.050%)  route 7.128ns (73.950%))
  Logic Levels:           24  (CARRY4=12 LUT2=2 LUT3=1 LUT4=1 LUT5=2 LUT6=6)
  Clock Path Skew:        -0.027ns (DCD - SCD + CPR)
    Destination Clock Delay (DCD):    0.510ns = ( 3.510 - 3.000 ) 
    Source Clock Delay      (SCD):    0.537ns
    Clock Pessimism Removal (CPR):    0.000ns
  Clock Uncertainty:      0.035ns  ((TSJ^2 + TIJ^2)^1/2 + DJ) / 2 + PE
    Total System Jitter     (TSJ):    0.071ns
    Total Input Jitter      (TIJ):    0.000ns
    Discrete Jitter          (DJ):    0.000ns
    Phase Error              (PE):    0.000ns

    Location             Delay type                Incr(ns)  Path(ns)    Netlist Resource(s)
  -------------------------------------------------------------------    -------------------
                         (clock clk rise edge)        0.000     0.000 r  <hidden>
                                                      0.000     0.000 r  clk
                         net (fo=107049, unset)       0.537     0.537    u_pe2/u_swshared/u_bsw/u_array/g_pe[151].u_pe/clk
                         FDRE                                         r  u_pe2/u_swshared/u_bsw/u_array/g_pe[151].u_pe/H_curr_reg_reg[7]/C
  -------------------------------------------------------------------    -------------------
                         FDRE (Prop_fdre_C_Q)         0.223     0.760 r  u_pe2/u_swshared/u_bsw/u_array/g_pe[151].u_pe/H_curr_reg_reg[7]/Q
                         net (fo=11, unplaced)        0.573     1.333    u_pe2/u_swshared/u_bsw/u_array/g_pe[151].u_pe/H_curr_reg_reg[15]_1[7]
                         LUT6 (Prop_lut6_I0_O)        0.123     1.456 r  u_pe2/u_swshared/u_bsw/u_array/g_pe[151].u_pe/pr_j[9][7]_i_209/O
                         net (fo=1, unplaced)         0.446     1.902    u_pe2/u_swshared/u_bsw/u_array/g_pe[150].u_pe/pr_j_reg[9][7]_i_60_0[3]
                         CARRY4 (Prop_carry4_S[3]_CO[3])
                                                      0.223     2.125 r  u_pe2/u_swshared/u_bsw/u_array/g_pe[150].u_pe/pr_j_reg[9][7]_i_139/CO[3]
                         net (fo=1, unplaced)         0.000     2.125    u_pe2/u_swshared/u_bsw/u_array/g_pe[150].u_pe/pr_j_reg[9][7]_i_139_n_0
                         CARRY4 (Prop_carry4_CI_CO[3])
                                                      0.054     2.179 r  u_pe2/u_swshared/u_bsw/u_array/g_pe[150].u_pe/pr_j_reg[9][7]_i_60/CO[3]
                         net (fo=36, unplaced)        0.486     2.665    u_pe2/u_swshared/u_bsw/u_array/g_pe[150].u_pe/active_q_reg_2[0]
                         LUT5 (Prop_lut5_I2_O)        0.047     2.712 r  u_pe2/u_swshared/u_bsw/u_array/g_pe[150].u_pe/pr_j[9][7]_i_214/O
                         net (fo=5, unplaced)         0.298     3.010    u_pe2/u_swshared/u_bsw/u_array/g_pe[149].u_pe/pr_j[9][2]_i_37_0
                         LUT5 (Prop_lut5_I2_O)        0.043     3.053 r  u_pe2/u_swshared/u_bsw/u_array/g_pe[149].u_pe/pr_j[9][7]_i_201/O
                         net (fo=1, unplaced)         0.446     3.499    u_pe2/u_swshared/u_bsw/u_array/g_pe[149].u_pe/pr_j[9][7]_i_201_n_0
                         CARRY4 (Prop_carry4_S[3]_CO[3])
                                                      0.223     3.722 r  u_pe2/u_swshared/u_bsw/u_array/g_pe[149].u_pe/pr_j_reg[9][7]_i_130/CO[3]
                         net (fo=1, unplaced)         0.000     3.722    u_pe2/u_swshared/u_bsw/u_array/g_pe[149].u_pe/pr_j_reg[9][7]_i_130_n_0
                         CARRY4 (Prop_carry4_CI_CO[3])
                                                      0.054     3.776 r  u_pe2/u_swshared/u_bsw/u_array/g_pe[149].u_pe/pr_j_reg[9][7]_i_59/CO[3]
                         net (fo=38, unplaced)        0.487     4.263    u_pe2/u_swshared/u_bsw/u_array/g_pe[149].u_pe/active_q_reg_1[0]
                         LUT3 (Prop_lut3_I0_O)        0.043     4.306 f  u_pe2/u_swshared/u_bsw/u_array/g_pe[149].u_pe/pr_j[9][2]_i_75/O
                         net (fo=15, unplaced)        0.460     4.766    u_pe2/u_swshared/u_bsw/u_array/g_pe[149].u_pe/pr_j[9][2]_i_75_n_0
                         LUT6 (Prop_lut6_I1_O)        0.043     4.809 r  u_pe2/u_swshared/u_bsw/u_array/g_pe[149].u_pe/pr_j[9][2]_i_66/O
                         net (fo=4, unplaced)         0.294     5.103    u_pe2/u_swshared/u_bsw/u_array/g_pe[146].u_pe/pr_j_reg[9][2]_i_24_6
                         LUT4 (Prop_lut4_I3_O)        0.043     5.146 r  u_pe2/u_swshared/u_bsw/u_array/g_pe[146].u_pe/pr_j[9][2]_i_61/O
                         net (fo=1, unplaced)         0.446     5.592    u_pe2/u_swshared/u_bsw/u_array/g_pe[149].u_pe/pr_j_reg[9][2]_i_4_9[3]
                         CARRY4 (Prop_carry4_S[3]_CO[3])
                                                      0.223     5.815 r  u_pe2/u_swshared/u_bsw/u_array/g_pe[149].u_pe/pr_j_reg[9][2]_i_24/CO[3]
                         net (fo=1, unplaced)         0.000     5.815    u_pe2/u_swshared/u_bsw/u_array/g_pe[149].u_pe/pr_j_reg[9][2]_i_24_n_0
                         CARRY4 (Prop_carry4_CI_CO[3])
                                                      0.054     5.869 r  u_pe2/u_swshared/u_bsw/u_array/g_pe[149].u_pe/pr_j_reg[9][2]_i_4/CO[3]
                         net (fo=7, unplaced)         0.447     6.316    u_pe2/u_swshared/u_bsw/u_array/g_pe[149].u_pe/pr_j[9][2]_i_32[0]
                         LUT2 (Prop_lut2_I0_O)        0.043     6.359 r  u_pe2/u_swshared/u_bsw/u_array/g_pe[149].u_pe/pr_h[9][15]_i_7/O
                         net (fo=18, unplaced)        0.327     6.686    u_pe2/u_swshared/u_bsw/u_array/g_pe[146].u_pe/pr_h_reg[9][1]_0
                         LUT6 (Prop_lut6_I3_O)        0.043     6.729 r  u_pe2/u_swshared/u_bsw/u_array/g_pe[146].u_pe/pr_h[9][6]_i_2/O
                         net (fo=3, unplaced)         0.288     7.017    u_pe2/u_swshared/u_bsw/u_array/g_pe[157].u_pe/pr_h_reg[9][6]_0
                         LUT6 (Prop_lut6_I5_O)        0.043     7.060 r  u_pe2/u_swshared/u_bsw/u_array/g_pe[157].u_pe/pr_j[9][3]_i_30/O
                         net (fo=1, unplaced)         0.446     7.506    u_pe2/u_swshared/u_bsw/u_array/g_pe[157].u_pe/pr_j[9][3]_i_30_n_0
                         CARRY4 (Prop_carry4_S[3]_CO[3])
                                                      0.223     7.729 r  u_pe2/u_swshared/u_bsw/u_array/g_pe[157].u_pe/pr_j_reg[9][3]_i_5/CO[3]
                         net (fo=1, unplaced)         0.000     7.729    u_pe2/u_swshared/u_bsw/u_array/g_pe[157].u_pe/pr_j_reg[9][3]_i_5_n_0
                         CARRY4 (Prop_carry4_CI_CO[3])
                                                      0.054     7.783 f  u_pe2/u_swshared/u_bsw/u_array/g_pe[157].u_pe/pr_j_reg[9][3]_i_2/CO[3]
                         net (fo=32, unplaced)        0.483     8.266    u_pe2/u_swshared/u_bsw/u_array/g_pe[157].u_pe/pr_j[9][3]_i_13[0]
                         LUT6 (Prop_lut6_I5_O)        0.043     8.309 r  u_pe2/u_swshared/u_bsw/u_array/g_pe[157].u_pe/pr_i[9][3]_i_8/O
                         net (fo=1, unplaced)         0.270     8.579    u_pe2/u_swshared/u_bsw/u_array/g_pe[149].u_pe/pr_i[9][3]_i_4
                         LUT6 (Prop_lut6_I5_O)        0.043     8.622 r  u_pe2/u_swshared/u_bsw/u_array/g_pe[149].u_pe/pr_i[9][3]_i_6/O
                         net (fo=1, unplaced)         0.270     8.892    u_pe2/u_swshared/u_bsw/u_tracker/p_15_in[1]
                         LUT2 (Prop_lut2_I1_O)        0.043     8.935 r  u_pe2/u_swshared/u_bsw/u_tracker/pr_i[9][3]_i_4/O
                         net (fo=1, unplaced)         0.360     9.295    u_pe2/u_swshared/u_bsw/u_tracker/pr_i[9][3]_i_4_n_0
                         CARRY4 (Prop_carry4_S[1]_CO[3])
                                                      0.299     9.594 r  u_pe2/u_swshared/u_bsw/u_tracker/pr_i_reg[9][3]_i_1/CO[3]
                         net (fo=1, unplaced)         0.000     9.594    u_pe2/u_swshared/u_bsw/u_tracker/pr_i_reg[9][3]_i_1_n_0
                         CARRY4 (Prop_carry4_CI_CO[3])
                                                      0.054     9.648 r  u_pe2/u_swshared/u_bsw/u_tracker/pr_i_reg[9][7]_i_1/CO[3]
                         net (fo=1, unplaced)         0.000     9.648    u_pe2/u_swshared/u_bsw/u_tracker/pr_i_reg[9][7]_i_1_n_0
                         CARRY4 (Prop_carry4_CI_CO[3])
                                                      0.054     9.702 r  u_pe2/u_swshared/u_bsw/u_tracker/pr_i_reg[9][11]_i_1/CO[3]
                         net (fo=1, unplaced)         0.000     9.702    u_pe2/u_swshared/u_bsw/u_tracker/pr_i_reg[9][11]_i_1_n_0
                         CARRY4 (Prop_carry4_CI_O[1])
                                                      0.173     9.875 r  u_pe2/u_swshared/u_bsw/u_tracker/pr_i_reg[9][15]_i_2/O[1]
                         net (fo=1, unplaced)         0.301    10.176    u_pe2/u_swshared/u_bsw/u_tracker/s1_i16_out[13]
                         FDRE                                         r  u_pe2/u_swshared/u_bsw/u_tracker/pr_i_reg[9][13]/D
  -------------------------------------------------------------------    -------------------

                         (clock clk rise edge)        3.000     3.000 r  <hidden>
                                                      0.000     3.000 r  clk
                         net (fo=107049, unset)       0.510     3.510    u_pe2/u_swshared/u_bsw/u_tracker/clk
                         FDRE                                         r  u_pe2/u_swshared/u_bsw/u_tracker/pr_i_reg[9][13]/C
                         clock pessimism              0.000     3.510    <hidden>
                         clock uncertainty           -0.035     3.475    <hidden>
                         FDRE (Setup_fdre_C_D)       -0.071     3.404    u_pe2/u_swshared/u_bsw/u_tracker/pr_i_reg[9][13]
  -------------------------------------------------------------------
                         required time                          3.404    <hidden>
                         arrival time                         -10.176    <hidden>
  -------------------------------------------------------------------
                         slack                                 -6.772    <hidden>

Slack (VIOLATED) :        -6.750ns  (required time - arrival time)
  Source:                 u_pe2/u_swshared/u_bsw/u_array/g_pe[151].u_pe/H_curr_reg_reg[7]/C
                            (rising edge-triggered cell FDRE clocked by clk  {rise@0.000ns fall@1.500ns period=3.000ns})
  Destination:            u_pe2/u_swshared/u_bsw/u_tracker/pr_i_reg[9][15]/D
                            (rising edge-triggered cell FDRE clocked by clk  {rise@0.000ns fall@1.500ns period=3.000ns})
  Path Group:             clk
  Path Type:              Setup (Max at Slow Process Corner)
  Requirement:            3.000ns  (clk rise@3.000ns - clk rise@0.000ns)
  Data Path Delay:        9.622ns  (logic 2.495ns (25.930%)  route 7.127ns (74.070%))
  Logic Levels:           24  (CARRY4=12 LUT2=2 LUT3=1 LUT4=1 LUT5=2 LUT6=6)
  Clock Path Skew:        -0.027ns (DCD - SCD + CPR)
    Destination Clock Delay (DCD):    0.510ns = ( 3.510 - 3.000 ) 
    Source Clock Delay      (SCD):    0.537ns
    Clock Pessimism Removal (CPR):    0.000ns
  Clock Uncertainty:      0.035ns  ((TSJ^2 + TIJ^2)^1/2 + DJ) / 2 + PE
    Total System Jitter     (TSJ):    0.071ns
    Total Input Jitter      (TIJ):    0.000ns
    Discrete Jitter          (DJ):    0.000ns
    Phase Error              (PE):    0.000ns

    Location             Delay type                Incr(ns)  Path(ns)    Netlist Resource(s)
  -------------------------------------------------------------------    -------------------
                         (clock clk rise edge)        0.000     0.000 r  <hidden>
                                                      0.000     0.000 r  clk
                         net (fo=107049, unset)       0.537     0.537    u_pe2/u_swshared/u_bsw/u_array/g_pe[151].u_pe/clk
                         FDRE                                         r  u_pe2/u_swshared/u_bsw/u_array/g_pe[151].u_pe/H_curr_reg_reg[7]/C
  -------------------------------------------------------------------    -------------------
                         FDRE (Prop_fdre_C_Q)         0.223     0.760 r  u_pe2/u_swshared/u_bsw/u_array/g_pe[151].u_pe/H_curr_reg_reg[7]/Q
                         net (fo=11, unplaced)        0.573     1.333    u_pe2/u_swshared/u_bsw/u_array/g_pe[151].u_pe/H_curr_reg_reg[15]_1[7]
                         LUT6 (Prop_lut6_I0_O)        0.123     1.456 r  u_pe2/u_swshared/u_bsw/u_array/g_pe[151].u_pe/pr_j[9][7]_i_209/O
                         net (fo=1, unplaced)         0.446     1.902    u_pe2/u_swshared/u_bsw/u_array/g_pe[150].u_pe/pr_j_reg[9][7]_i_60_0[3]
                         CARRY4 (Prop_carry4_S[3]_CO[3])
                                                      0.223     2.125 r  u_pe2/u_swshared/u_bsw/u_array/g_pe[150].u_pe/pr_j_reg[9][7]_i_139/CO[3]
                         net (fo=1, unplaced)         0.000     2.125    u_pe2/u_swshared/u_bsw/u_array/g_pe[150].u_pe/pr_j_reg[9][7]_i_139_n_0
                         CARRY4 (Prop_carry4_CI_CO[3])
                                                      0.054     2.179 r  u_pe2/u_swshared/u_bsw/u_array/g_pe[150].u_pe/pr_j_reg[9][7]_i_60/CO[3]
                         net (fo=36, unplaced)        0.486     2.665    u_pe2/u_swshared/u_bsw/u_array/g_pe[150].u_pe/active_q_reg_2[0]
                         LUT5 (Prop_lut5_I2_O)        0.047     2.712 r  u_pe2/u_swshared/u_bsw/u_array/g_pe[150].u_pe/pr_j[9][7]_i_214/O
                         net (fo=5, unplaced)         0.298     3.010    u_pe2/u_swshared/u_bsw/u_array/g_pe[149].u_pe/pr_j[9][2]_i_37_0
                         LUT5 (Prop_lut5_I2_O)        0.043     3.053 r  u_pe2/u_swshared/u_bsw/u_array/g_pe[149].u_pe/pr_j[9][7]_i_201/O
                         net (fo=1, unplaced)         0.446     3.499    u_pe2/u_swshared/u_bsw/u_array/g_pe[149].u_pe/pr_j[9][7]_i_201_n_0
                         CARRY4 (Prop_carry4_S[3]_CO[3])
                                                      0.223     3.722 r  u_pe2/u_swshared/u_bsw/u_array/g_pe[149].u_pe/pr_j_reg[9][7]_i_130/CO[3]
                         net (fo=1, unplaced)         0.000     3.722    u_pe2/u_swshared/u_bsw/u_array/g_pe[149].u_pe/pr_j_reg[9][7]_i_130_n_0
                         CARRY4 (Prop_carry4_CI_CO[3])
                                                      0.054     3.776 r  u_pe2/u_swshared/u_bsw/u_array/g_pe[149].u_pe/pr_j_reg[9][7]_i_59/CO[3]
                         net (fo=38, unplaced)        0.487     4.263    u_pe2/u_swshared/u_bsw/u_array/g_pe[149].u_pe/active_q_reg_1[0]
                         LUT3 (Prop_lut3_I0_O)        0.043     4.306 f  u_pe2/u_swshared/u_bsw/u_array/g_pe[149].u_pe/pr_j[9][2]_i_75/O
                         net (fo=15, unplaced)        0.460     4.766    u_pe2/u_swshared/u_bsw/u_array/g_pe[149].u_pe/pr_j[9][2]_i_75_n_0
                         LUT6 (Prop_lut6_I1_O)        0.043     4.809 r  u_pe2/u_swshared/u_bsw/u_array/g_pe[149].u_pe/pr_j[9][2]_i_66/O
                         net (fo=4, unplaced)         0.294     5.103    u_pe2/u_swshared/u_bsw/u_array/g_pe[146].u_pe/pr_j_reg[9][2]_i_24_6
                         LUT4 (Prop_lut4_I3_O)        0.043     5.146 r  u_pe2/u_swshared/u_bsw/u_array/g_pe[146].u_pe/pr_j[9][2]_i_61/O
                         net (fo=1, unplaced)         0.446     5.592    u_pe2/u_swshared/u_bsw/u_array/g_pe[149].u_pe/pr_j_reg[9][2]_i_4_9[3]
                         CARRY4 (Prop_carry4_S[3]_CO[3])
                                                      0.223     5.815 r  u_pe2/u_swshared/u_bsw/u_array/g_pe[149].u_pe/pr_j_reg[9][2]_i_24/CO[3]
                         net (fo=1, unplaced)         0.000     5.815    u_pe2/u_swshared/u_bsw/u_array/g_pe[149].u_pe/pr_j_reg[9][2]_i_24_n_0
                         CARRY4 (Prop_carry4_CI_CO[3])
                                                      0.054     5.869 r  u_pe2/u_swshared/u_bsw/u_array/g_pe[149].u_pe/pr_j_reg[9][2]_i_4/CO[3]
                         net (fo=7, unplaced)         0.447     6.316    u_pe2/u_swshared/u_bsw/u_array/g_pe[149].u_pe/pr_j[9][2]_i_32[0]
                         LUT2 (Prop_lut2_I0_O)        0.043     6.359 r  u_pe2/u_swshared/u_bsw/u_array/g_pe[149].u_pe/pr_h[9][15]_i_7/O
                         net (fo=18, unplaced)        0.327     6.686    u_pe2/u_swshared/u_bsw/u_array/g_pe[146].u_pe/pr_h_reg[9][1]_0
                         LUT6 (Prop_lut6_I3_O)        0.043     6.729 r  u_pe2/u_swshared/u_bsw/u_array/g_pe[146].u_pe/pr_h[9][6]_i_2/O
                         net (fo=3, unplaced)         0.288     7.017    u_pe2/u_swshared/u_bsw/u_array/g_pe[157].u_pe/pr_h_reg[9][6]_0
                         LUT6 (Prop_lut6_I5_O)        0.043     7.060 r  u_pe2/u_swshared/u_bsw/u_array/g_pe[157].u_pe/pr_j[9][3]_i_30/O
                         net (fo=1, unplaced)         0.446     7.506    u_pe2/u_swshared/u_bsw/u_array/g_pe[157].u_pe/pr_j[9][3]_i_30_n_0
                         CARRY4 (Prop_carry4_S[3]_CO[3])
                                                      0.223     7.729 r  u_pe2/u_swshared/u_bsw/u_array/g_pe[157].u_pe/pr_j_reg[9][3]_i_5/CO[3]
                         net (fo=1, unplaced)         0.000     7.729    u_pe2/u_swshared/u_bsw/u_array/g_pe[157].u_pe/pr_j_reg[9][3]_i_5_n_0
                         CARRY4 (Prop_carry4_CI_CO[3])
                                                      0.054     7.783 f  u_pe2/u_swshared/u_bsw/u_array/g_pe[157].u_pe/pr_j_reg[9][3]_i_2/CO[3]
                         net (fo=32, unplaced)        0.483     8.266    u_pe2/u_swshared/u_bsw/u_array/g_pe[157].u_pe/pr_j[9][3]_i_13[0]
                         LUT6 (Prop_lut6_I5_O)        0.043     8.309 r  u_pe2/u_swshared/u_bsw/u_array/g_pe[157].u_pe/pr_i[9][3]_i_8/O
                         net (fo=1, unplaced)         0.270     8.579    u_pe2/u_swshared/u_bsw/u_array/g_pe[149].u_pe/pr_i[9][3]_i_4
                         LUT6 (Prop_lut6_I5_O)        0.043     8.622 r  u_pe2/u_swshared/u_bsw/u_array/g_pe[149].u_pe/pr_i[9][3]_i_6/O
                         net (fo=1, unplaced)         0.270     8.892    u_pe2/u_swshared/u_bsw/u_tracker/p_15_in[1]
                         LUT2 (Prop_lut2_I1_O)        0.043     8.935 r  u_pe2/u_swshared/u_bsw/u_tracker/pr_i[9][3]_i_4/O
                         net (fo=1, unplaced)         0.360     9.295    u_pe2/u_swshared/u_bsw/u_tracker/pr_i[9][3]_i_4_n_0
                         CARRY4 (Prop_carry4_S[1]_CO[3])
                                                      0.299     9.594 r  u_pe2/u_swshared/u_bsw/u_tracker/pr_i_reg[9][3]_i_1/CO[3]
                         net (fo=1, unplaced)         0.000     9.594    u_pe2/u_swshared/u_bsw/u_tracker/pr_i_reg[9][3]_i_1_n_0
                         CARRY4 (Prop_carry4_CI_CO[3])
                                                      0.054     9.648 r  u_pe2/u_swshared/u_bsw/u_tracker/pr_i_reg[9][7]_i_1/CO[3]
                         net (fo=1, unplaced)         0.000     9.648    u_pe2/u_swshared/u_bsw/u_tracker/pr_i_reg[9][7]_i_1_n_0
                         CARRY4 (Prop_carry4_CI_CO[3])
                                                      0.054     9.702 r  u_pe2/u_swshared/u_bsw/u_tracker/pr_i_reg[9][11]_i_1/CO[3]
                         net (fo=1, unplaced)         0.000     9.702    u_pe2/u_swshared/u_bsw/u_tracker/pr_i_reg[9][11]_i_1_n_0
                         CARRY4 (Prop_carry4_CI_O[3])
                                                      0.157     9.859 r  u_pe2/u_swshared/u_bsw/u_tracker/pr_i_reg[9][15]_i_2/O[3]
                         net (fo=1, unplaced)         0.300    10.159    u_pe2/u_swshared/u_bsw/u_tracker/s1_i16_out[15]
                         FDRE                                         r  u_pe2/u_swshared/u_bsw/u_tracker/pr_i_reg[9][15]/D
  -------------------------------------------------------------------    -------------------

                         (clock clk rise edge)        3.000     3.000 r  <hidden>
                                                      0.000     3.000 r  clk
                         net (fo=107049, unset)       0.510     3.510    u_pe2/u_swshared/u_bsw/u_tracker/clk
                         FDRE                                         r  u_pe2/u_swshared/u_bsw/u_tracker/pr_i_reg[9][15]/C
                         clock pessimism              0.000     3.510    <hidden>
                         clock uncertainty           -0.035     3.475    <hidden>
                         FDRE (Setup_fdre_C_D)       -0.066     3.409    u_pe2/u_swshared/u_bsw/u_tracker/pr_i_reg[9][15]
  -------------------------------------------------------------------
                         required time                          3.409    <hidden>
                         arrival time                         -10.159    <hidden>
  -------------------------------------------------------------------
                         slack                                 -6.750    <hidden>

Slack (VIOLATED) :        -6.718ns  (required time - arrival time)
  Source:                 u_pe2/u_swshared/u_bsw/u_array/g_pe[151].u_pe/H_curr_reg_reg[7]/C
                            (rising edge-triggered cell FDRE clocked by clk  {rise@0.000ns fall@1.500ns period=3.000ns})
  Destination:            u_pe2/u_swshared/u_bsw/u_tracker/pr_i_reg[9][9]/D
                            (rising edge-triggered cell FDRE clocked by clk  {rise@0.000ns fall@1.500ns period=3.000ns})
  Path Group:             clk
  Path Type:              Setup (Max at Slow Process Corner)
  Requirement:            3.000ns  (clk rise@3.000ns - clk rise@0.000ns)
  Data Path Delay:        9.585ns  (logic 2.457ns (25.634%)  route 7.128ns (74.366%))
  Logic Levels:           23  (CARRY4=11 LUT2=2 LUT3=1 LUT4=1 LUT5=2 LUT6=6)
  Clock Path Skew:        -0.027ns (DCD - SCD + CPR)
    Destination Clock Delay (DCD):    0.510ns = ( 3.510 - 3.000 ) 
    Source Clock Delay      (SCD):    0.537ns
    Clock Pessimism Removal (CPR):    0.000ns
  Clock Uncertainty:      0.035ns  ((TSJ^2 + TIJ^2)^1/2 + DJ) / 2 + PE
    Total System Jitter     (TSJ):    0.071ns
    Total Input Jitter      (TIJ):    0.000ns
    Discrete Jitter          (DJ):    0.000ns
    Phase Error              (PE):    0.000ns

    Location             Delay type                Incr(ns)  Path(ns)    Netlist Resource(s)
  -------------------------------------------------------------------    -------------------
                         (clock clk rise edge)        0.000     0.000 r  <hidden>
                                                      0.000     0.000 r  clk
                         net (fo=107049, unset)       0.537     0.537    u_pe2/u_swshared/u_bsw/u_array/g_pe[151].u_pe/clk
                         FDRE                                         r  u_pe2/u_swshared/u_bsw/u_array/g_pe[151].u_pe/H_curr_reg_reg[7]/C
  -------------------------------------------------------------------    -------------------
                         FDRE (Prop_fdre_C_Q)         0.223     0.760 r  u_pe2/u_swshared/u_bsw/u_array/g_pe[151].u_pe/H_curr_reg_reg[7]/Q
                         net (fo=11, unplaced)        0.573     1.333    u_pe2/u_swshared/u_bsw/u_array/g_pe[151].u_pe/H_curr_reg_reg[15]_1[7]
                         LUT6 (Prop_lut6_I0_O)        0.123     1.456 r  u_pe2/u_swshared/u_bsw/u_array/g_pe[151].u_pe/pr_j[9][7]_i_209/O
                         net (fo=1, unplaced)         0.446     1.902    u_pe2/u_swshared/u_bsw/u_array/g_pe[150].u_pe/pr_j_reg[9][7]_i_60_0[3]
                         CARRY4 (Prop_carry4_S[3]_CO[3])
                                                      0.223     2.125 r  u_pe2/u_swshared/u_bsw/u_array/g_pe[150].u_pe/pr_j_reg[9][7]_i_139/CO[3]
                         net (fo=1, unplaced)         0.000     2.125    u_pe2/u_swshared/u_bsw/u_array/g_pe[150].u_pe/pr_j_reg[9][7]_i_139_n_0
                         CARRY4 (Prop_carry4_CI_CO[3])
                                                      0.054     2.179 r  u_pe2/u_swshared/u_bsw/u_array/g_pe[150].u_pe/pr_j_reg[9][7]_i_60/CO[3]
                         net (fo=36, unplaced)        0.486     2.665    u_pe2/u_swshared/u_bsw/u_array/g_pe[150].u_pe/active_q_reg_2[0]
                         LUT5 (Prop_lut5_I2_O)        0.047     2.712 r  u_pe2/u_swshared/u_bsw/u_array/g_pe[150].u_pe/pr_j[9][7]_i_214/O
                         net (fo=5, unplaced)         0.298     3.010    u_pe2/u_swshared/u_bsw/u_array/g_pe[149].u_pe/pr_j[9][2]_i_37_0
                         LUT5 (Prop_lut5_I2_O)        0.043     3.053 r  u_pe2/u_swshared/u_bsw/u_array/g_pe[149].u_pe/pr_j[9][7]_i_201/O
                         net (fo=1, unplaced)         0.446     3.499    u_pe2/u_swshared/u_bsw/u_array/g_pe[149].u_pe/pr_j[9][7]_i_201_n_0
                         CARRY4 (Prop_carry4_S[3]_CO[3])
                                                      0.223     3.722 r  u_pe2/u_swshared/u_bsw/u_array/g_pe[149].u_pe/pr_j_reg[9][7]_i_130/CO[3]
                         net (fo=1, unplaced)         0.000     3.722    u_pe2/u_swshared/u_bsw/u_array/g_pe[149].u_pe/pr_j_reg[9][7]_i_130_n_0
                         CARRY4 (Prop_carry4_CI_CO[3])
                                                      0.054     3.776 r  u_pe2/u_swshared/u_bsw/u_array/g_pe[149].u_pe/pr_j_reg[9][7]_i_59/CO[3]
                         net (fo=38, unplaced)        0.487     4.263    u_pe2/u_swshared/u_bsw/u_array/g_pe[149].u_pe/active_q_reg_1[0]
                         LUT3 (Prop_lut3_I0_O)        0.043     4.306 f  u_pe2/u_swshared/u_bsw/u_array/g_pe[149].u_pe/pr_j[9][2]_i_75/O
                         net (fo=15, unplaced)        0.460     4.766    u_pe2/u_swshared/u_bsw/u_array/g_pe[149].u_pe/pr_j[9][2]_i_75_n_0
                         LUT6 (Prop_lut6_I1_O)        0.043     4.809 r  u_pe2/u_swshared/u_bsw/u_array/g_pe[149].u_pe/pr_j[9][2]_i_66/O
                         net (fo=4, unplaced)         0.294     5.103    u_pe2/u_swshared/u_bsw/u_array/g_pe[146].u_pe/pr_j_reg[9][2]_i_24_6
                         LUT4 (Prop_lut4_I3_O)        0.043     5.146 r  u_pe2/u_swshared/u_bsw/u_array/g_pe[146].u_pe/pr_j[9][2]_i_61/O
                         net (fo=1, unplaced)         0.446     5.592    u_pe2/u_swshared/u_bsw/u_array/g_pe[149].u_pe/pr_j_reg[9][2]_i_4_9[3]
                         CARRY4 (Prop_carry4_S[3]_CO[3])
                                                      0.223     5.815 r  u_pe2/u_swshared/u_bsw/u_array/g_pe[149].u_pe/pr_j_reg[9][2]_i_24/CO[3]
                         net (fo=1, unplaced)         0.000     5.815    u_pe2/u_swshared/u_bsw/u_array/g_pe[149].u_pe/pr_j_reg[9][2]_i_24_n_0
                         CARRY4 (Prop_carry4_CI_CO[3])
                                                      0.054     5.869 r  u_pe2/u_swshared/u_bsw/u_array/g_pe[149].u_pe/pr_j_reg[9][2]_i_4/CO[3]
                         net (fo=7, unplaced)         0.447     6.316    u_pe2/u_swshared/u_bsw/u_array/g_pe[149].u_pe/pr_j[9][2]_i_32[0]
                         LUT2 (Prop_lut2_I0_O)        0.043     6.359 r  u_pe2/u_swshared/u_bsw/u_array/g_pe[149].u_pe/pr_h[9][15]_i_7/O
                         net (fo=18, unplaced)        0.327     6.686    u_pe2/u_swshared/u_bsw/u_array/g_pe[146].u_pe/pr_h_reg[9][1]_0
                         LUT6 (Prop_lut6_I3_O)        0.043     6.729 r  u_pe2/u_swshared/u_bsw/u_array/g_pe[146].u_pe/pr_h[9][6]_i_2/O
                         net (fo=3, unplaced)         0.288     7.017    u_pe2/u_swshared/u_bsw/u_array/g_pe[157].u_pe/pr_h_reg[9][6]_0
                         LUT6 (Prop_lut6_I5_O)        0.043     7.060 r  u_pe2/u_swshared/u_bsw/u_array/g_pe[157].u_pe/pr_j[9][3]_i_30/O
                         net (fo=1, unplaced)         0.446     7.506    u_pe2/u_swshared/u_bsw/u_array/g_pe[157].u_pe/pr_j[9][3]_i_30_n_0
                         CARRY4 (Prop_carry4_S[3]_CO[3])
                                                      0.223     7.729 r  u_pe2/u_swshared/u_bsw/u_array/g_pe[157].u_pe/pr_j_reg[9][3]_i_5/CO[3]
                         net (fo=1, unplaced)         0.000     7.729    u_pe2/u_swshared/u_bsw/u_array/g_pe[157].u_pe/pr_j_reg[9][3]_i_5_n_0
                         CARRY4 (Prop_carry4_CI_CO[3])
                                                      0.054     7.783 f  u_pe2/u_swshared/u_bsw/u_array/g_pe[157].u_pe/pr_j_reg[9][3]_i_2/CO[3]
                         net (fo=32, unplaced)        0.483     8.266    u_pe2/u_swshared/u_bsw/u_array/g_pe[157].u_pe/pr_j[9][3]_i_13[0]
                         LUT6 (Prop_lut6_I5_O)        0.043     8.309 r  u_pe2/u_swshared/u_bsw/u_array/g_pe[157].u_pe/pr_i[9][3]_i_8/O
                         net (fo=1, unplaced)         0.270     8.579    u_pe2/u_swshared/u_bsw/u_array/g_pe[149].u_pe/pr_i[9][3]_i_4
                         LUT6 (Prop_lut6_I5_O)        0.043     8.622 r  u_pe2/u_swshared/u_bsw/u_array/g_pe[149].u_pe/pr_i[9][3]_i_6/O
                         net (fo=1, unplaced)         0.270     8.892    u_pe2/u_swshared/u_bsw/u_tracker/p_15_in[1]
                         LUT2 (Prop_lut2_I1_O)        0.043     8.935 r  u_pe2/u_swshared/u_bsw/u_tracker/pr_i[9][3]_i_4/O
                         net (fo=1, unplaced)         0.360     9.295    u_pe2/u_swshared/u_bsw/u_tracker/pr_i[9][3]_i_4_n_0
                         CARRY4 (Prop_carry4_S[1]_CO[3])
                                                      0.299     9.594 r  u_pe2/u_swshared/u_bsw/u_tracker/pr_i_reg[9][3]_i_1/CO[3]
                         net (fo=1, unplaced)         0.000     9.594    u_pe2/u_swshared/u_bsw/u_tracker/pr_i_reg[9][3]_i_1_n_0
                         CARRY4 (Prop_carry4_CI_CO[3])
                                                      0.054     9.648 r  u_pe2/u_swshared/u_bsw/u_tracker/pr_i_reg[9][7]_i_1/CO[3]
                         net (fo=1, unplaced)         0.000     9.648    u_pe2/u_swshared/u_bsw/u_tracker/pr_i_reg[9][7]_i_1_n_0
                         CARRY4 (Prop_carry4_CI_O[1])
                                                      0.173     9.821 r  u_pe2/u_swshared/u_bsw/u_tracker/pr_i_reg[9][11]_i_1/O[1]
                         net (fo=1, unplaced)         0.301    10.122    u_pe2/u_swshared/u_bsw/u_tracker/s1_i16_out[9]
                         FDRE                                         r  u_pe2/u_swshared/u_bsw/u_tracker/pr_i_reg[9][9]/D
  -------------------------------------------------------------------    -------------------

                         (clock clk rise edge)        3.000     3.000 r  <hidden>
                                                      0.000     3.000 r  clk
                         net (fo=107049, unset)       0.510     3.510    u_pe2/u_swshared/u_bsw/u_tracker/clk
                         FDRE                                         r  u_pe2/u_swshared/u_bsw/u_tracker/pr_i_reg[9][9]/C
                         clock pessimism              0.000     3.510    <hidden>
                         clock uncertainty           -0.035     3.475    <hidden>
                         FDRE (Setup_fdre_C_D)       -0.071     3.404    u_pe2/u_swshared/u_bsw/u_tracker/pr_i_reg[9][9]
  -------------------------------------------------------------------
                         required time                          3.404    <hidden>
                         arrival time                         -10.122    <hidden>
  -------------------------------------------------------------------
                         slack                                 -6.718    <hidden>

Slack (VIOLATED) :        -6.697ns  (required time - arrival time)
  Source:                 u_pe2/u_swshared/u_bsw/u_array/g_pe[43].u_pe/H_curr_reg_reg[7]/C
                            (rising edge-triggered cell FDRE clocked by clk  {rise@0.000ns fall@1.500ns period=3.000ns})
  Destination:            u_pe2/u_swshared/u_bsw/u_tracker/pr_i_reg[2][13]/D
                            (rising edge-triggered cell FDRE clocked by clk  {rise@0.000ns fall@1.500ns period=3.000ns})
  Path Group:             clk
  Path Type:              Setup (Max at Slow Process Corner)
  Requirement:            3.000ns  (clk rise@3.000ns - clk rise@0.000ns)
  Data Path Delay:        9.564ns  (logic 2.464ns (25.763%)  route 7.100ns (74.237%))
  Logic Levels:           23  (CARRY4=12 LUT2=1 LUT3=1 LUT4=1 LUT5=2 LUT6=6)
  Clock Path Skew:        -0.027ns (DCD - SCD + CPR)
    Destination Clock Delay (DCD):    0.510ns = ( 3.510 - 3.000 ) 
    Source Clock Delay      (SCD):    0.537ns
    Clock Pessimism Removal (CPR):    0.000ns
  Clock Uncertainty:      0.035ns  ((TSJ^2 + TIJ^2)^1/2 + DJ) / 2 + PE
    Total System Jitter     (TSJ):    0.071ns
    Total Input Jitter      (TIJ):    0.000ns
    Discrete Jitter          (DJ):    0.000ns
    Phase Error              (PE):    0.000ns

    Location             Delay type                Incr(ns)  Path(ns)    Netlist Resource(s)
  -------------------------------------------------------------------    -------------------
                         (clock clk rise edge)        0.000     0.000 r  <hidden>
                                                      0.000     0.000 r  clk
                         net (fo=107049, unset)       0.537     0.537    u_pe2/u_swshared/u_bsw/u_array/g_pe[43].u_pe/clk
                         FDRE                                         r  u_pe2/u_swshared/u_bsw/u_array/g_pe[43].u_pe/H_curr_reg_reg[7]/C
  -------------------------------------------------------------------    -------------------
                         FDRE (Prop_fdre_C_Q)         0.223     0.760 r  u_pe2/u_swshared/u_bsw/u_array/g_pe[43].u_pe/H_curr_reg_reg[7]/Q
                         net (fo=10, unplaced)        0.570     1.330    u_pe2/u_swshared/u_bsw/u_array/g_pe[43].u_pe/H_curr_reg_reg[15]_1[7]
                         LUT6 (Prop_lut6_I0_O)        0.123     1.453 r  u_pe2/u_swshared/u_bsw/u_array/g_pe[43].u_pe/pr_j[2][5]_i_264/O
                         net (fo=1, unplaced)         0.446     1.899    u_pe2/u_swshared/u_bsw/u_array/g_pe[42].u_pe/pr_j_reg[2][5]_i_50_1[3]
                         CARRY4 (Prop_carry4_S[3]_CO[3])
                                                      0.223     2.122 r  u_pe2/u_swshared/u_bsw/u_array/g_pe[42].u_pe/pr_j_reg[2][5]_i_139/CO[3]
                         net (fo=1, unplaced)         0.000     2.122    u_pe2/u_swshared/u_bsw/u_array/g_pe[42].u_pe/pr_j_reg[2][5]_i_139_n_0
                         CARRY4 (Prop_carry4_CI_CO[3])
                                                      0.054     2.176 r  u_pe2/u_swshared/u_bsw/u_array/g_pe[42].u_pe/pr_j_reg[2][5]_i_50/CO[3]
                         net (fo=20, unplaced)        0.472     2.648    u_pe2/u_swshared/u_bsw/u_array/g_pe[42].u_pe/active_q_reg_2[0]
                         LUT5 (Prop_lut5_I2_O)        0.043     2.691 r  u_pe2/u_swshared/u_bsw/u_array/g_pe[42].u_pe/pr_h[2][6]_i_10/O
                         net (fo=6, unplaced)         0.302     2.993    u_pe2/u_swshared/u_bsw/u_array/g_pe[40].u_pe/pr_j_reg[2][5]_i_60_7
                         LUT5 (Prop_lut5_I4_O)        0.043     3.036 r  u_pe2/u_swshared/u_bsw/u_array/g_pe[40].u_pe/pr_j[2][5]_i_160/O
                         net (fo=1, unplaced)         0.446     3.482    u_pe2/u_swshared/u_bsw/u_array/g_pe[40].u_pe/pr_j[2][5]_i_160_n_0
                         CARRY4 (Prop_carry4_S[3]_CO[3])
                                                      0.223     3.705 r  u_pe2/u_swshared/u_bsw/u_array/g_pe[40].u_pe/pr_j_reg[2][5]_i_60/CO[3]
                         net (fo=1, unplaced)         0.000     3.705    u_pe2/u_swshared/u_bsw/u_array/g_pe[40].u_pe/pr_j_reg[2][5]_i_60_n_0
                         CARRY4 (Prop_carry4_CI_CO[3])
                                                      0.054     3.759 r  u_pe2/u_swshared/u_bsw/u_array/g_pe[40].u_pe/pr_j_reg[2][5]_i_15/CO[3]
                         net (fo=23, unplaced)        0.475     4.234    u_pe2/u_swshared/u_bsw/u_array/g_pe[41].u_pe/pr_h_reg[2][15]_3[0]
                         LUT3 (Prop_lut3_I2_O)        0.043     4.277 f  u_pe2/u_swshared/u_bsw/u_array/g_pe[41].u_pe/pr_h[2][14]_i_12/O
                         net (fo=31, unplaced)        0.477     4.754    u_pe2/u_swshared/u_bsw/u_array/g_pe[41].u_pe/pr_h[2][14]_i_12_n_0
                         LUT6 (Prop_lut6_I0_O)        0.043     4.797 r  u_pe2/u_swshared/u_bsw/u_array/g_pe[41].u_pe/pr_h[2][7]_i_4/O
                         net (fo=4, unplaced)         0.431     5.228    u_pe2/u_swshared/u_bsw/u_array/g_pe[41].u_pe/pr_h[2][7]_i_4_n_0
                         LUT4 (Prop_lut4_I1_O)        0.043     5.271 r  u_pe2/u_swshared/u_bsw/u_array/g_pe[41].u_pe/pr_j[2][3]_i_27/O
                         net (fo=1, unplaced)         0.446     5.717    u_pe2/u_swshared/u_bsw/u_array/g_pe[41].u_pe/pr_j[2][3]_i_27_n_0
                         CARRY4 (Prop_carry4_S[3]_CO[3])
                                                      0.223     5.940 r  u_pe2/u_swshared/u_bsw/u_array/g_pe[41].u_pe/pr_j_reg[2][3]_i_5/CO[3]
                         net (fo=1, unplaced)         0.000     5.940    u_pe2/u_swshared/u_bsw/u_array/g_pe[41].u_pe/pr_j_reg[2][3]_i_5_n_0
                         CARRY4 (Prop_carry4_CI_CO[3])
                                                      0.054     5.994 r  u_pe2/u_swshared/u_bsw/u_array/g_pe[41].u_pe/pr_j_reg[2][3]_i_3/CO[3]
                         net (fo=56, unplaced)        0.497     6.491    u_pe2/u_swshared/u_bsw/u_array/g_pe[41].u_pe/pr_j[2][3]_i_13_0[0]
                         LUT6 (Prop_lut6_I3_O)        0.043     6.534 r  u_pe2/u_swshared/u_bsw/u_array/g_pe[41].u_pe/pr_j[2][5]_i_210/O
                         net (fo=1, unplaced)         0.407     6.941    u_pe2/u_swshared/u_bsw/u_array/g_pe[41].u_pe/pr_j[2][5]_i_210_n_0
                         LUT6 (Prop_lut6_I4_O)        0.043     6.984 r  u_pe2/u_swshared/u_bsw/u_array/g_pe[41].u_pe/pr_j[2][5]_i_93/O
                         net (fo=1, unplaced)         0.446     7.430    u_pe2/u_swshared/u_bsw/u_array/g_pe[41].u_pe/pr_j[2][5]_i_93_n_0
                         CARRY4 (Prop_carry4_S[3]_CO[3])
                                                      0.223     7.653 r  u_pe2/u_swshared/u_bsw/u_array/g_pe[41].u_pe/pr_j_reg[2][5]_i_20/CO[3]
                         net (fo=1, unplaced)         0.000     7.653    u_pe2/u_swshared/u_bsw/u_array/g_pe[41].u_pe/pr_j_reg[2][5]_i_20_n_0
                         CARRY4 (Prop_carry4_CI_CO[3])
                                                      0.054     7.707 f  u_pe2/u_swshared/u_bsw/u_array/g_pe[41].u_pe/pr_j_reg[2][5]_i_6/CO[3]
                         net (fo=33, unplaced)        0.484     8.191    u_pe2/u_swshared/u_bsw/u_array/g_pe[41].u_pe/pr_j[2][5]_i_28_0[0]
                         LUT6 (Prop_lut6_I5_O)        0.043     8.234 r  u_pe2/u_swshared/u_bsw/u_array/g_pe[41].u_pe/pr_i[2][3]_i_8/O
                         net (fo=1, unplaced)         0.270     8.504    u_pe2/u_swshared/u_bsw/u_array/g_pe[36].u_pe/pr_i[2][3]_i_4_0
                         LUT6 (Prop_lut6_I5_O)        0.043     8.547 r  u_pe2/u_swshared/u_bsw/u_array/g_pe[36].u_pe/pr_i[2][3]_i_6/O
                         net (fo=1, unplaced)         0.270     8.817    u_pe2/u_swshared/u_bsw/u_tracker/p_1_in[1]
                         LUT2 (Prop_lut2_I1_O)        0.043     8.860 r  u_pe2/u_swshared/u_bsw/u_tracker/pr_i[2][3]_i_4/O
                         net (fo=1, unplaced)         0.360     9.220    u_pe2/u_swshared/u_bsw/u_tracker/pr_i[2][3]_i_4_n_0
                         CARRY4 (Prop_carry4_S[1]_CO[3])
                                                      0.299     9.519 r  u_pe2/u_swshared/u_bsw/u_tracker/pr_i_reg[2][3]_i_1/CO[3]
                         net (fo=1, unplaced)         0.000     9.519    u_pe2/u_swshared/u_bsw/u_tracker/pr_i_reg[2][3]_i_1_n_0
                         CARRY4 (Prop_carry4_CI_CO[3])
                                                      0.054     9.573 r  u_pe2/u_swshared/u_bsw/u_tracker/pr_i_reg[2][7]_i_1/CO[3]
                         net (fo=1, unplaced)         0.000     9.573    u_pe2/u_swshared/u_bsw/u_tracker/pr_i_reg[2][7]_i_1_n_0
                         CARRY4 (Prop_carry4_CI_CO[3])
                                                      0.054     9.627 r  u_pe2/u_swshared/u_bsw/u_tracker/pr_i_reg[2][11]_i_1/CO[3]
                         net (fo=1, unplaced)         0.000     9.627    u_pe2/u_swshared/u_bsw/u_tracker/pr_i_reg[2][11]_i_1_n_0
                         CARRY4 (Prop_carry4_CI_O[1])
                                                      0.173     9.800 r  u_pe2/u_swshared/u_bsw/u_tracker/pr_i_reg[2][15]_i_2/O[1]
                         net (fo=1, unplaced)         0.301    10.101    u_pe2/u_swshared/u_bsw/u_tracker/s1_i2_out[13]
                         FDRE                                         r  u_pe2/u_swshared/u_bsw/u_tracker/pr_i_reg[2][13]/D
  -------------------------------------------------------------------    -------------------

                         (clock clk rise edge)        3.000     3.000 r  <hidden>
                                                      0.000     3.000 r  clk
                         net (fo=107049, unset)       0.510     3.510    u_pe2/u_swshared/u_bsw/u_tracker/clk
                         FDRE                                         r  u_pe2/u_swshared/u_bsw/u_tracker/pr_i_reg[2][13]/C
                         clock pessimism              0.000     3.510    <hidden>
                         clock uncertainty           -0.035     3.475    <hidden>
                         FDRE (Setup_fdre_C_D)       -0.071     3.404    u_pe2/u_swshared/u_bsw/u_tracker/pr_i_reg[2][13]
  -------------------------------------------------------------------
                         required time                          3.404    <hidden>
                         arrival time                         -10.101    <hidden>
  -------------------------------------------------------------------
                         slack                                 -6.697    <hidden>

Slack (VIOLATED) :        -6.696ns  (required time - arrival time)
  Source:                 u_pe2/u_swshared/u_bsw/u_array/g_pe[139].u_pe/H_curr_reg_reg[7]/C
                            (rising edge-triggered cell FDRE clocked by clk  {rise@0.000ns fall@1.500ns period=3.000ns})
  Destination:            u_pe2/u_swshared/u_bsw/u_tracker/pr_i_reg[8][13]/D
                            (rising edge-triggered cell FDRE clocked by clk  {rise@0.000ns fall@1.500ns period=3.000ns})
  Path Group:             clk
  Path Type:              Setup (Max at Slow Process Corner)
  Requirement:            3.000ns  (clk rise@3.000ns - clk rise@0.000ns)
  Data Path Delay:        9.563ns  (logic 2.464ns (25.766%)  route 7.099ns (74.234%))
  Logic Levels:           23  (CARRY4=12 LUT2=1 LUT3=1 LUT4=1 LUT5=2 LUT6=6)
  Clock Path Skew:        -0.027ns (DCD - SCD + CPR)
    Destination Clock Delay (DCD):    0.510ns = ( 3.510 - 3.000 ) 
    Source Clock Delay      (SCD):    0.537ns
    Clock Pessimism Removal (CPR):    0.000ns
  Clock Uncertainty:      0.035ns  ((TSJ^2 + TIJ^2)^1/2 + DJ) / 2 + PE
    Total System Jitter     (TSJ):    0.071ns
    Total Input Jitter      (TIJ):    0.000ns
    Discrete Jitter          (DJ):    0.000ns
    Phase Error              (PE):    0.000ns

    Location             Delay type                Incr(ns)  Path(ns)    Netlist Resource(s)
  -------------------------------------------------------------------    -------------------
                         (clock clk rise edge)        0.000     0.000 r  <hidden>
                                                      0.000     0.000 r  clk
                         net (fo=107049, unset)       0.537     0.537    u_pe2/u_swshared/u_bsw/u_array/g_pe[139].u_pe/clk
                         FDRE                                         r  u_pe2/u_swshared/u_bsw/u_array/g_pe[139].u_pe/H_curr_reg_reg[7]/C
  -------------------------------------------------------------------    -------------------
                         FDRE (Prop_fdre_C_Q)         0.223     0.760 r  u_pe2/u_swshared/u_bsw/u_array/g_pe[139].u_pe/H_curr_reg_reg[7]/Q
                         net (fo=10, unplaced)        0.570     1.330    u_pe2/u_swshared/u_bsw/u_array/g_pe[139].u_pe/H_curr_reg_reg[15]_1[7]
                         LUT6 (Prop_lut6_I0_O)        0.123     1.453 r  u_pe2/u_swshared/u_bsw/u_array/g_pe[139].u_pe/pr_j[8][3]_i_18/O
                         net (fo=1, unplaced)         0.446     1.899    u_pe2/u_swshared/u_bsw/u_array/g_pe[138].u_pe/pr_j_reg[8][3]_i_4_0[3]
                         CARRY4 (Prop_carry4_S[3]_CO[3])
                                                      0.223     2.122 r  u_pe2/u_swshared/u_bsw/u_array/g_pe[138].u_pe/pr_j_reg[8][3]_i_5/CO[3]
                         net (fo=1, unplaced)         0.000     2.122    u_pe2/u_swshared/u_bsw/u_array/g_pe[138].u_pe/pr_j_reg[8][3]_i_5_n_0
                         CARRY4 (Prop_carry4_CI_CO[3])
                                                      0.054     2.176 r  u_pe2/u_swshared/u_bsw/u_array/g_pe[138].u_pe/pr_j_reg[8][3]_i_4/CO[3]
                         net (fo=20, unplaced)        0.472     2.648    u_pe2/u_swshared/u_bsw/u_array/g_pe[138].u_pe/H_curr_reg_reg[15]_2[0]
                         LUT5 (Prop_lut5_I2_O)        0.043     2.691 r  u_pe2/u_swshared/u_bsw/u_array/g_pe[138].u_pe/pr_h[8][6]_i_9/O
                         net (fo=6, unplaced)         0.302     2.993    u_pe2/u_swshared/u_bsw/u_array/g_pe[137].u_pe/pr_h_reg[8][6]_1
                         LUT5 (Prop_lut5_I2_O)        0.043     3.036 r  u_pe2/u_swshared/u_bsw/u_array/g_pe[137].u_pe/pr_j[8][7]_i_256/O
                         net (fo=1, unplaced)         0.446     3.482    u_pe2/u_swshared/u_bsw/u_array/g_pe[137].u_pe/pr_j[8][7]_i_256_n_0
                         CARRY4 (Prop_carry4_S[3]_CO[3])
                                                      0.223     3.705 r  u_pe2/u_swshared/u_bsw/u_array/g_pe[137].u_pe/pr_j_reg[8][7]_i_112/CO[3]
                         net (fo=1, unplaced)         0.000     3.705    u_pe2/u_swshared/u_bsw/u_array/g_pe[137].u_pe/pr_j_reg[8][7]_i_112_n_0
                         CARRY4 (Prop_carry4_CI_CO[3])
                                                      0.054     3.759 r  u_pe2/u_swshared/u_bsw/u_array/g_pe[137].u_pe/pr_j_reg[8][7]_i_36/CO[3]
                         net (fo=22, unplaced)        0.474     4.233    u_pe2/u_swshared/u_bsw/u_array/g_pe[137].u_pe/pr_j_reg[8][7]_i_36_n_0
                         LUT3 (Prop_lut3_I2_O)        0.043     4.276 f  u_pe2/u_swshared/u_bsw/u_array/g_pe[137].u_pe/pr_h[8][14]_i_9/O
                         net (fo=32, unplaced)        0.478     4.754    u_pe2/u_swshared/u_bsw/u_array/g_pe[137].u_pe/pr_j_reg[8][7]_i_36_0
                         LUT6 (Prop_lut6_I0_O)        0.043     4.797 r  u_pe2/u_swshared/u_bsw/u_array/g_pe[137].u_pe/pr_h[8][7]_i_3/O
                         net (fo=4, unplaced)         0.431     5.228    u_pe2/u_swshared/u_bsw/u_array/g_pe[141].u_pe/pr_j_reg[8][7]_i_27_5
                         LUT4 (Prop_lut4_I1_O)        0.043     5.271 r  u_pe2/u_swshared/u_bsw/u_array/g_pe[141].u_pe/pr_j[8][7]_i_108/O
                         net (fo=1, unplaced)         0.446     5.717    u_pe2/u_swshared/u_bsw/u_array/g_pe[137].u_pe/pr_j_reg[8][7]_i_6_0[3]
                         CARRY4 (Prop_carry4_S[3]_CO[3])
                                                      0.223     5.940 r  u_pe2/u_swshared/u_bsw/u_array/g_pe[137].u_pe/pr_j_reg[8][7]_i_27/CO[3]
                         net (fo=1, unplaced)         0.000     5.940    u_pe2/u_swshared/u_bsw/u_array/g_pe[137].u_pe/pr_j_reg[8][7]_i_27_n_0
                         CARRY4 (Prop_carry4_CI_CO[3])
                                                      0.054     5.994 r  u_pe2/u_swshared/u_bsw/u_array/g_pe[137].u_pe/pr_j_reg[8][7]_i_6/CO[3]
                         net (fo=58, unplaced)        0.498     6.492    u_pe2/u_swshared/u_bsw/u_array/g_pe[137].u_pe/CO[0]
                         LUT6 (Prop_lut6_I3_O)        0.043     6.535 r  u_pe2/u_swshared/u_bsw/u_array/g_pe[137].u_pe/pr_j[8][7]_i_143/O
                         net (fo=1, unplaced)         0.407     6.942    u_pe2/u_swshared/u_bsw/u_array/g_pe[137].u_pe/pr_j[8][7]_i_143_n_0
                         LUT6 (Prop_lut6_I4_O)        0.043     6.985 r  u_pe2/u_swshared/u_bsw/u_array/g_pe[137].u_pe/pr_j[8][7]_i_44/O
                         net (fo=1, unplaced)         0.446     7.431    u_pe2/u_swshared/u_bsw/u_array/g_pe[137].u_pe/pr_j[8][7]_i_44_n_0
                         CARRY4 (Prop_carry4_S[3]_CO[3])
                                                      0.223     7.654 r  u_pe2/u_swshared/u_bsw/u_array/g_pe[137].u_pe/pr_j_reg[8][7]_i_8/CO[3]
                         net (fo=1, unplaced)         0.000     7.654    u_pe2/u_swshared/u_bsw/u_array/g_pe[137].u_pe/pr_j_reg[8][7]_i_8_n_0
                         CARRY4 (Prop_carry4_CI_CO[3])
                                                      0.054     7.708 f  u_pe2/u_swshared/u_bsw/u_array/g_pe[137].u_pe/pr_j_reg[8][7]_i_2/CO[3]
                         net (fo=30, unplaced)        0.482     8.190    u_pe2/u_swshared/u_bsw/u_array/g_pe[137].u_pe/pr_j[8][7]_i_16_0[0]
                         LUT6 (Prop_lut6_I0_O)        0.043     8.233 r  u_pe2/u_swshared/u_bsw/u_array/g_pe[137].u_pe/pr_i[8][3]_i_8/O
                         net (fo=1, unplaced)         0.270     8.503    u_pe2/u_swshared/u_bsw/u_array/g_pe[130].u_pe/pr_i[8][3]_i_4_0
                         LUT6 (Prop_lut6_I5_O)        0.043     8.546 r  u_pe2/u_swshared/u_bsw/u_array/g_pe[130].u_pe/pr_i[8][3]_i_6/O
                         net (fo=1, unplaced)         0.270     8.816    u_pe2/u_swshared/u_bsw/u_tracker/p_13_in[1]
                         LUT2 (Prop_lut2_I1_O)        0.043     8.859 r  u_pe2/u_swshared/u_bsw/u_tracker/pr_i[8][3]_i_4/O
                         net (fo=1, unplaced)         0.360     9.219    u_pe2/u_swshared/u_bsw/u_tracker/pr_i[8][3]_i_4_n_0
                         CARRY4 (Prop_carry4_S[1]_CO[3])
                                                      0.299     9.518 r  u_pe2/u_swshared/u_bsw/u_tracker/pr_i_reg[8][3]_i_1/CO[3]
                         net (fo=1, unplaced)         0.000     9.518    u_pe2/u_swshared/u_bsw/u_tracker/pr_i_reg[8][3]_i_1_n_0
                         CARRY4 (Prop_carry4_CI_CO[3])
                                                      0.054     9.572 r  u_pe2/u_swshared/u_bsw/u_tracker/pr_i_reg[8][7]_i_1/CO[3]
                         net (fo=1, unplaced)         0.000     9.572    u_pe2/u_swshared/u_bsw/u_tracker/pr_i_reg[8][7]_i_1_n_0
                         CARRY4 (Prop_carry4_CI_CO[3])
                                                      0.054     9.626 r  u_pe2/u_swshared/u_bsw/u_tracker/pr_i_reg[8][11]_i_1/CO[3]
                         net (fo=1, unplaced)         0.000     9.626    u_pe2/u_swshared/u_bsw/u_tracker/pr_i_reg[8][11]_i_1_n_0
                         CARRY4 (Prop_carry4_CI_O[1])
                                                      0.173     9.799 r  u_pe2/u_swshared/u_bsw/u_tracker/pr_i_reg[8][15]_i_2/O[1]
                         net (fo=1, unplaced)         0.301    10.100    u_pe2/u_swshared/u_bsw/u_tracker/s1_i14_out[13]
                         FDRE                                         r  u_pe2/u_swshared/u_bsw/u_tracker/pr_i_reg[8][13]/D
  -------------------------------------------------------------------    -------------------

                         (clock clk rise edge)        3.000     3.000 r  <hidden>
                                                      0.000     3.000 r  clk
                         net (fo=107049, unset)       0.510     3.510    u_pe2/u_swshared/u_bsw/u_tracker/clk
                         FDRE                                         r  u_pe2/u_swshared/u_bsw/u_tracker/pr_i_reg[8][13]/C
                         clock pessimism              0.000     3.510    <hidden>
                         clock uncertainty           -0.035     3.475    <hidden>
                         FDRE (Setup_fdre_C_D)       -0.071     3.404    u_pe2/u_swshared/u_bsw/u_tracker/pr_i_reg[8][13]
  -------------------------------------------------------------------
                         required time                          3.404    <hidden>
                         arrival time                         -10.100    <hidden>
  -------------------------------------------------------------------
                         slack                                 -6.696    <hidden>

Slack (VIOLATED) :        -6.696ns  (required time - arrival time)
  Source:                 u_pe2/u_swshared/u_bsw/u_array/g_pe[151].u_pe/H_curr_reg_reg[7]/C
                            (rising edge-triggered cell FDRE clocked by clk  {rise@0.000ns fall@1.500ns period=3.000ns})
  Destination:            u_pe2/u_swshared/u_bsw/u_tracker/pr_i_reg[9][11]/D
                            (rising edge-triggered cell FDRE clocked by clk  {rise@0.000ns fall@1.500ns period=3.000ns})
  Path Group:             clk
  Path Type:              Setup (Max at Slow Process Corner)
  Requirement:            3.000ns  (clk rise@3.000ns - clk rise@0.000ns)
  Data Path Delay:        9.568ns  (logic 2.441ns (25.512%)  route 7.127ns (74.488%))
  Logic Levels:           23  (CARRY4=11 LUT2=2 LUT3=1 LUT4=1 LUT5=2 LUT6=6)
  Clock Path Skew:        -0.027ns (DCD - SCD + CPR)
    Destination Clock Delay (DCD):    0.510ns = ( 3.510 - 3.000 ) 
    Source Clock Delay      (SCD):    0.537ns
    Clock Pessimism Removal (CPR):    0.000ns
  Clock Uncertainty:      0.035ns  ((TSJ^2 + TIJ^2)^1/2 + DJ) / 2 + PE
    Total System Jitter     (TSJ):    0.071ns
    Total Input Jitter      (TIJ):    0.000ns
    Discrete Jitter          (DJ):    0.000ns
    Phase Error              (PE):    0.000ns

    Location             Delay type                Incr(ns)  Path(ns)    Netlist Resource(s)
  -------------------------------------------------------------------    -------------------
                         (clock clk rise edge)        0.000     0.000 r  <hidden>
                                                      0.000     0.000 r  clk
                         net (fo=107049, unset)       0.537     0.537    u_pe2/u_swshared/u_bsw/u_array/g_pe[151].u_pe/clk
                         FDRE                                         r  u_pe2/u_swshared/u_bsw/u_array/g_pe[151].u_pe/H_curr_reg_reg[7]/C
  -------------------------------------------------------------------    -------------------
                         FDRE (Prop_fdre_C_Q)         0.223     0.760 r  u_pe2/u_swshared/u_bsw/u_array/g_pe[151].u_pe/H_curr_reg_reg[7]/Q
                         net (fo=11, unplaced)        0.573     1.333    u_pe2/u_swshared/u_bsw/u_array/g_pe[151].u_pe/H_curr_reg_reg[15]_1[7]
                         LUT6 (Prop_lut6_I0_O)        0.123     1.456 r  u_pe2/u_swshared/u_bsw/u_array/g_pe[151].u_pe/pr_j[9][7]_i_209/O
                         net (fo=1, unplaced)         0.446     1.902    u_pe2/u_swshared/u_bsw/u_array/g_pe[150].u_pe/pr_j_reg[9][7]_i_60_0[3]
                         CARRY4 (Prop_carry4_S[3]_CO[3])
                                                      0.223     2.125 r  u_pe2/u_swshared/u_bsw/u_array/g_pe[150].u_pe/pr_j_reg[9][7]_i_139/CO[3]
                         net (fo=1, unplaced)         0.000     2.125    u_pe2/u_swshared/u_bsw/u_array/g_pe[150].u_pe/pr_j_reg[9][7]_i_139_n_0
                         CARRY4 (Prop_carry4_CI_CO[3])
                                                      0.054     2.179 r  u_pe2/u_swshared/u_bsw/u_array/g_pe[150].u_pe/pr_j_reg[9][7]_i_60/CO[3]
                         net (fo=36, unplaced)        0.486     2.665    u_pe2/u_swshared/u_bsw/u_array/g_pe[150].u_pe/active_q_reg_2[0]
                         LUT5 (Prop_lut5_I2_O)        0.047     2.712 r  u_pe2/u_swshared/u_bsw/u_array/g_pe[150].u_pe/pr_j[9][7]_i_214/O
                         net (fo=5, unplaced)         0.298     3.010    u_pe2/u_swshared/u_bsw/u_array/g_pe[149].u_pe/pr_j[9][2]_i_37_0
                         LUT5 (Prop_lut5_I2_O)        0.043     3.053 r  u_pe2/u_swshared/u_bsw/u_array/g_pe[149].u_pe/pr_j[9][7]_i_201/O
                         net (fo=1, unplaced)         0.446     3.499    u_pe2/u_swshared/u_bsw/u_array/g_pe[149].u_pe/pr_j[9][7]_i_201_n_0
                         CARRY4 (Prop_carry4_S[3]_CO[3])
                                                      0.223     3.722 r  u_pe2/u_swshared/u_bsw/u_array/g_pe[149].u_pe/pr_j_reg[9][7]_i_130/CO[3]
                         net (fo=1, unplaced)         0.000     3.722    u_pe2/u_swshared/u_bsw/u_array/g_pe[149].u_pe/pr_j_reg[9][7]_i_130_n_0
                         CARRY4 (Prop_carry4_CI_CO[3])
                                                      0.054     3.776 r  u_pe2/u_swshared/u_bsw/u_array/g_pe[149].u_pe/pr_j_reg[9][7]_i_59/CO[3]
                         net (fo=38, unplaced)        0.487     4.263    u_pe2/u_swshared/u_bsw/u_array/g_pe[149].u_pe/active_q_reg_1[0]
                         LUT3 (Prop_lut3_I0_O)        0.043     4.306 f  u_pe2/u_swshared/u_bsw/u_array/g_pe[149].u_pe/pr_j[9][2]_i_75/O
                         net (fo=15, unplaced)        0.460     4.766    u_pe2/u_swshared/u_bsw/u_array/g_pe[149].u_pe/pr_j[9][2]_i_75_n_0
                         LUT6 (Prop_lut6_I1_O)        0.043     4.809 r  u_pe2/u_swshared/u_bsw/u_array/g_pe[149].u_pe/pr_j[9][2]_i_66/O
                         net (fo=4, unplaced)         0.294     5.103    u_pe2/u_swshared/u_bsw/u_array/g_pe[146].u_pe/pr_j_reg[9][2]_i_24_6
                         LUT4 (Prop_lut4_I3_O)        0.043     5.146 r  u_pe2/u_swshared/u_bsw/u_array/g_pe[146].u_pe/pr_j[9][2]_i_61/O
                         net (fo=1, unplaced)         0.446     5.592    u_pe2/u_swshared/u_bsw/u_array/g_pe[149].u_pe/pr_j_reg[9][2]_i_4_9[3]
                         CARRY4 (Prop_carry4_S[3]_CO[3])
                                                      0.223     5.815 r  u_pe2/u_swshared/u_bsw/u_array/g_pe[149].u_pe/pr_j_reg[9][2]_i_24/CO[3]
                         net (fo=1, unplaced)         0.000     5.815    u_pe2/u_swshared/u_bsw/u_array/g_pe[149].u_pe/pr_j_reg[9][2]_i_24_n_0
                         CARRY4 (Prop_carry4_CI_CO[3])
                                                      0.054     5.869 r  u_pe2/u_swshared/u_bsw/u_array/g_pe[149].u_pe/pr_j_reg[9][2]_i_4/CO[3]
                         net (fo=7, unplaced)         0.447     6.316    u_pe2/u_swshared/u_bsw/u_array/g_pe[149].u_pe/pr_j[9][2]_i_32[0]
                         LUT2 (Prop_lut2_I0_O)        0.043     6.359 r  u_pe2/u_swshared/u_bsw/u_array/g_pe[149].u_pe/pr_h[9][15]_i_7/O
                         net (fo=18, unplaced)        0.327     6.686    u_pe2/u_swshared/u_bsw/u_array/g_pe[146].u_pe/pr_h_reg[9][1]_0
                         LUT6 (Prop_lut6_I3_O)        0.043     6.729 r  u_pe2/u_swshared/u_bsw/u_array/g_pe[146].u_pe/pr_h[9][6]_i_2/O
                         net (fo=3, unplaced)         0.288     7.017    u_pe2/u_swshared/u_bsw/u_array/g_pe[157].u_pe/pr_h_reg[9][6]_0
                         LUT6 (Prop_lut6_I5_O)        0.043     7.060 r  u_pe2/u_swshared/u_bsw/u_array/g_pe[157].u_pe/pr_j[9][3]_i_30/O
                         net (fo=1, unplaced)         0.446     7.506    u_pe2/u_swshared/u_bsw/u_array/g_pe[157].u_pe/pr_j[9][3]_i_30_n_0
                         CARRY4 (Prop_carry4_S[3]_CO[3])
                                                      0.223     7.729 r  u_pe2/u_swshared/u_bsw/u_array/g_pe[157].u_pe/pr_j_reg[9][3]_i_5/CO[3]
                         net (fo=1, unplaced)         0.000     7.729    u_pe2/u_swshared/u_bsw/u_array/g_pe[157].u_pe/pr_j_reg[9][3]_i_5_n_0
                         CARRY4 (Prop_carry4_CI_CO[3])
                                                      0.054     7.783 f  u_pe2/u_swshared/u_bsw/u_array/g_pe[157].u_pe/pr_j_reg[9][3]_i_2/CO[3]
                         net (fo=32, unplaced)        0.483     8.266    u_pe2/u_swshared/u_bsw/u_array/g_pe[157].u_pe/pr_j[9][3]_i_13[0]
                         LUT6 (Prop_lut6_I5_O)        0.043     8.309 r  u_pe2/u_swshared/u_bsw/u_array/g_pe[157].u_pe/pr_i[9][3]_i_8/O
                         net (fo=1, unplaced)         0.270     8.579    u_pe2/u_swshared/u_bsw/u_array/g_pe[149].u_pe/pr_i[9][3]_i_4
                         LUT6 (Prop_lut6_I5_O)        0.043     8.622 r  u_pe2/u_swshared/u_bsw/u_array/g_pe[149].u_pe/pr_i[9][3]_i_6/O
                         net (fo=1, unplaced)         0.270     8.892    u_pe2/u_swshared/u_bsw/u_tracker/p_15_in[1]
                         LUT2 (Prop_lut2_I1_O)        0.043     8.935 r  u_pe2/u_swshared/u_bsw/u_tracker/pr_i[9][3]_i_4/O
                         net (fo=1, unplaced)         0.360     9.295    u_pe2/u_swshared/u_bsw/u_tracker/pr_i[9][3]_i_4_n_0
                         CARRY4 (Prop_carry4_S[1]_CO[3])
                                                      0.299     9.594 r  u_pe2/u_swshared/u_bsw/u_tracker/pr_i_reg[9][3]_i_1/CO[3]
                         net (fo=1, unplaced)         0.000     9.594    u_pe2/u_swshared/u_bsw/u_tracker/pr_i_reg[9][3]_i_1_n_0
                         CARRY4 (Prop_carry4_CI_CO[3])
                                                      0.054     9.648 r  u_pe2/u_swshared/u_bsw/u_tracker/pr_i_reg[9][7]_i_1/CO[3]
                         net (fo=1, unplaced)         0.000     9.648    u_pe2/u_swshared/u_bsw/u_tracker/pr_i_reg[9][7]_i_1_n_0
                         CARRY4 (Prop_carry4_CI_O[3])
                                                      0.157     9.805 r  u_pe2/u_swshared/u_bsw/u_tracker/pr_i_reg[9][11]_i_1/O[3]
                         net (fo=1, unplaced)         0.300    10.105    u_pe2/u_swshared/u_bsw/u_tracker/s1_i16_out[11]
                         FDRE                                         r  u_pe2/u_swshared/u_bsw/u_tracker/pr_i_reg[9][11]/D
  -------------------------------------------------------------------    -------------------

                         (clock clk rise edge)        3.000     3.000 r  <hidden>
                                                      0.000     3.000 r  clk
                         net (fo=107049, unset)       0.510     3.510    u_pe2/u_swshared/u_bsw/u_tracker/clk
                         FDRE                                         r  u_pe2/u_swshared/u_bsw/u_tracker/pr_i_reg[9][11]/C
                         clock pessimism              0.000     3.510    <hidden>
                         clock uncertainty           -0.035     3.475    <hidden>
                         FDRE (Setup_fdre_C_D)       -0.066     3.409    u_pe2/u_swshared/u_bsw/u_tracker/pr_i_reg[9][11]
  -------------------------------------------------------------------
                         required time                          3.409    <hidden>
                         arrival time                         -10.105    <hidden>
  -------------------------------------------------------------------
                         slack                                 -6.696    <hidden>

Slack (VIOLATED) :        -6.684ns  (required time - arrival time)
  Source:                 u_pe2/u_ce/u_ac/u_rt/u_purge/ch_sbase_reg/CLKBWRCLK
                            (rising edge-triggered cell RAMB18E1 clocked by clk  {rise@0.000ns fall@1.500ns period=3.000ns})
  Destination:            u_pe2/u_ce/u_ac/u_rt/u_purge/state_reg[0]/CE
                            (rising edge-triggered cell FDRE clocked by clk  {rise@0.000ns fall@1.500ns period=3.000ns})
  Path Group:             clk
  Path Type:              Setup (Max at Slow Process Corner)
  Requirement:            3.000ns  (clk rise@3.000ns - clk rise@0.000ns)
  Data Path Delay:        9.422ns  (logic 4.051ns (42.993%)  route 5.371ns (57.007%))
  Logic Levels:           27  (CARRY4=18 LUT2=1 LUT4=2 LUT6=5 RAMD64E=1)
  Clock Path Skew:        -0.027ns (DCD - SCD + CPR)
    Destination Clock Delay (DCD):    0.510ns = ( 3.510 - 3.000 ) 
    Source Clock Delay      (SCD):    0.537ns
    Clock Pessimism Removal (CPR):    0.000ns
  Clock Uncertainty:      0.035ns  ((TSJ^2 + TIJ^2)^1/2 + DJ) / 2 + PE
    Total System Jitter     (TSJ):    0.071ns
    Total Input Jitter      (TIJ):    0.000ns
    Discrete Jitter          (DJ):    0.000ns
    Phase Error              (PE):    0.000ns

    Location             Delay type                Incr(ns)  Path(ns)    Netlist Resource(s)
  -------------------------------------------------------------------    -------------------
                         (clock clk rise edge)        0.000     0.000 r  <hidden>
                                                      0.000     0.000 r  clk
                         net (fo=107049, unset)       0.537     0.537    u_pe2/u_ce/u_ac/u_rt/u_purge/clk
                         RAMB18E1                                     r  u_pe2/u_ce/u_ac/u_rt/u_purge/ch_sbase_reg/CLKBWRCLK
  -------------------------------------------------------------------    -------------------
                         RAMB18E1 (Prop_ramb18e1_CLKBWRCLK_DOBDO[0])
                                                      1.800     2.337 r  u_pe2/u_ce/u_ac/u_rt/u_purge/ch_sbase_reg/DOBDO[0]
                         net (fo=9, unplaced)         0.466     2.803    u_pe2/u_ce/u_ac/u_rt/u_purge/sbase_r[0]
                         LUT4 (Prop_lut4_I0_O)        0.043     2.846 r  u_pe2/u_ce/u_ac/u_rt/u_purge/sd_len_reg_r1_0_63_0_2_i_14/O
                         net (fo=1, unplaced)         0.359     3.205    u_pe2/u_ce/u_ac/u_rt/u_purge/sd_len_reg_r1_0_63_0_2_i_14_n_0
                         CARRY4 (Prop_carry4_S[0]_O[1])
                                                      0.260     3.465 r  u_pe2/u_ce/u_ac/u_rt/u_purge/sd_len_reg_r1_0_63_0_2_i_3/O[1]
                         net (fo=2064, unplaced)      0.686     4.151    u_pe2/u_ce/u_ac/u_rt/u_purge/sd_rbeg_reg_r1_960_1023_3_5/ADDRA1
                         RAMD64E (Prop_ramd64e_RADR1_O)
                                                      0.125     4.276 r  u_pe2/u_ce/u_ac/u_rt/u_purge/sd_rbeg_reg_r1_960_1023_3_5/RAMA/O
                         net (fo=1, unplaced)         0.532     4.808    u_pe2/u_ce/u_ac/u_rt/u_purge/sd_rbeg_reg_r1_960_1023_3_5_n_0
                         LUT6 (Prop_lut6_I0_O)        0.043     4.851 r  u_pe2/u_ce/u_ac/u_rt/u_purge/vv[15]_i_1525/O
                         net (fo=1, unplaced)         0.532     5.383    u_pe2/u_ce/u_ac/u_rt/u_purge/vv[15]_i_1525_n_0
                         LUT6 (Prop_lut6_I0_O)        0.043     5.426 r  u_pe2/u_ce/u_ac/u_rt/u_purge/vv[15]_i_1437/O
                         net (fo=3, unplaced)         0.288     5.714    u_pe2/u_ce/u_ac/u_rt/u_purge/t_rbeg[3]
                         LUT2 (Prop_lut2_I1_O)        0.043     5.757 r  u_pe2/u_ce/u_ac/u_rt/u_purge/vv[15]_i_1405/O
                         net (fo=1, unplaced)         0.446     6.203    u_pe2/u_ce/u_ac/u_rt/u_purge/vv[15]_i_1405_n_0
                         CARRY4 (Prop_carry4_S[3]_CO[3])
                                                      0.223     6.426 r  u_pe2/u_ce/u_ac/u_rt/u_purge/vv_reg[15]_i_1278/CO[3]
                         net (fo=1, unplaced)         0.000     6.426    u_pe2/u_ce/u_ac/u_rt/u_purge/vv_reg[15]_i_1278_n_0
                         CARRY4 (Prop_carry4_CI_CO[3])
                                                      0.054     6.480 r  u_pe2/u_ce/u_ac/u_rt/u_purge/vv_reg[15]_i_1276/CO[3]
                         net (fo=1, unplaced)         0.000     6.480    u_pe2/u_ce/u_ac/u_rt/u_purge/vv_reg[15]_i_1276_n_0
                         CARRY4 (Prop_carry4_CI_CO[3])
                                                      0.054     6.534 r  u_pe2/u_ce/u_ac/u_rt/u_purge/vv_reg[15]_i_1274/CO[3]
                         net (fo=1, unplaced)         0.000     6.534    u_pe2/u_ce/u_ac/u_rt/u_purge/vv_reg[15]_i_1274_n_0
                         CARRY4 (Prop_carry4_CI_CO[3])
                                                      0.054     6.588 r  u_pe2/u_ce/u_ac/u_rt/u_purge/vv_reg[15]_i_1105/CO[3]
                         net (fo=1, unplaced)         0.000     6.588    u_pe2/u_ce/u_ac/u_rt/u_purge/vv_reg[15]_i_1105_n_0
                         CARRY4 (Prop_carry4_CI_CO[3])
                                                      0.054     6.642 r  u_pe2/u_ce/u_ac/u_rt/u_purge/vv_reg[15]_i_1103/CO[3]
                         net (fo=1, unplaced)         0.000     6.642    u_pe2/u_ce/u_ac/u_rt/u_purge/vv_reg[15]_i_1103_n_0
                         CARRY4 (Prop_carry4_CI_CO[3])
                                                      0.054     6.696 r  u_pe2/u_ce/u_ac/u_rt/u_purge/vv_reg[15]_i_1101/CO[3]
                         net (fo=1, unplaced)         0.000     6.696    u_pe2/u_ce/u_ac/u_rt/u_purge/vv_reg[15]_i_1101_n_0
                         CARRY4 (Prop_carry4_CI_CO[3])
                                                      0.054     6.750 r  u_pe2/u_ce/u_ac/u_rt/u_purge/vv_reg[15]_i_849/CO[3]
                         net (fo=1, unplaced)         0.000     6.750    u_pe2/u_ce/u_ac/u_rt/u_purge/vv_reg[15]_i_849_n_0
                         CARRY4 (Prop_carry4_CI_CO[3])
                                                      0.054     6.804 r  u_pe2/u_ce/u_ac/u_rt/u_purge/vv_reg[15]_i_848/CO[3]
                         net (fo=1, unplaced)         0.000     6.804    u_pe2/u_ce/u_ac/u_rt/u_purge/vv_reg[15]_i_848_n_0
                         CARRY4 (Prop_carry4_CI_CO[3])
                                                      0.054     6.858 r  u_pe2/u_ce/u_ac/u_rt/u_purge/vv_reg[15]_i_847/CO[3]
                         net (fo=1, unplaced)         0.000     6.858    u_pe2/u_ce/u_ac/u_rt/u_purge/vv_reg[15]_i_847_n_0
                         CARRY4 (Prop_carry4_CI_CO[3])
                                                      0.054     6.912 r  u_pe2/u_ce/u_ac/u_rt/u_purge/vv_reg[15]_i_566/CO[3]
                         net (fo=1, unplaced)         0.000     6.912    u_pe2/u_ce/u_ac/u_rt/u_purge/vv_reg[15]_i_566_n_0
                         CARRY4 (Prop_carry4_CI_CO[3])
                                                      0.054     6.966 r  u_pe2/u_ce/u_ac/u_rt/u_purge/vv_reg[15]_i_565/CO[3]
                         net (fo=1, unplaced)         0.000     6.966    u_pe2/u_ce/u_ac/u_rt/u_purge/vv_reg[15]_i_565_n_0
                         CARRY4 (Prop_carry4_CI_CO[3])
                                                      0.054     7.020 r  u_pe2/u_ce/u_ac/u_rt/u_purge/vv_reg[15]_i_564/CO[3]
                         net (fo=1, unplaced)         0.000     7.020    u_pe2/u_ce/u_ac/u_rt/u_purge/vv_reg[15]_i_564_n_0
                         CARRY4 (Prop_carry4_CI_CO[3])
                                                      0.054     7.074 r  u_pe2/u_ce/u_ac/u_rt/u_purge/vv_reg[15]_i_341/CO[3]
                         net (fo=1, unplaced)         0.000     7.074    u_pe2/u_ce/u_ac/u_rt/u_purge/vv_reg[15]_i_341_n_0
                         CARRY4 (Prop_carry4_CI_CO[3])
                                                      0.054     7.128 r  u_pe2/u_ce/u_ac/u_rt/u_purge/vv_reg[15]_i_340/CO[3]
                         net (fo=1, unplaced)         0.000     7.128    u_pe2/u_ce/u_ac/u_rt/u_purge/vv_reg[15]_i_340_n_0
                         CARRY4 (Prop_carry4_CI_O[2])
                                                      0.120     7.248 r  u_pe2/u_ce/u_ac/u_rt/u_purge/vv_reg[15]_i_339/O[2]
                         net (fo=1, unplaced)         0.407     7.655    u_pe2/u_ce/u_ac/u_rt/u_purge/vv_reg[15]_i_339_n_5
                         LUT4 (Prop_lut4_I0_O)        0.127     7.782 r  u_pe2/u_ce/u_ac/u_rt/u_purge/vv[15]_i_178/O
                         net (fo=1, unplaced)         0.446     8.228    u_pe2/u_ce/u_ac/u_rt/u_purge/vv[15]_i_178_n_0
                         CARRY4 (Prop_carry4_S[3]_CO[3])
                                                      0.223     8.451 r  u_pe2/u_ce/u_ac/u_rt/u_purge/vv_reg[15]_i_56/CO[3]
                         net (fo=1, unplaced)         0.000     8.451    u_pe2/u_ce/u_ac/u_rt/u_purge/vv_reg[15]_i_56_n_0
                         CARRY4 (Prop_carry4_CI_CO[1])
                                                      0.089     8.540 r  u_pe2/u_ce/u_ac/u_rt/u_purge/vv_reg[15]_i_20/CO[1]
                         net (fo=1, unplaced)         0.351     8.891    u_pe2/u_ce/u_ac/u_rt/u_purge/vv_reg[15]_i_20_n_2
                         LUT6 (Prop_lut6_I1_O)        0.124     9.015 r  u_pe2/u_ce/u_ac/u_rt/u_purge/vv[15]_i_5/O
                         net (fo=3, unplaced)         0.288     9.303    u_pe2/u_ce/u_ac/u_rt/u_purge/vv_broke1_in
                         LUT6 (Prop_lut6_I1_O)        0.043     9.346 r  u_pe2/u_ce/u_ac/u_rt/u_purge/state[4]_i_8__0/O
                         net (fo=1, unplaced)         0.270     9.616    u_pe2/u_ce/u_ac/u_rt/u_purge/state[4]_i_8__0_n_0
                         LUT6 (Prop_lut6_I5_O)        0.043     9.659 r  u_pe2/u_ce/u_ac/u_rt/u_purge/state[4]_i_1__0/O
                         net (fo=5, unplaced)         0.300     9.959    u_pe2/u_ce/u_ac/u_rt/u_purge/state[4]_i_1__0_n_0
                         FDRE                                         r  u_pe2/u_ce/u_ac/u_rt/u_purge/state_reg[0]/CE
  -------------------------------------------------------------------    -------------------

                         (clock clk rise edge)        3.000     3.000 r  <hidden>
                                                      0.000     3.000 r  clk
                         net (fo=107049, unset)       0.510     3.510    u_pe2/u_ce/u_ac/u_rt/u_purge/clk
                         FDRE                                         r  u_pe2/u_ce/u_ac/u_rt/u_purge/state_reg[0]/C
                         clock pessimism              0.000     3.510    <hidden>
                         clock uncertainty           -0.035     3.475    <hidden>
                         FDRE (Setup_fdre_C_CE)      -0.199     3.276    u_pe2/u_ce/u_ac/u_rt/u_purge/state_reg[0]
  -------------------------------------------------------------------
                         required time                          3.276    <hidden>
                         arrival time                          -9.959    <hidden>
  -------------------------------------------------------------------
                         slack                                 -6.684    <hidden>

Slack (VIOLATED) :        -6.684ns  (required time - arrival time)
  Source:                 u_pe2/u_ce/u_ac/u_rt/u_purge/ch_sbase_reg/CLKBWRCLK
                            (rising edge-triggered cell RAMB18E1 clocked by clk  {rise@0.000ns fall@1.500ns period=3.000ns})
  Destination:            u_pe2/u_ce/u_ac/u_rt/u_purge/state_reg[1]/CE
                            (rising edge-triggered cell FDRE clocked by clk  {rise@0.000ns fall@1.500ns period=3.000ns})
  Path Group:             clk
  Path Type:              Setup (Max at Slow Process Corner)
  Requirement:            3.000ns  (clk rise@3.000ns - clk rise@0.000ns)
  Data Path Delay:        9.422ns  (logic 4.051ns (42.993%)  route 5.371ns (57.007%))
  Logic Levels:           27  (CARRY4=18 LUT2=1 LUT4=2 LUT6=5 RAMD64E=1)
  Clock Path Skew:        -0.027ns (DCD - SCD + CPR)
    Destination Clock Delay (DCD):    0.510ns = ( 3.510 - 3.000 ) 
    Source Clock Delay      (SCD):    0.537ns
    Clock Pessimism Removal (CPR):    0.000ns
  Clock Uncertainty:      0.035ns  ((TSJ^2 + TIJ^2)^1/2 + DJ) / 2 + PE
    Total System Jitter     (TSJ):    0.071ns
    Total Input Jitter      (TIJ):    0.000ns
    Discrete Jitter          (DJ):    0.000ns
    Phase Error              (PE):    0.000ns

    Location             Delay type                Incr(ns)  Path(ns)    Netlist Resource(s)
  -------------------------------------------------------------------    -------------------
                         (clock clk rise edge)        0.000     0.000 r  <hidden>
                                                      0.000     0.000 r  clk
                         net (fo=107049, unset)       0.537     0.537    u_pe2/u_ce/u_ac/u_rt/u_purge/clk
                         RAMB18E1                                     r  u_pe2/u_ce/u_ac/u_rt/u_purge/ch_sbase_reg/CLKBWRCLK
  -------------------------------------------------------------------    -------------------
                         RAMB18E1 (Prop_ramb18e1_CLKBWRCLK_DOBDO[0])
                                                      1.800     2.337 r  u_pe2/u_ce/u_ac/u_rt/u_purge/ch_sbase_reg/DOBDO[0]
                         net (fo=9, unplaced)         0.466     2.803    u_pe2/u_ce/u_ac/u_rt/u_purge/sbase_r[0]
                         LUT4 (Prop_lut4_I0_O)        0.043     2.846 r  u_pe2/u_ce/u_ac/u_rt/u_purge/sd_len_reg_r1_0_63_0_2_i_14/O
                         net (fo=1, unplaced)         0.359     3.205    u_pe2/u_ce/u_ac/u_rt/u_purge/sd_len_reg_r1_0_63_0_2_i_14_n_0
                         CARRY4 (Prop_carry4_S[0]_O[1])
                                                      0.260     3.465 r  u_pe2/u_ce/u_ac/u_rt/u_purge/sd_len_reg_r1_0_63_0_2_i_3/O[1]
                         net (fo=2064, unplaced)      0.686     4.151    u_pe2/u_ce/u_ac/u_rt/u_purge/sd_rbeg_reg_r1_960_1023_3_5/ADDRA1
                         RAMD64E (Prop_ramd64e_RADR1_O)
                                                      0.125     4.276 r  u_pe2/u_ce/u_ac/u_rt/u_purge/sd_rbeg_reg_r1_960_1023_3_5/RAMA/O
                         net (fo=1, unplaced)         0.532     4.808    u_pe2/u_ce/u_ac/u_rt/u_purge/sd_rbeg_reg_r1_960_1023_3_5_n_0
                         LUT6 (Prop_lut6_I0_O)        0.043     4.851 r  u_pe2/u_ce/u_ac/u_rt/u_purge/vv[15]_i_1525/O
                         net (fo=1, unplaced)         0.532     5.383    u_pe2/u_ce/u_ac/u_rt/u_purge/vv[15]_i_1525_n_0
                         LUT6 (Prop_lut6_I0_O)        0.043     5.426 r  u_pe2/u_ce/u_ac/u_rt/u_purge/vv[15]_i_1437/O
                         net (fo=3, unplaced)         0.288     5.714    u_pe2/u_ce/u_ac/u_rt/u_purge/t_rbeg[3]
                         LUT2 (Prop_lut2_I1_O)        0.043     5.757 r  u_pe2/u_ce/u_ac/u_rt/u_purge/vv[15]_i_1405/O
                         net (fo=1, unplaced)         0.446     6.203    u_pe2/u_ce/u_ac/u_rt/u_purge/vv[15]_i_1405_n_0
                         CARRY4 (Prop_carry4_S[3]_CO[3])
                                                      0.223     6.426 r  u_pe2/u_ce/u_ac/u_rt/u_purge/vv_reg[15]_i_1278/CO[3]
                         net (fo=1, unplaced)         0.000     6.426    u_pe2/u_ce/u_ac/u_rt/u_purge/vv_reg[15]_i_1278_n_0
                         CARRY4 (Prop_carry4_CI_CO[3])
                                                      0.054     6.480 r  u_pe2/u_ce/u_ac/u_rt/u_purge/vv_reg[15]_i_1276/CO[3]
                         net (fo=1, unplaced)         0.000     6.480    u_pe2/u_ce/u_ac/u_rt/u_purge/vv_reg[15]_i_1276_n_0
                         CARRY4 (Prop_carry4_CI_CO[3])
                                                      0.054     6.534 r  u_pe2/u_ce/u_ac/u_rt/u_purge/vv_reg[15]_i_1274/CO[3]
                         net (fo=1, unplaced)         0.000     6.534    u_pe2/u_ce/u_ac/u_rt/u_purge/vv_reg[15]_i_1274_n_0
                         CARRY4 (Prop_carry4_CI_CO[3])
                                                      0.054     6.588 r  u_pe2/u_ce/u_ac/u_rt/u_purge/vv_reg[15]_i_1105/CO[3]
                         net (fo=1, unplaced)         0.000     6.588    u_pe2/u_ce/u_ac/u_rt/u_purge/vv_reg[15]_i_1105_n_0
                         CARRY4 (Prop_carry4_CI_CO[3])
                                                      0.054     6.642 r  u_pe2/u_ce/u_ac/u_rt/u_purge/vv_reg[15]_i_1103/CO[3]
                         net (fo=1, unplaced)         0.000     6.642    u_pe2/u_ce/u_ac/u_rt/u_purge/vv_reg[15]_i_1103_n_0
                         CARRY4 (Prop_carry4_CI_CO[3])
                                                      0.054     6.696 r  u_pe2/u_ce/u_ac/u_rt/u_purge/vv_reg[15]_i_1101/CO[3]
                         net (fo=1, unplaced)         0.000     6.696    u_pe2/u_ce/u_ac/u_rt/u_purge/vv_reg[15]_i_1101_n_0
                         CARRY4 (Prop_carry4_CI_CO[3])
                                                      0.054     6.750 r  u_pe2/u_ce/u_ac/u_rt/u_purge/vv_reg[15]_i_849/CO[3]
                         net (fo=1, unplaced)         0.000     6.750    u_pe2/u_ce/u_ac/u_rt/u_purge/vv_reg[15]_i_849_n_0
                         CARRY4 (Prop_carry4_CI_CO[3])
                                                      0.054     6.804 r  u_pe2/u_ce/u_ac/u_rt/u_purge/vv_reg[15]_i_848/CO[3]
                         net (fo=1, unplaced)         0.000     6.804    u_pe2/u_ce/u_ac/u_rt/u_purge/vv_reg[15]_i_848_n_0
                         CARRY4 (Prop_carry4_CI_CO[3])
                                                      0.054     6.858 r  u_pe2/u_ce/u_ac/u_rt/u_purge/vv_reg[15]_i_847/CO[3]
                         net (fo=1, unplaced)         0.000     6.858    u_pe2/u_ce/u_ac/u_rt/u_purge/vv_reg[15]_i_847_n_0
                         CARRY4 (Prop_carry4_CI_CO[3])
                                                      0.054     6.912 r  u_pe2/u_ce/u_ac/u_rt/u_purge/vv_reg[15]_i_566/CO[3]
                         net (fo=1, unplaced)         0.000     6.912    u_pe2/u_ce/u_ac/u_rt/u_purge/vv_reg[15]_i_566_n_0
                         CARRY4 (Prop_carry4_CI_CO[3])
                                                      0.054     6.966 r  u_pe2/u_ce/u_ac/u_rt/u_purge/vv_reg[15]_i_565/CO[3]
                         net (fo=1, unplaced)         0.000     6.966    u_pe2/u_ce/u_ac/u_rt/u_purge/vv_reg[15]_i_565_n_0
                         CARRY4 (Prop_carry4_CI_CO[3])
                                                      0.054     7.020 r  u_pe2/u_ce/u_ac/u_rt/u_purge/vv_reg[15]_i_564/CO[3]
                         net (fo=1, unplaced)         0.000     7.020    u_pe2/u_ce/u_ac/u_rt/u_purge/vv_reg[15]_i_564_n_0
                         CARRY4 (Prop_carry4_CI_CO[3])
                                                      0.054     7.074 r  u_pe2/u_ce/u_ac/u_rt/u_purge/vv_reg[15]_i_341/CO[3]
                         net (fo=1, unplaced)         0.000     7.074    u_pe2/u_ce/u_ac/u_rt/u_purge/vv_reg[15]_i_341_n_0
                         CARRY4 (Prop_carry4_CI_CO[3])
                                                      0.054     7.128 r  u_pe2/u_ce/u_ac/u_rt/u_purge/vv_reg[15]_i_340/CO[3]
                         net (fo=1, unplaced)         0.000     7.128    u_pe2/u_ce/u_ac/u_rt/u_purge/vv_reg[15]_i_340_n_0
                         CARRY4 (Prop_carry4_CI_O[2])
                                                      0.120     7.248 r  u_pe2/u_ce/u_ac/u_rt/u_purge/vv_reg[15]_i_339/O[2]
                         net (fo=1, unplaced)         0.407     7.655    u_pe2/u_ce/u_ac/u_rt/u_purge/vv_reg[15]_i_339_n_5
                         LUT4 (Prop_lut4_I0_O)        0.127     7.782 r  u_pe2/u_ce/u_ac/u_rt/u_purge/vv[15]_i_178/O
                         net (fo=1, unplaced)         0.446     8.228    u_pe2/u_ce/u_ac/u_rt/u_purge/vv[15]_i_178_n_0
                         CARRY4 (Prop_carry4_S[3]_CO[3])
                                                      0.223     8.451 r  u_pe2/u_ce/u_ac/u_rt/u_purge/vv_reg[15]_i_56/CO[3]
                         net (fo=1, unplaced)         0.000     8.451    u_pe2/u_ce/u_ac/u_rt/u_purge/vv_reg[15]_i_56_n_0
                         CARRY4 (Prop_carry4_CI_CO[1])
                                                      0.089     8.540 r  u_pe2/u_ce/u_ac/u_rt/u_purge/vv_reg[15]_i_20/CO[1]
                         net (fo=1, unplaced)         0.351     8.891    u_pe2/u_ce/u_ac/u_rt/u_purge/vv_reg[15]_i_20_n_2
                         LUT6 (Prop_lut6_I1_O)        0.124     9.015 r  u_pe2/u_ce/u_ac/u_rt/u_purge/vv[15]_i_5/O
                         net (fo=3, unplaced)         0.288     9.303    u_pe2/u_ce/u_ac/u_rt/u_purge/vv_broke1_in
                         LUT6 (Prop_lut6_I1_O)        0.043     9.346 r  u_pe2/u_ce/u_ac/u_rt/u_purge/state[4]_i_8__0/O
                         net (fo=1, unplaced)         0.270     9.616    u_pe2/u_ce/u_ac/u_rt/u_purge/state[4]_i_8__0_n_0
                         LUT6 (Prop_lut6_I5_O)        0.043     9.659 r  u_pe2/u_ce/u_ac/u_rt/u_purge/state[4]_i_1__0/O
                         net (fo=5, unplaced)         0.300     9.959    u_pe2/u_ce/u_ac/u_rt/u_purge/state[4]_i_1__0_n_0
                         FDRE                                         r  u_pe2/u_ce/u_ac/u_rt/u_purge/state_reg[1]/CE
  -------------------------------------------------------------------    -------------------

                         (clock clk rise edge)        3.000     3.000 r  <hidden>
                                                      0.000     3.000 r  clk
                         net (fo=107049, unset)       0.510     3.510    u_pe2/u_ce/u_ac/u_rt/u_purge/clk
                         FDRE                                         r  u_pe2/u_ce/u_ac/u_rt/u_purge/state_reg[1]/C
                         clock pessimism              0.000     3.510    <hidden>
                         clock uncertainty           -0.035     3.475    <hidden>
                         FDRE (Setup_fdre_C_CE)      -0.199     3.276    u_pe2/u_ce/u_ac/u_rt/u_purge/state_reg[1]
  -------------------------------------------------------------------
                         required time                          3.276    <hidden>
                         arrival time                          -9.959    <hidden>
  -------------------------------------------------------------------
                         slack                                 -6.684    <hidden>

Slack (VIOLATED) :        -6.684ns  (required time - arrival time)
  Source:                 u_pe2/u_ce/u_ac/u_rt/u_purge/ch_sbase_reg/CLKBWRCLK
                            (rising edge-triggered cell RAMB18E1 clocked by clk  {rise@0.000ns fall@1.500ns period=3.000ns})
  Destination:            u_pe2/u_ce/u_ac/u_rt/u_purge/state_reg[2]/CE
                            (rising edge-triggered cell FDRE clocked by clk  {rise@0.000ns fall@1.500ns period=3.000ns})
  Path Group:             clk
  Path Type:              Setup (Max at Slow Process Corner)
  Requirement:            3.000ns  (clk rise@3.000ns - clk rise@0.000ns)
  Data Path Delay:        9.422ns  (logic 4.051ns (42.993%)  route 5.371ns (57.007%))
  Logic Levels:           27  (CARRY4=18 LUT2=1 LUT4=2 LUT6=5 RAMD64E=1)
  Clock Path Skew:        -0.027ns (DCD - SCD + CPR)
    Destination Clock Delay (DCD):    0.510ns = ( 3.510 - 3.000 ) 
    Source Clock Delay      (SCD):    0.537ns
    Clock Pessimism Removal (CPR):    0.000ns
  Clock Uncertainty:      0.035ns  ((TSJ^2 + TIJ^2)^1/2 + DJ) / 2 + PE
    Total System Jitter     (TSJ):    0.071ns
    Total Input Jitter      (TIJ):    0.000ns
    Discrete Jitter          (DJ):    0.000ns
    Phase Error              (PE):    0.000ns

    Location             Delay type                Incr(ns)  Path(ns)    Netlist Resource(s)
  -------------------------------------------------------------------    -------------------
                         (clock clk rise edge)        0.000     0.000 r  <hidden>
                                                      0.000     0.000 r  clk
                         net (fo=107049, unset)       0.537     0.537    u_pe2/u_ce/u_ac/u_rt/u_purge/clk
                         RAMB18E1                                     r  u_pe2/u_ce/u_ac/u_rt/u_purge/ch_sbase_reg/CLKBWRCLK
  -------------------------------------------------------------------    -------------------
                         RAMB18E1 (Prop_ramb18e1_CLKBWRCLK_DOBDO[0])
                                                      1.800     2.337 r  u_pe2/u_ce/u_ac/u_rt/u_purge/ch_sbase_reg/DOBDO[0]
                         net (fo=9, unplaced)         0.466     2.803    u_pe2/u_ce/u_ac/u_rt/u_purge/sbase_r[0]
                         LUT4 (Prop_lut4_I0_O)        0.043     2.846 r  u_pe2/u_ce/u_ac/u_rt/u_purge/sd_len_reg_r1_0_63_0_2_i_14/O
                         net (fo=1, unplaced)         0.359     3.205    u_pe2/u_ce/u_ac/u_rt/u_purge/sd_len_reg_r1_0_63_0_2_i_14_n_0
                         CARRY4 (Prop_carry4_S[0]_O[1])
                                                      0.260     3.465 r  u_pe2/u_ce/u_ac/u_rt/u_purge/sd_len_reg_r1_0_63_0_2_i_3/O[1]
                         net (fo=2064, unplaced)      0.686     4.151    u_pe2/u_ce/u_ac/u_rt/u_purge/sd_rbeg_reg_r1_960_1023_3_5/ADDRA1
                         RAMD64E (Prop_ramd64e_RADR1_O)
                                                      0.125     4.276 r  u_pe2/u_ce/u_ac/u_rt/u_purge/sd_rbeg_reg_r1_960_1023_3_5/RAMA/O
                         net (fo=1, unplaced)         0.532     4.808    u_pe2/u_ce/u_ac/u_rt/u_purge/sd_rbeg_reg_r1_960_1023_3_5_n_0
                         LUT6 (Prop_lut6_I0_O)        0.043     4.851 r  u_pe2/u_ce/u_ac/u_rt/u_purge/vv[15]_i_1525/O
                         net (fo=1, unplaced)         0.532     5.383    u_pe2/u_ce/u_ac/u_rt/u_purge/vv[15]_i_1525_n_0
                         LUT6 (Prop_lut6_I0_O)        0.043     5.426 r  u_pe2/u_ce/u_ac/u_rt/u_purge/vv[15]_i_1437/O
                         net (fo=3, unplaced)         0.288     5.714    u_pe2/u_ce/u_ac/u_rt/u_purge/t_rbeg[3]
                         LUT2 (Prop_lut2_I1_O)        0.043     5.757 r  u_pe2/u_ce/u_ac/u_rt/u_purge/vv[15]_i_1405/O
                         net (fo=1, unplaced)         0.446     6.203    u_pe2/u_ce/u_ac/u_rt/u_purge/vv[15]_i_1405_n_0
                         CARRY4 (Prop_carry4_S[3]_CO[3])
                                                      0.223     6.426 r  u_pe2/u_ce/u_ac/u_rt/u_purge/vv_reg[15]_i_1278/CO[3]
                         net (fo=1, unplaced)         0.000     6.426    u_pe2/u_ce/u_ac/u_rt/u_purge/vv_reg[15]_i_1278_n_0
                         CARRY4 (Prop_carry4_CI_CO[3])
                                                      0.054     6.480 r  u_pe2/u_ce/u_ac/u_rt/u_purge/vv_reg[15]_i_1276/CO[3]
                         net (fo=1, unplaced)         0.000     6.480    u_pe2/u_ce/u_ac/u_rt/u_purge/vv_reg[15]_i_1276_n_0
                         CARRY4 (Prop_carry4_CI_CO[3])
                                                      0.054     6.534 r  u_pe2/u_ce/u_ac/u_rt/u_purge/vv_reg[15]_i_1274/CO[3]
                         net (fo=1, unplaced)         0.000     6.534    u_pe2/u_ce/u_ac/u_rt/u_purge/vv_reg[15]_i_1274_n_0
                         CARRY4 (Prop_carry4_CI_CO[3])
                                                      0.054     6.588 r  u_pe2/u_ce/u_ac/u_rt/u_purge/vv_reg[15]_i_1105/CO[3]
                         net (fo=1, unplaced)         0.000     6.588    u_pe2/u_ce/u_ac/u_rt/u_purge/vv_reg[15]_i_1105_n_0
                         CARRY4 (Prop_carry4_CI_CO[3])
                                                      0.054     6.642 r  u_pe2/u_ce/u_ac/u_rt/u_purge/vv_reg[15]_i_1103/CO[3]
                         net (fo=1, unplaced)         0.000     6.642    u_pe2/u_ce/u_ac/u_rt/u_purge/vv_reg[15]_i_1103_n_0
                         CARRY4 (Prop_carry4_CI_CO[3])
                                                      0.054     6.696 r  u_pe2/u_ce/u_ac/u_rt/u_purge/vv_reg[15]_i_1101/CO[3]
                         net (fo=1, unplaced)         0.000     6.696    u_pe2/u_ce/u_ac/u_rt/u_purge/vv_reg[15]_i_1101_n_0
                         CARRY4 (Prop_carry4_CI_CO[3])
                                                      0.054     6.750 r  u_pe2/u_ce/u_ac/u_rt/u_purge/vv_reg[15]_i_849/CO[3]
                         net (fo=1, unplaced)         0.000     6.750    u_pe2/u_ce/u_ac/u_rt/u_purge/vv_reg[15]_i_849_n_0
                         CARRY4 (Prop_carry4_CI_CO[3])
                                                      0.054     6.804 r  u_pe2/u_ce/u_ac/u_rt/u_purge/vv_reg[15]_i_848/CO[3]
                         net (fo=1, unplaced)         0.000     6.804    u_pe2/u_ce/u_ac/u_rt/u_purge/vv_reg[15]_i_848_n_0
                         CARRY4 (Prop_carry4_CI_CO[3])
                                                      0.054     6.858 r  u_pe2/u_ce/u_ac/u_rt/u_purge/vv_reg[15]_i_847/CO[3]
                         net (fo=1, unplaced)         0.000     6.858    u_pe2/u_ce/u_ac/u_rt/u_purge/vv_reg[15]_i_847_n_0
                         CARRY4 (Prop_carry4_CI_CO[3])
                                                      0.054     6.912 r  u_pe2/u_ce/u_ac/u_rt/u_purge/vv_reg[15]_i_566/CO[3]
                         net (fo=1, unplaced)         0.000     6.912    u_pe2/u_ce/u_ac/u_rt/u_purge/vv_reg[15]_i_566_n_0
                         CARRY4 (Prop_carry4_CI_CO[3])
                                                      0.054     6.966 r  u_pe2/u_ce/u_ac/u_rt/u_purge/vv_reg[15]_i_565/CO[3]
                         net (fo=1, unplaced)         0.000     6.966    u_pe2/u_ce/u_ac/u_rt/u_purge/vv_reg[15]_i_565_n_0
                         CARRY4 (Prop_carry4_CI_CO[3])
                                                      0.054     7.020 r  u_pe2/u_ce/u_ac/u_rt/u_purge/vv_reg[15]_i_564/CO[3]
                         net (fo=1, unplaced)         0.000     7.020    u_pe2/u_ce/u_ac/u_rt/u_purge/vv_reg[15]_i_564_n_0
                         CARRY4 (Prop_carry4_CI_CO[3])
                                                      0.054     7.074 r  u_pe2/u_ce/u_ac/u_rt/u_purge/vv_reg[15]_i_341/CO[3]
                         net (fo=1, unplaced)         0.000     7.074    u_pe2/u_ce/u_ac/u_rt/u_purge/vv_reg[15]_i_341_n_0
                         CARRY4 (Prop_carry4_CI_CO[3])
                                                      0.054     7.128 r  u_pe2/u_ce/u_ac/u_rt/u_purge/vv_reg[15]_i_340/CO[3]
                         net (fo=1, unplaced)         0.000     7.128    u_pe2/u_ce/u_ac/u_rt/u_purge/vv_reg[15]_i_340_n_0
                         CARRY4 (Prop_carry4_CI_O[2])
                                                      0.120     7.248 r  u_pe2/u_ce/u_ac/u_rt/u_purge/vv_reg[15]_i_339/O[2]
                         net (fo=1, unplaced)         0.407     7.655    u_pe2/u_ce/u_ac/u_rt/u_purge/vv_reg[15]_i_339_n_5
                         LUT4 (Prop_lut4_I0_O)        0.127     7.782 r  u_pe2/u_ce/u_ac/u_rt/u_purge/vv[15]_i_178/O
                         net (fo=1, unplaced)         0.446     8.228    u_pe2/u_ce/u_ac/u_rt/u_purge/vv[15]_i_178_n_0
                         CARRY4 (Prop_carry4_S[3]_CO[3])
                                                      0.223     8.451 r  u_pe2/u_ce/u_ac/u_rt/u_purge/vv_reg[15]_i_56/CO[3]
                         net (fo=1, unplaced)         0.000     8.451    u_pe2/u_ce/u_ac/u_rt/u_purge/vv_reg[15]_i_56_n_0
                         CARRY4 (Prop_carry4_CI_CO[1])
                                                      0.089     8.540 r  u_pe2/u_ce/u_ac/u_rt/u_purge/vv_reg[15]_i_20/CO[1]
                         net (fo=1, unplaced)         0.351     8.891    u_pe2/u_ce/u_ac/u_rt/u_purge/vv_reg[15]_i_20_n_2
                         LUT6 (Prop_lut6_I1_O)        0.124     9.015 r  u_pe2/u_ce/u_ac/u_rt/u_purge/vv[15]_i_5/O
                         net (fo=3, unplaced)         0.288     9.303    u_pe2/u_ce/u_ac/u_rt/u_purge/vv_broke1_in
                         LUT6 (Prop_lut6_I1_O)        0.043     9.346 r  u_pe2/u_ce/u_ac/u_rt/u_purge/state[4]_i_8__0/O
                         net (fo=1, unplaced)         0.270     9.616    u_pe2/u_ce/u_ac/u_rt/u_purge/state[4]_i_8__0_n_0
                         LUT6 (Prop_lut6_I5_O)        0.043     9.659 r  u_pe2/u_ce/u_ac/u_rt/u_purge/state[4]_i_1__0/O
                         net (fo=5, unplaced)         0.300     9.959    u_pe2/u_ce/u_ac/u_rt/u_purge/state[4]_i_1__0_n_0
                         FDRE                                         r  u_pe2/u_ce/u_ac/u_rt/u_purge/state_reg[2]/CE
  -------------------------------------------------------------------    -------------------

                         (clock clk rise edge)        3.000     3.000 r  <hidden>
                                                      0.000     3.000 r  clk
                         net (fo=107049, unset)       0.510     3.510    u_pe2/u_ce/u_ac/u_rt/u_purge/clk
                         FDRE                                         r  u_pe2/u_ce/u_ac/u_rt/u_purge/state_reg[2]/C
                         clock pessimism              0.000     3.510    <hidden>
                         clock uncertainty           -0.035     3.475    <hidden>
                         FDRE (Setup_fdre_C_CE)      -0.199     3.276    u_pe2/u_ce/u_ac/u_rt/u_purge/state_reg[2]
  -------------------------------------------------------------------
                         required time                          3.276    <hidden>
                         arrival time                          -9.959    <hidden>
  -------------------------------------------------------------------
                         slack                                 -6.684    <hidden>

Slack (VIOLATED) :        -6.684ns  (required time - arrival time)
  Source:                 u_pe2/u_ce/u_ac/u_rt/u_purge/ch_sbase_reg/CLKBWRCLK
                            (rising edge-triggered cell RAMB18E1 clocked by clk  {rise@0.000ns fall@1.500ns period=3.000ns})
  Destination:            u_pe2/u_ce/u_ac/u_rt/u_purge/state_reg[3]/CE
                            (rising edge-triggered cell FDRE clocked by clk  {rise@0.000ns fall@1.500ns period=3.000ns})
  Path Group:             clk
  Path Type:              Setup (Max at Slow Process Corner)
  Requirement:            3.000ns  (clk rise@3.000ns - clk rise@0.000ns)
  Data Path Delay:        9.422ns  (logic 4.051ns (42.993%)  route 5.371ns (57.007%))
  Logic Levels:           27  (CARRY4=18 LUT2=1 LUT4=2 LUT6=5 RAMD64E=1)
  Clock Path Skew:        -0.027ns (DCD - SCD + CPR)
    Destination Clock Delay (DCD):    0.510ns = ( 3.510 - 3.000 ) 
    Source Clock Delay      (SCD):    0.537ns
    Clock Pessimism Removal (CPR):    0.000ns
  Clock Uncertainty:      0.035ns  ((TSJ^2 + TIJ^2)^1/2 + DJ) / 2 + PE
    Total System Jitter     (TSJ):    0.071ns
    Total Input Jitter      (TIJ):    0.000ns
    Discrete Jitter          (DJ):    0.000ns
    Phase Error              (PE):    0.000ns

    Location             Delay type                Incr(ns)  Path(ns)    Netlist Resource(s)
  -------------------------------------------------------------------    -------------------
                         (clock clk rise edge)        0.000     0.000 r  <hidden>
                                                      0.000     0.000 r  clk
                         net (fo=107049, unset)       0.537     0.537    u_pe2/u_ce/u_ac/u_rt/u_purge/clk
                         RAMB18E1                                     r  u_pe2/u_ce/u_ac/u_rt/u_purge/ch_sbase_reg/CLKBWRCLK
  -------------------------------------------------------------------    -------------------
                         RAMB18E1 (Prop_ramb18e1_CLKBWRCLK_DOBDO[0])
                                                      1.800     2.337 r  u_pe2/u_ce/u_ac/u_rt/u_purge/ch_sbase_reg/DOBDO[0]
                         net (fo=9, unplaced)         0.466     2.803    u_pe2/u_ce/u_ac/u_rt/u_purge/sbase_r[0]
                         LUT4 (Prop_lut4_I0_O)        0.043     2.846 r  u_pe2/u_ce/u_ac/u_rt/u_purge/sd_len_reg_r1_0_63_0_2_i_14/O
                         net (fo=1, unplaced)         0.359     3.205    u_pe2/u_ce/u_ac/u_rt/u_purge/sd_len_reg_r1_0_63_0_2_i_14_n_0
                         CARRY4 (Prop_carry4_S[0]_O[1])
                                                      0.260     3.465 r  u_pe2/u_ce/u_ac/u_rt/u_purge/sd_len_reg_r1_0_63_0_2_i_3/O[1]
                         net (fo=2064, unplaced)      0.686     4.151    u_pe2/u_ce/u_ac/u_rt/u_purge/sd_rbeg_reg_r1_960_1023_3_5/ADDRA1
                         RAMD64E (Prop_ramd64e_RADR1_O)
                                                      0.125     4.276 r  u_pe2/u_ce/u_ac/u_rt/u_purge/sd_rbeg_reg_r1_960_1023_3_5/RAMA/O
                         net (fo=1, unplaced)         0.532     4.808    u_pe2/u_ce/u_ac/u_rt/u_purge/sd_rbeg_reg_r1_960_1023_3_5_n_0
                         LUT6 (Prop_lut6_I0_O)        0.043     4.851 r  u_pe2/u_ce/u_ac/u_rt/u_purge/vv[15]_i_1525/O
                         net (fo=1, unplaced)         0.532     5.383    u_pe2/u_ce/u_ac/u_rt/u_purge/vv[15]_i_1525_n_0
                         LUT6 (Prop_lut6_I0_O)        0.043     5.426 r  u_pe2/u_ce/u_ac/u_rt/u_purge/vv[15]_i_1437/O
                         net (fo=3, unplaced)         0.288     5.714    u_pe2/u_ce/u_ac/u_rt/u_purge/t_rbeg[3]
                         LUT2 (Prop_lut2_I1_O)        0.043     5.757 r  u_pe2/u_ce/u_ac/u_rt/u_purge/vv[15]_i_1405/O
                         net (fo=1, unplaced)         0.446     6.203    u_pe2/u_ce/u_ac/u_rt/u_purge/vv[15]_i_1405_n_0
                         CARRY4 (Prop_carry4_S[3]_CO[3])
                                                      0.223     6.426 r  u_pe2/u_ce/u_ac/u_rt/u_purge/vv_reg[15]_i_1278/CO[3]
                         net (fo=1, unplaced)         0.000     6.426    u_pe2/u_ce/u_ac/u_rt/u_purge/vv_reg[15]_i_1278_n_0
                         CARRY4 (Prop_carry4_CI_CO[3])
                                                      0.054     6.480 r  u_pe2/u_ce/u_ac/u_rt/u_purge/vv_reg[15]_i_1276/CO[3]
                         net (fo=1, unplaced)         0.000     6.480    u_pe2/u_ce/u_ac/u_rt/u_purge/vv_reg[15]_i_1276_n_0
                         CARRY4 (Prop_carry4_CI_CO[3])
                                                      0.054     6.534 r  u_pe2/u_ce/u_ac/u_rt/u_purge/vv_reg[15]_i_1274/CO[3]
                         net (fo=1, unplaced)         0.000     6.534    u_pe2/u_ce/u_ac/u_rt/u_purge/vv_reg[15]_i_1274_n_0
                         CARRY4 (Prop_carry4_CI_CO[3])
                                                      0.054     6.588 r  u_pe2/u_ce/u_ac/u_rt/u_purge/vv_reg[15]_i_1105/CO[3]
                         net (fo=1, unplaced)         0.000     6.588    u_pe2/u_ce/u_ac/u_rt/u_purge/vv_reg[15]_i_1105_n_0
                         CARRY4 (Prop_carry4_CI_CO[3])
                                                      0.054     6.642 r  u_pe2/u_ce/u_ac/u_rt/u_purge/vv_reg[15]_i_1103/CO[3]
                         net (fo=1, unplaced)         0.000     6.642    u_pe2/u_ce/u_ac/u_rt/u_purge/vv_reg[15]_i_1103_n_0
                         CARRY4 (Prop_carry4_CI_CO[3])
                                                      0.054     6.696 r  u_pe2/u_ce/u_ac/u_rt/u_purge/vv_reg[15]_i_1101/CO[3]
                         net (fo=1, unplaced)         0.000     6.696    u_pe2/u_ce/u_ac/u_rt/u_purge/vv_reg[15]_i_1101_n_0
                         CARRY4 (Prop_carry4_CI_CO[3])
                                                      0.054     6.750 r  u_pe2/u_ce/u_ac/u_rt/u_purge/vv_reg[15]_i_849/CO[3]
                         net (fo=1, unplaced)         0.000     6.750    u_pe2/u_ce/u_ac/u_rt/u_purge/vv_reg[15]_i_849_n_0
                         CARRY4 (Prop_carry4_CI_CO[3])
                                                      0.054     6.804 r  u_pe2/u_ce/u_ac/u_rt/u_purge/vv_reg[15]_i_848/CO[3]
                         net (fo=1, unplaced)         0.000     6.804    u_pe2/u_ce/u_ac/u_rt/u_purge/vv_reg[15]_i_848_n_0
                         CARRY4 (Prop_carry4_CI_CO[3])
                                                      0.054     6.858 r  u_pe2/u_ce/u_ac/u_rt/u_purge/vv_reg[15]_i_847/CO[3]
                         net (fo=1, unplaced)         0.000     6.858    u_pe2/u_ce/u_ac/u_rt/u_purge/vv_reg[15]_i_847_n_0
                         CARRY4 (Prop_carry4_CI_CO[3])
                                                      0.054     6.912 r  u_pe2/u_ce/u_ac/u_rt/u_purge/vv_reg[15]_i_566/CO[3]
                         net (fo=1, unplaced)         0.000     6.912    u_pe2/u_ce/u_ac/u_rt/u_purge/vv_reg[15]_i_566_n_0
                         CARRY4 (Prop_carry4_CI_CO[3])
                                                      0.054     6.966 r  u_pe2/u_ce/u_ac/u_rt/u_purge/vv_reg[15]_i_565/CO[3]
                         net (fo=1, unplaced)         0.000     6.966    u_pe2/u_ce/u_ac/u_rt/u_purge/vv_reg[15]_i_565_n_0
                         CARRY4 (Prop_carry4_CI_CO[3])
                                                      0.054     7.020 r  u_pe2/u_ce/u_ac/u_rt/u_purge/vv_reg[15]_i_564/CO[3]
                         net (fo=1, unplaced)         0.000     7.020    u_pe2/u_ce/u_ac/u_rt/u_purge/vv_reg[15]_i_564_n_0
                         CARRY4 (Prop_carry4_CI_CO[3])
                                                      0.054     7.074 r  u_pe2/u_ce/u_ac/u_rt/u_purge/vv_reg[15]_i_341/CO[3]
                         net (fo=1, unplaced)         0.000     7.074    u_pe2/u_ce/u_ac/u_rt/u_purge/vv_reg[15]_i_341_n_0
                         CARRY4 (Prop_carry4_CI_CO[3])
                                                      0.054     7.128 r  u_pe2/u_ce/u_ac/u_rt/u_purge/vv_reg[15]_i_340/CO[3]
                         net (fo=1, unplaced)         0.000     7.128    u_pe2/u_ce/u_ac/u_rt/u_purge/vv_reg[15]_i_340_n_0
                         CARRY4 (Prop_carry4_CI_O[2])
                                                      0.120     7.248 r  u_pe2/u_ce/u_ac/u_rt/u_purge/vv_reg[15]_i_339/O[2]
                         net (fo=1, unplaced)         0.407     7.655    u_pe2/u_ce/u_ac/u_rt/u_purge/vv_reg[15]_i_339_n_5
                         LUT4 (Prop_lut4_I0_O)        0.127     7.782 r  u_pe2/u_ce/u_ac/u_rt/u_purge/vv[15]_i_178/O
                         net (fo=1, unplaced)         0.446     8.228    u_pe2/u_ce/u_ac/u_rt/u_purge/vv[15]_i_178_n_0
                         CARRY4 (Prop_carry4_S[3]_CO[3])
                                                      0.223     8.451 r  u_pe2/u_ce/u_ac/u_rt/u_purge/vv_reg[15]_i_56/CO[3]
                         net (fo=1, unplaced)         0.000     8.451    u_pe2/u_ce/u_ac/u_rt/u_purge/vv_reg[15]_i_56_n_0
                         CARRY4 (Prop_carry4_CI_CO[1])
                                                      0.089     8.540 r  u_pe2/u_ce/u_ac/u_rt/u_purge/vv_reg[15]_i_20/CO[1]
                         net (fo=1, unplaced)         0.351     8.891    u_pe2/u_ce/u_ac/u_rt/u_purge/vv_reg[15]_i_20_n_2
                         LUT6 (Prop_lut6_I1_O)        0.124     9.015 r  u_pe2/u_ce/u_ac/u_rt/u_purge/vv[15]_i_5/O
                         net (fo=3, unplaced)         0.288     9.303    u_pe2/u_ce/u_ac/u_rt/u_purge/vv_broke1_in
                         LUT6 (Prop_lut6_I1_O)        0.043     9.346 r  u_pe2/u_ce/u_ac/u_rt/u_purge/state[4]_i_8__0/O
                         net (fo=1, unplaced)         0.270     9.616    u_pe2/u_ce/u_ac/u_rt/u_purge/state[4]_i_8__0_n_0
                         LUT6 (Prop_lut6_I5_O)        0.043     9.659 r  u_pe2/u_ce/u_ac/u_rt/u_purge/state[4]_i_1__0/O
                         net (fo=5, unplaced)         0.300     9.959    u_pe2/u_ce/u_ac/u_rt/u_purge/state[4]_i_1__0_n_0
                         FDRE                                         r  u_pe2/u_ce/u_ac/u_rt/u_purge/state_reg[3]/CE
  -------------------------------------------------------------------    -------------------

                         (clock clk rise edge)        3.000     3.000 r  <hidden>
                                                      0.000     3.000 r  clk
                         net (fo=107049, unset)       0.510     3.510    u_pe2/u_ce/u_ac/u_rt/u_purge/clk
                         FDRE                                         r  u_pe2/u_ce/u_ac/u_rt/u_purge/state_reg[3]/C
                         clock pessimism              0.000     3.510    <hidden>
                         clock uncertainty           -0.035     3.475    <hidden>
                         FDRE (Setup_fdre_C_CE)      -0.199     3.276    u_pe2/u_ce/u_ac/u_rt/u_purge/state_reg[3]
  -------------------------------------------------------------------
                         required time                          3.276    <hidden>
                         arrival time                          -9.959    <hidden>
  -------------------------------------------------------------------
                         slack                                 -6.684    <hidden>

Slack (VIOLATED) :        -6.684ns  (required time - arrival time)
  Source:                 u_pe2/u_ce/u_ac/u_rt/u_purge/ch_sbase_reg/CLKBWRCLK
                            (rising edge-triggered cell RAMB18E1 clocked by clk  {rise@0.000ns fall@1.500ns period=3.000ns})
  Destination:            u_pe2/u_ce/u_ac/u_rt/u_purge/state_reg[4]/CE
                            (rising edge-triggered cell FDRE clocked by clk  {rise@0.000ns fall@1.500ns period=3.000ns})
  Path Group:             clk
  Path Type:              Setup (Max at Slow Process Corner)
  Requirement:            3.000ns  (clk rise@3.000ns - clk rise@0.000ns)
  Data Path Delay:        9.422ns  (logic 4.051ns (42.993%)  route 5.371ns (57.007%))
  Logic Levels:           27  (CARRY4=18 LUT2=1 LUT4=2 LUT6=5 RAMD64E=1)
  Clock Path Skew:        -0.027ns (DCD - SCD + CPR)
    Destination Clock Delay (DCD):    0.510ns = ( 3.510 - 3.000 ) 
    Source Clock Delay      (SCD):    0.537ns
    Clock Pessimism Removal (CPR):    0.000ns
  Clock Uncertainty:      0.035ns  ((TSJ^2 + TIJ^2)^1/2 + DJ) / 2 + PE
    Total System Jitter     (TSJ):    0.071ns
    Total Input Jitter      (TIJ):    0.000ns
    Discrete Jitter          (DJ):    0.000ns
    Phase Error              (PE):    0.000ns

    Location             Delay type                Incr(ns)  Path(ns)    Netlist Resource(s)
  -------------------------------------------------------------------    -------------------
                         (clock clk rise edge)        0.000     0.000 r  <hidden>
                                                      0.000     0.000 r  clk
                         net (fo=107049, unset)       0.537     0.537    u_pe2/u_ce/u_ac/u_rt/u_purge/clk
                         RAMB18E1                                     r  u_pe2/u_ce/u_ac/u_rt/u_purge/ch_sbase_reg/CLKBWRCLK
  -------------------------------------------------------------------    -------------------
                         RAMB18E1 (Prop_ramb18e1_CLKBWRCLK_DOBDO[0])
                                                      1.800     2.337 r  u_pe2/u_ce/u_ac/u_rt/u_purge/ch_sbase_reg/DOBDO[0]
                         net (fo=9, unplaced)         0.466     2.803    u_pe2/u_ce/u_ac/u_rt/u_purge/sbase_r[0]
                         LUT4 (Prop_lut4_I0_O)        0.043     2.846 r  u_pe2/u_ce/u_ac/u_rt/u_purge/sd_len_reg_r1_0_63_0_2_i_14/O
                         net (fo=1, unplaced)         0.359     3.205    u_pe2/u_ce/u_ac/u_rt/u_purge/sd_len_reg_r1_0_63_0_2_i_14_n_0
                         CARRY4 (Prop_carry4_S[0]_O[1])
                                                      0.260     3.465 r  u_pe2/u_ce/u_ac/u_rt/u_purge/sd_len_reg_r1_0_63_0_2_i_3/O[1]
                         net (fo=2064, unplaced)      0.686     4.151    u_pe2/u_ce/u_ac/u_rt/u_purge/sd_rbeg_reg_r1_960_1023_3_5/ADDRA1
                         RAMD64E (Prop_ramd64e_RADR1_O)
                                                      0.125     4.276 r  u_pe2/u_ce/u_ac/u_rt/u_purge/sd_rbeg_reg_r1_960_1023_3_5/RAMA/O
                         net (fo=1, unplaced)         0.532     4.808    u_pe2/u_ce/u_ac/u_rt/u_purge/sd_rbeg_reg_r1_960_1023_3_5_n_0
                         LUT6 (Prop_lut6_I0_O)        0.043     4.851 r  u_pe2/u_ce/u_ac/u_rt/u_purge/vv[15]_i_1525/O
                         net (fo=1, unplaced)         0.532     5.383    u_pe2/u_ce/u_ac/u_rt/u_purge/vv[15]_i_1525_n_0
                         LUT6 (Prop_lut6_I0_O)        0.043     5.426 r  u_pe2/u_ce/u_ac/u_rt/u_purge/vv[15]_i_1437/O
                         net (fo=3, unplaced)         0.288     5.714    u_pe2/u_ce/u_ac/u_rt/u_purge/t_rbeg[3]
                         LUT2 (Prop_lut2_I1_O)        0.043     5.757 r  u_pe2/u_ce/u_ac/u_rt/u_purge/vv[15]_i_1405/O
                         net (fo=1, unplaced)         0.446     6.203    u_pe2/u_ce/u_ac/u_rt/u_purge/vv[15]_i_1405_n_0
                         CARRY4 (Prop_carry4_S[3]_CO[3])
                                                      0.223     6.426 r  u_pe2/u_ce/u_ac/u_rt/u_purge/vv_reg[15]_i_1278/CO[3]
                         net (fo=1, unplaced)         0.000     6.426    u_pe2/u_ce/u_ac/u_rt/u_purge/vv_reg[15]_i_1278_n_0
                         CARRY4 (Prop_carry4_CI_CO[3])
                                                      0.054     6.480 r  u_pe2/u_ce/u_ac/u_rt/u_purge/vv_reg[15]_i_1276/CO[3]
                         net (fo=1, unplaced)         0.000     6.480    u_pe2/u_ce/u_ac/u_rt/u_purge/vv_reg[15]_i_1276_n_0
                         CARRY4 (Prop_carry4_CI_CO[3])
                                                      0.054     6.534 r  u_pe2/u_ce/u_ac/u_rt/u_purge/vv_reg[15]_i_1274/CO[3]
                         net (fo=1, unplaced)         0.000     6.534    u_pe2/u_ce/u_ac/u_rt/u_purge/vv_reg[15]_i_1274_n_0
                         CARRY4 (Prop_carry4_CI_CO[3])
                                                      0.054     6.588 r  u_pe2/u_ce/u_ac/u_rt/u_purge/vv_reg[15]_i_1105/CO[3]
                         net (fo=1, unplaced)         0.000     6.588    u_pe2/u_ce/u_ac/u_rt/u_purge/vv_reg[15]_i_1105_n_0
                         CARRY4 (Prop_carry4_CI_CO[3])
                                                      0.054     6.642 r  u_pe2/u_ce/u_ac/u_rt/u_purge/vv_reg[15]_i_1103/CO[3]
                         net (fo=1, unplaced)         0.000     6.642    u_pe2/u_ce/u_ac/u_rt/u_purge/vv_reg[15]_i_1103_n_0
                         CARRY4 (Prop_carry4_CI_CO[3])
                                                      0.054     6.696 r  u_pe2/u_ce/u_ac/u_rt/u_purge/vv_reg[15]_i_1101/CO[3]
                         net (fo=1, unplaced)         0.000     6.696    u_pe2/u_ce/u_ac/u_rt/u_purge/vv_reg[15]_i_1101_n_0
                         CARRY4 (Prop_carry4_CI_CO[3])
                                                      0.054     6.750 r  u_pe2/u_ce/u_ac/u_rt/u_purge/vv_reg[15]_i_849/CO[3]
                         net (fo=1, unplaced)         0.000     6.750    u_pe2/u_ce/u_ac/u_rt/u_purge/vv_reg[15]_i_849_n_0
                         CARRY4 (Prop_carry4_CI_CO[3])
                                                      0.054     6.804 r  u_pe2/u_ce/u_ac/u_rt/u_purge/vv_reg[15]_i_848/CO[3]
                         net (fo=1, unplaced)         0.000     6.804    u_pe2/u_ce/u_ac/u_rt/u_purge/vv_reg[15]_i_848_n_0
                         CARRY4 (Prop_carry4_CI_CO[3])
                                                      0.054     6.858 r  u_pe2/u_ce/u_ac/u_rt/u_purge/vv_reg[15]_i_847/CO[3]
                         net (fo=1, unplaced)         0.000     6.858    u_pe2/u_ce/u_ac/u_rt/u_purge/vv_reg[15]_i_847_n_0
                         CARRY4 (Prop_carry4_CI_CO[3])
                                                      0.054     6.912 r  u_pe2/u_ce/u_ac/u_rt/u_purge/vv_reg[15]_i_566/CO[3]
                         net (fo=1, unplaced)         0.000     6.912    u_pe2/u_ce/u_ac/u_rt/u_purge/vv_reg[15]_i_566_n_0
                         CARRY4 (Prop_carry4_CI_CO[3])
                                                      0.054     6.966 r  u_pe2/u_ce/u_ac/u_rt/u_purge/vv_reg[15]_i_565/CO[3]
                         net (fo=1, unplaced)         0.000     6.966    u_pe2/u_ce/u_ac/u_rt/u_purge/vv_reg[15]_i_565_n_0
                         CARRY4 (Prop_carry4_CI_CO[3])
                                                      0.054     7.020 r  u_pe2/u_ce/u_ac/u_rt/u_purge/vv_reg[15]_i_564/CO[3]
                         net (fo=1, unplaced)         0.000     7.020    u_pe2/u_ce/u_ac/u_rt/u_purge/vv_reg[15]_i_564_n_0
                         CARRY4 (Prop_carry4_CI_CO[3])
                                                      0.054     7.074 r  u_pe2/u_ce/u_ac/u_rt/u_purge/vv_reg[15]_i_341/CO[3]
                         net (fo=1, unplaced)         0.000     7.074    u_pe2/u_ce/u_ac/u_rt/u_purge/vv_reg[15]_i_341_n_0
                         CARRY4 (Prop_carry4_CI_CO[3])
                                                      0.054     7.128 r  u_pe2/u_ce/u_ac/u_rt/u_purge/vv_reg[15]_i_340/CO[3]
                         net (fo=1, unplaced)         0.000     7.128    u_pe2/u_ce/u_ac/u_rt/u_purge/vv_reg[15]_i_340_n_0
                         CARRY4 (Prop_carry4_CI_O[2])
                                                      0.120     7.248 r  u_pe2/u_ce/u_ac/u_rt/u_purge/vv_reg[15]_i_339/O[2]
                         net (fo=1, unplaced)         0.407     7.655    u_pe2/u_ce/u_ac/u_rt/u_purge/vv_reg[15]_i_339_n_5
                         LUT4 (Prop_lut4_I0_O)        0.127     7.782 r  u_pe2/u_ce/u_ac/u_rt/u_purge/vv[15]_i_178/O
                         net (fo=1, unplaced)         0.446     8.228    u_pe2/u_ce/u_ac/u_rt/u_purge/vv[15]_i_178_n_0
                         CARRY4 (Prop_carry4_S[3]_CO[3])
                                                      0.223     8.451 r  u_pe2/u_ce/u_ac/u_rt/u_purge/vv_reg[15]_i_56/CO[3]
                         net (fo=1, unplaced)         0.000     8.451    u_pe2/u_ce/u_ac/u_rt/u_purge/vv_reg[15]_i_56_n_0
                         CARRY4 (Prop_carry4_CI_CO[1])
                                                      0.089     8.540 r  u_pe2/u_ce/u_ac/u_rt/u_purge/vv_reg[15]_i_20/CO[1]
                         net (fo=1, unplaced)         0.351     8.891    u_pe2/u_ce/u_ac/u_rt/u_purge/vv_reg[15]_i_20_n_2
                         LUT6 (Prop_lut6_I1_O)        0.124     9.015 r  u_pe2/u_ce/u_ac/u_rt/u_purge/vv[15]_i_5/O
                         net (fo=3, unplaced)         0.288     9.303    u_pe2/u_ce/u_ac/u_rt/u_purge/vv_broke1_in
                         LUT6 (Prop_lut6_I1_O)        0.043     9.346 r  u_pe2/u_ce/u_ac/u_rt/u_purge/state[4]_i_8__0/O
                         net (fo=1, unplaced)         0.270     9.616    u_pe2/u_ce/u_ac/u_rt/u_purge/state[4]_i_8__0_n_0
                         LUT6 (Prop_lut6_I5_O)        0.043     9.659 r  u_pe2/u_ce/u_ac/u_rt/u_purge/state[4]_i_1__0/O
                         net (fo=5, unplaced)         0.300     9.959    u_pe2/u_ce/u_ac/u_rt/u_purge/state[4]_i_1__0_n_0
                         FDRE                                         r  u_pe2/u_ce/u_ac/u_rt/u_purge/state_reg[4]/CE
  -------------------------------------------------------------------    -------------------

                         (clock clk rise edge)        3.000     3.000 r  <hidden>
                                                      0.000     3.000 r  clk
                         net (fo=107049, unset)       0.510     3.510    u_pe2/u_ce/u_ac/u_rt/u_purge/clk
                         FDRE                                         r  u_pe2/u_ce/u_ac/u_rt/u_purge/state_reg[4]/C
                         clock pessimism              0.000     3.510    <hidden>
                         clock uncertainty           -0.035     3.475    <hidden>
                         FDRE (Setup_fdre_C_CE)      -0.199     3.276    u_pe2/u_ce/u_ac/u_rt/u_purge/state_reg[4]
  -------------------------------------------------------------------
                         required time                          3.276    <hidden>
                         arrival time                          -9.959    <hidden>
  -------------------------------------------------------------------
                         slack                                 -6.684    <hidden>

Slack (VIOLATED) :        -6.675ns  (required time - arrival time)
  Source:                 u_pe2/u_swshared/u_bsw/u_array/g_pe[43].u_pe/H_curr_reg_reg[7]/C
                            (rising edge-triggered cell FDRE clocked by clk  {rise@0.000ns fall@1.500ns period=3.000ns})
  Destination:            u_pe2/u_swshared/u_bsw/u_tracker/pr_i_reg[2][15]/D
                            (rising edge-triggered cell FDRE clocked by clk  {rise@0.000ns fall@1.500ns period=3.000ns})
  Path Group:             clk
  Path Type:              Setup (Max at Slow Process Corner)
  Requirement:            3.000ns  (clk rise@3.000ns - clk rise@0.000ns)
  Data Path Delay:        9.547ns  (logic 2.448ns (25.642%)  route 7.099ns (74.358%))
  Logic Levels:           23  (CARRY4=12 LUT2=1 LUT3=1 LUT4=1 LUT5=2 LUT6=6)
  Clock Path Skew:        -0.027ns (DCD - SCD + CPR)
    Destination Clock Delay (DCD):    0.510ns = ( 3.510 - 3.000 ) 
    Source Clock Delay      (SCD):    0.537ns
    Clock Pessimism Removal (CPR):    0.000ns
  Clock Uncertainty:      0.035ns  ((TSJ^2 + TIJ^2)^1/2 + DJ) / 2 + PE
    Total System Jitter     (TSJ):    0.071ns
    Total Input Jitter      (TIJ):    0.000ns
    Discrete Jitter          (DJ):    0.000ns
    Phase Error              (PE):    0.000ns

    Location             Delay type                Incr(ns)  Path(ns)    Netlist Resource(s)
  -------------------------------------------------------------------    -------------------
                         (clock clk rise edge)        0.000     0.000 r  <hidden>
                                                      0.000     0.000 r  clk
                         net (fo=107049, unset)       0.537     0.537    u_pe2/u_swshared/u_bsw/u_array/g_pe[43].u_pe/clk
                         FDRE                                         r  u_pe2/u_swshared/u_bsw/u_array/g_pe[43].u_pe/H_curr_reg_reg[7]/C
  -------------------------------------------------------------------    -------------------
                         FDRE (Prop_fdre_C_Q)         0.223     0.760 r  u_pe2/u_swshared/u_bsw/u_array/g_pe[43].u_pe/H_curr_reg_reg[7]/Q
                         net (fo=10, unplaced)        0.570     1.330    u_pe2/u_swshared/u_bsw/u_array/g_pe[43].u_pe/H_curr_reg_reg[15]_1[7]
                         LUT6 (Prop_lut6_I0_O)        0.123     1.453 r  u_pe2/u_swshared/u_bsw/u_array/g_pe[43].u_pe/pr_j[2][5]_i_264/O
                         net (fo=1, unplaced)         0.446     1.899    u_pe2/u_swshared/u_bsw/u_array/g_pe[42].u_pe/pr_j_reg[2][5]_i_50_1[3]
                         CARRY4 (Prop_carry4_S[3]_CO[3])
                                                      0.223     2.122 r  u_pe2/u_swshared/u_bsw/u_array/g_pe[42].u_pe/pr_j_reg[2][5]_i_139/CO[3]
                         net (fo=1, unplaced)         0.000     2.122    u_pe2/u_swshared/u_bsw/u_array/g_pe[42].u_pe/pr_j_reg[2][5]_i_139_n_0
                         CARRY4 (Prop_carry4_CI_CO[3])
                                                      0.054     2.176 r  u_pe2/u_swshared/u_bsw/u_array/g_pe[42].u_pe/pr_j_reg[2][5]_i_50/CO[3]
                         net (fo=20, unplaced)        0.472     2.648    u_pe2/u_swshared/u_bsw/u_array/g_pe[42].u_pe/active_q_reg_2[0]
                         LUT5 (Prop_lut5_I2_O)        0.043     2.691 r  u_pe2/u_swshared/u_bsw/u_array/g_pe[42].u_pe/pr_h[2][6]_i_10/O
                         net (fo=6, unplaced)         0.302     2.993    u_pe2/u_swshared/u_bsw/u_array/g_pe[40].u_pe/pr_j_reg[2][5]_i_60_7
                         LUT5 (Prop_lut5_I4_O)        0.043     3.036 r  u_pe2/u_swshared/u_bsw/u_array/g_pe[40].u_pe/pr_j[2][5]_i_160/O
                         net (fo=1, unplaced)         0.446     3.482    u_pe2/u_swshared/u_bsw/u_array/g_pe[40].u_pe/pr_j[2][5]_i_160_n_0
                         CARRY4 (Prop_carry4_S[3]_CO[3])
                                                      0.223     3.705 r  u_pe2/u_swshared/u_bsw/u_array/g_pe[40].u_pe/pr_j_reg[2][5]_i_60/CO[3]
                         net (fo=1, unplaced)         0.000     3.705    u_pe2/u_swshared/u_bsw/u_array/g_pe[40].u_pe/pr_j_reg[2][5]_i_60_n_0
                         CARRY4 (Prop_carry4_CI_CO[3])
                                                      0.054     3.759 r  u_pe2/u_swshared/u_bsw/u_array/g_pe[40].u_pe/pr_j_reg[2][5]_i_15/CO[3]
                         net (fo=23, unplaced)        0.475     4.234    u_pe2/u_swshared/u_bsw/u_array/g_pe[41].u_pe/pr_h_reg[2][15]_3[0]
                         LUT3 (Prop_lut3_I2_O)        0.043     4.277 f  u_pe2/u_swshared/u_bsw/u_array/g_pe[41].u_pe/pr_h[2][14]_i_12/O
                         net (fo=31, unplaced)        0.477     4.754    u_pe2/u_swshared/u_bsw/u_array/g_pe[41].u_pe/pr_h[2][14]_i_12_n_0
                         LUT6 (Prop_lut6_I0_O)        0.043     4.797 r  u_pe2/u_swshared/u_bsw/u_array/g_pe[41].u_pe/pr_h[2][7]_i_4/O
                         net (fo=4, unplaced)         0.431     5.228    u_pe2/u_swshared/u_bsw/u_array/g_pe[41].u_pe/pr_h[2][7]_i_4_n_0
                         LUT4 (Prop_lut4_I1_O)        0.043     5.271 r  u_pe2/u_swshared/u_bsw/u_array/g_pe[41].u_pe/pr_j[2][3]_i_27/O
                         net (fo=1, unplaced)         0.446     5.717    u_pe2/u_swshared/u_bsw/u_array/g_pe[41].u_pe/pr_j[2][3]_i_27_n_0
                         CARRY4 (Prop_carry4_S[3]_CO[3])
                                                      0.223     5.940 r  u_pe2/u_swshared/u_bsw/u_array/g_pe[41].u_pe/pr_j_reg[2][3]_i_5/CO[3]
                         net (fo=1, unplaced)         0.000     5.940    u_pe2/u_swshared/u_bsw/u_array/g_pe[41].u_pe/pr_j_reg[2][3]_i_5_n_0
                         CARRY4 (Prop_carry4_CI_CO[3])
                                                      0.054     5.994 r  u_pe2/u_swshared/u_bsw/u_array/g_pe[41].u_pe/pr_j_reg[2][3]_i_3/CO[3]
                         net (fo=56, unplaced)        0.497     6.491    u_pe2/u_swshared/u_bsw/u_array/g_pe[41].u_pe/pr_j[2][3]_i_13_0[0]
                         LUT6 (Prop_lut6_I3_O)        0.043     6.534 r  u_pe2/u_swshared/u_bsw/u_array/g_pe[41].u_pe/pr_j[2][5]_i_210/O
                         net (fo=1, unplaced)         0.407     6.941    u_pe2/u_swshared/u_bsw/u_array/g_pe[41].u_pe/pr_j[2][5]_i_210_n_0
                         LUT6 (Prop_lut6_I4_O)        0.043     6.984 r  u_pe2/u_swshared/u_bsw/u_array/g_pe[41].u_pe/pr_j[2][5]_i_93/O
                         net (fo=1, unplaced)         0.446     7.430    u_pe2/u_swshared/u_bsw/u_array/g_pe[41].u_pe/pr_j[2][5]_i_93_n_0
                         CARRY4 (Prop_carry4_S[3]_CO[3])
                                                      0.223     7.653 r  u_pe2/u_swshared/u_bsw/u_array/g_pe[41].u_pe/pr_j_reg[2][5]_i_20/CO[3]
                         net (fo=1, unplaced)         0.000     7.653    u_pe2/u_swshared/u_bsw/u_array/g_pe[41].u_pe/pr_j_reg[2][5]_i_20_n_0
                         CARRY4 (Prop_carry4_CI_CO[3])
                                                      0.054     7.707 f  u_pe2/u_swshared/u_bsw/u_array/g_pe[41].u_pe/pr_j_reg[2][5]_i_6/CO[3]
                         net (fo=33, unplaced)        0.484     8.191    u_pe2/u_swshared/u_bsw/u_array/g_pe[41].u_pe/pr_j[2][5]_i_28_0[0]
                         LUT6 (Prop_lut6_I5_O)        0.043     8.234 r  u_pe2/u_swshared/u_bsw/u_array/g_pe[41].u_pe/pr_i[2][3]_i_8/O
                         net (fo=1, unplaced)         0.270     8.504    u_pe2/u_swshared/u_bsw/u_array/g_pe[36].u_pe/pr_i[2][3]_i_4_0
                         LUT6 (Prop_lut6_I5_O)        0.043     8.547 r  u_pe2/u_swshared/u_bsw/u_array/g_pe[36].u_pe/pr_i[2][3]_i_6/O
                         net (fo=1, unplaced)         0.270     8.817    u_pe2/u_swshared/u_bsw/u_tracker/p_1_in[1]
                         LUT2 (Prop_lut2_I1_O)        0.043     8.860 r  u_pe2/u_swshared/u_bsw/u_tracker/pr_i[2][3]_i_4/O
                         net (fo=1, unplaced)         0.360     9.220    u_pe2/u_swshared/u_bsw/u_tracker/pr_i[2][3]_i_4_n_0
                         CARRY4 (Prop_carry4_S[1]_CO[3])
                                                      0.299     9.519 r  u_pe2/u_swshared/u_bsw/u_tracker/pr_i_reg[2][3]_i_1/CO[3]
                         net (fo=1, unplaced)         0.000     9.519    u_pe2/u_swshared/u_bsw/u_tracker/pr_i_reg[2][3]_i_1_n_0
                         CARRY4 (Prop_carry4_CI_CO[3])
                                                      0.054     9.573 r  u_pe2/u_swshared/u_bsw/u_tracker/pr_i_reg[2][7]_i_1/CO[3]
                         net (fo=1, unplaced)         0.000     9.573    u_pe2/u_swshared/u_bsw/u_tracker/pr_i_reg[2][7]_i_1_n_0
                         CARRY4 (Prop_carry4_CI_CO[3])
                                                      0.054     9.627 r  u_pe2/u_swshared/u_bsw/u_tracker/pr_i_reg[2][11]_i_1/CO[3]
                         net (fo=1, unplaced)         0.000     9.627    u_pe2/u_swshared/u_bsw/u_tracker/pr_i_reg[2][11]_i_1_n_0
                         CARRY4 (Prop_carry4_CI_O[3])
                                                      0.157     9.784 r  u_pe2/u_swshared/u_bsw/u_tracker/pr_i_reg[2][15]_i_2/O[3]
                         net (fo=1, unplaced)         0.300    10.084    u_pe2/u_swshared/u_bsw/u_tracker/s1_i2_out[15]
                         FDRE                                         r  u_pe2/u_swshared/u_bsw/u_tracker/pr_i_reg[2][15]/D
  -------------------------------------------------------------------    -------------------

                         (clock clk rise edge)        3.000     3.000 r  <hidden>
                                                      0.000     3.000 r  clk
                         net (fo=107049, unset)       0.510     3.510    u_pe2/u_swshared/u_bsw/u_tracker/clk
                         FDRE                                         r  u_pe2/u_swshared/u_bsw/u_tracker/pr_i_reg[2][15]/C
                         clock pessimism              0.000     3.510    <hidden>
                         clock uncertainty           -0.035     3.475    <hidden>
                         FDRE (Setup_fdre_C_D)       -0.066     3.409    u_pe2/u_swshared/u_bsw/u_tracker/pr_i_reg[2][15]
  -------------------------------------------------------------------
                         required time                          3.409    <hidden>
                         arrival time                         -10.084    <hidden>
  -------------------------------------------------------------------
                         slack                                 -6.675    <hidden>

Slack (VIOLATED) :        -6.674ns  (required time - arrival time)
  Source:                 u_pe2/u_swshared/u_bsw/u_array/g_pe[139].u_pe/H_curr_reg_reg[7]/C
                            (rising edge-triggered cell FDRE clocked by clk  {rise@0.000ns fall@1.500ns period=3.000ns})
  Destination:            u_pe2/u_swshared/u_bsw/u_tracker/pr_i_reg[8][15]/D
                            (rising edge-triggered cell FDRE clocked by clk  {rise@0.000ns fall@1.500ns period=3.000ns})
  Path Group:             clk
  Path Type:              Setup (Max at Slow Process Corner)
  Requirement:            3.000ns  (clk rise@3.000ns - clk rise@0.000ns)
  Data Path Delay:        9.546ns  (logic 2.448ns (25.644%)  route 7.098ns (74.356%))
  Logic Levels:           23  (CARRY4=12 LUT2=1 LUT3=1 LUT4=1 LUT5=2 LUT6=6)
  Clock Path Skew:        -0.027ns (DCD - SCD + CPR)
    Destination Clock Delay (DCD):    0.510ns = ( 3.510 - 3.000 ) 
    Source Clock Delay      (SCD):    0.537ns
    Clock Pessimism Removal (CPR):    0.000ns
  Clock Uncertainty:      0.035ns  ((TSJ^2 + TIJ^2)^1/2 + DJ) / 2 + PE
    Total System Jitter     (TSJ):    0.071ns
    Total Input Jitter      (TIJ):    0.000ns
    Discrete Jitter          (DJ):    0.000ns
    Phase Error              (PE):    0.000ns

    Location             Delay type                Incr(ns)  Path(ns)    Netlist Resource(s)
  -------------------------------------------------------------------    -------------------
                         (clock clk rise edge)        0.000     0.000 r  <hidden>
                                                      0.000     0.000 r  clk
                         net (fo=107049, unset)       0.537     0.537    u_pe2/u_swshared/u_bsw/u_array/g_pe[139].u_pe/clk
                         FDRE                                         r  u_pe2/u_swshared/u_bsw/u_array/g_pe[139].u_pe/H_curr_reg_reg[7]/C
  -------------------------------------------------------------------    -------------------
                         FDRE (Prop_fdre_C_Q)         0.223     0.760 r  u_pe2/u_swshared/u_bsw/u_array/g_pe[139].u_pe/H_curr_reg_reg[7]/Q
                         net (fo=10, unplaced)        0.570     1.330    u_pe2/u_swshared/u_bsw/u_array/g_pe[139].u_pe/H_curr_reg_reg[15]_1[7]
                         LUT6 (Prop_lut6_I0_O)        0.123     1.453 r  u_pe2/u_swshared/u_bsw/u_array/g_pe[139].u_pe/pr_j[8][3]_i_18/O
                         net (fo=1, unplaced)         0.446     1.899    u_pe2/u_swshared/u_bsw/u_array/g_pe[138].u_pe/pr_j_reg[8][3]_i_4_0[3]
                         CARRY4 (Prop_carry4_S[3]_CO[3])
                                                      0.223     2.122 r  u_pe2/u_swshared/u_bsw/u_array/g_pe[138].u_pe/pr_j_reg[8][3]_i_5/CO[3]
                         net (fo=1, unplaced)         0.000     2.122    u_pe2/u_swshared/u_bsw/u_array/g_pe[138].u_pe/pr_j_reg[8][3]_i_5_n_0
                         CARRY4 (Prop_carry4_CI_CO[3])
                                                      0.054     2.176 r  u_pe2/u_swshared/u_bsw/u_array/g_pe[138].u_pe/pr_j_reg[8][3]_i_4/CO[3]
                         net (fo=20, unplaced)        0.472     2.648    u_pe2/u_swshared/u_bsw/u_array/g_pe[138].u_pe/H_curr_reg_reg[15]_2[0]
                         LUT5 (Prop_lut5_I2_O)        0.043     2.691 r  u_pe2/u_swshared/u_bsw/u_array/g_pe[138].u_pe/pr_h[8][6]_i_9/O
                         net (fo=6, unplaced)         0.302     2.993    u_pe2/u_swshared/u_bsw/u_array/g_pe[137].u_pe/pr_h_reg[8][6]_1
                         LUT5 (Prop_lut5_I2_O)        0.043     3.036 r  u_pe2/u_swshared/u_bsw/u_array/g_pe[137].u_pe/pr_j[8][7]_i_256/O
                         net (fo=1, unplaced)         0.446     3.482    u_pe2/u_swshared/u_bsw/u_array/g_pe[137].u_pe/pr_j[8][7]_i_256_n_0
                         CARRY4 (Prop_carry4_S[3]_CO[3])
                                                      0.223     3.705 r  u_pe2/u_swshared/u_bsw/u_array/g_pe[137].u_pe/pr_j_reg[8][7]_i_112/CO[3]
                         net (fo=1, unplaced)         0.000     3.705    u_pe2/u_swshared/u_bsw/u_array/g_pe[137].u_pe/pr_j_reg[8][7]_i_112_n_0
                         CARRY4 (Prop_carry4_CI_CO[3])
                                                      0.054     3.759 r  u_pe2/u_swshared/u_bsw/u_array/g_pe[137].u_pe/pr_j_reg[8][7]_i_36/CO[3]
                         net (fo=22, unplaced)        0.474     4.233    u_pe2/u_swshared/u_bsw/u_array/g_pe[137].u_pe/pr_j_reg[8][7]_i_36_n_0
                         LUT3 (Prop_lut3_I2_O)        0.043     4.276 f  u_pe2/u_swshared/u_bsw/u_array/g_pe[137].u_pe/pr_h[8][14]_i_9/O
                         net (fo=32, unplaced)        0.478     4.754    u_pe2/u_swshared/u_bsw/u_array/g_pe[137].u_pe/pr_j_reg[8][7]_i_36_0
                         LUT6 (Prop_lut6_I0_O)        0.043     4.797 r  u_pe2/u_swshared/u_bsw/u_array/g_pe[137].u_pe/pr_h[8][7]_i_3/O
                         net (fo=4, unplaced)         0.431     5.228    u_pe2/u_swshared/u_bsw/u_array/g_pe[141].u_pe/pr_j_reg[8][7]_i_27_5
                         LUT4 (Prop_lut4_I1_O)        0.043     5.271 r  u_pe2/u_swshared/u_bsw/u_array/g_pe[141].u_pe/pr_j[8][7]_i_108/O
                         net (fo=1, unplaced)         0.446     5.717    u_pe2/u_swshared/u_bsw/u_array/g_pe[137].u_pe/pr_j_reg[8][7]_i_6_0[3]
                         CARRY4 (Prop_carry4_S[3]_CO[3])
                                                      0.223     5.940 r  u_pe2/u_swshared/u_bsw/u_array/g_pe[137].u_pe/pr_j_reg[8][7]_i_27/CO[3]
                         net (fo=1, unplaced)         0.000     5.940    u_pe2/u_swshared/u_bsw/u_array/g_pe[137].u_pe/pr_j_reg[8][7]_i_27_n_0
                         CARRY4 (Prop_carry4_CI_CO[3])
                                                      0.054     5.994 r  u_pe2/u_swshared/u_bsw/u_array/g_pe[137].u_pe/pr_j_reg[8][7]_i_6/CO[3]
                         net (fo=58, unplaced)        0.498     6.492    u_pe2/u_swshared/u_bsw/u_array/g_pe[137].u_pe/CO[0]
                         LUT6 (Prop_lut6_I3_O)        0.043     6.535 r  u_pe2/u_swshared/u_bsw/u_array/g_pe[137].u_pe/pr_j[8][7]_i_143/O
                         net (fo=1, unplaced)         0.407     6.942    u_pe2/u_swshared/u_bsw/u_array/g_pe[137].u_pe/pr_j[8][7]_i_143_n_0
                         LUT6 (Prop_lut6_I4_O)        0.043     6.985 r  u_pe2/u_swshared/u_bsw/u_array/g_pe[137].u_pe/pr_j[8][7]_i_44/O
                         net (fo=1, unplaced)         0.446     7.431    u_pe2/u_swshared/u_bsw/u_array/g_pe[137].u_pe/pr_j[8][7]_i_44_n_0
                         CARRY4 (Prop_carry4_S[3]_CO[3])
                                                      0.223     7.654 r  u_pe2/u_swshared/u_bsw/u_array/g_pe[137].u_pe/pr_j_reg[8][7]_i_8/CO[3]
                         net (fo=1, unplaced)         0.000     7.654    u_pe2/u_swshared/u_bsw/u_array/g_pe[137].u_pe/pr_j_reg[8][7]_i_8_n_0
                         CARRY4 (Prop_carry4_CI_CO[3])
                                                      0.054     7.708 f  u_pe2/u_swshared/u_bsw/u_array/g_pe[137].u_pe/pr_j_reg[8][7]_i_2/CO[3]
                         net (fo=30, unplaced)        0.482     8.190    u_pe2/u_swshared/u_bsw/u_array/g_pe[137].u_pe/pr_j[8][7]_i_16_0[0]
                         LUT6 (Prop_lut6_I0_O)        0.043     8.233 r  u_pe2/u_swshared/u_bsw/u_array/g_pe[137].u_pe/pr_i[8][3]_i_8/O
                         net (fo=1, unplaced)         0.270     8.503    u_pe2/u_swshared/u_bsw/u_array/g_pe[130].u_pe/pr_i[8][3]_i_4_0
                         LUT6 (Prop_lut6_I5_O)        0.043     8.546 r  u_pe2/u_swshared/u_bsw/u_array/g_pe[130].u_pe/pr_i[8][3]_i_6/O
                         net (fo=1, unplaced)         0.270     8.816    u_pe2/u_swshared/u_bsw/u_tracker/p_13_in[1]
                         LUT2 (Prop_lut2_I1_O)        0.043     8.859 r  u_pe2/u_swshared/u_bsw/u_tracker/pr_i[8][3]_i_4/O
                         net (fo=1, unplaced)         0.360     9.219    u_pe2/u_swshared/u_bsw/u_tracker/pr_i[8][3]_i_4_n_0
                         CARRY4 (Prop_carry4_S[1]_CO[3])
                                                      0.299     9.518 r  u_pe2/u_swshared/u_bsw/u_tracker/pr_i_reg[8][3]_i_1/CO[3]
                         net (fo=1, unplaced)         0.000     9.518    u_pe2/u_swshared/u_bsw/u_tracker/pr_i_reg[8][3]_i_1_n_0
                         CARRY4 (Prop_carry4_CI_CO[3])
                                                      0.054     9.572 r  u_pe2/u_swshared/u_bsw/u_tracker/pr_i_reg[8][7]_i_1/CO[3]
                         net (fo=1, unplaced)         0.000     9.572    u_pe2/u_swshared/u_bsw/u_tracker/pr_i_reg[8][7]_i_1_n_0
                         CARRY4 (Prop_carry4_CI_CO[3])
                                                      0.054     9.626 r  u_pe2/u_swshared/u_bsw/u_tracker/pr_i_reg[8][11]_i_1/CO[3]
                         net (fo=1, unplaced)         0.000     9.626    u_pe2/u_swshared/u_bsw/u_tracker/pr_i_reg[8][11]_i_1_n_0
                         CARRY4 (Prop_carry4_CI_O[3])
                                                      0.157     9.783 r  u_pe2/u_swshared/u_bsw/u_tracker/pr_i_reg[8][15]_i_2/O[3]
                         net (fo=1, unplaced)         0.300    10.083    u_pe2/u_swshared/u_bsw/u_tracker/s1_i14_out[15]
                         FDRE                                         r  u_pe2/u_swshared/u_bsw/u_tracker/pr_i_reg[8][15]/D
  -------------------------------------------------------------------    -------------------

                         (clock clk rise edge)        3.000     3.000 r  <hidden>
                                                      0.000     3.000 r  clk
                         net (fo=107049, unset)       0.510     3.510    u_pe2/u_swshared/u_bsw/u_tracker/clk
                         FDRE                                         r  u_pe2/u_swshared/u_bsw/u_tracker/pr_i_reg[8][15]/C
                         clock pessimism              0.000     3.510    <hidden>
                         clock uncertainty           -0.035     3.475    <hidden>
                         FDRE (Setup_fdre_C_D)       -0.066     3.409    u_pe2/u_swshared/u_bsw/u_tracker/pr_i_reg[8][15]
  -------------------------------------------------------------------
                         required time                          3.409    <hidden>
                         arrival time                         -10.083    <hidden>
  -------------------------------------------------------------------
                         slack                                 -6.674    <hidden>

Slack (VIOLATED) :        -6.664ns  (required time - arrival time)
  Source:                 u_pe2/u_swshared/u_bsw/u_array/g_pe[151].u_pe/H_curr_reg_reg[7]/C
                            (rising edge-triggered cell FDRE clocked by clk  {rise@0.000ns fall@1.500ns period=3.000ns})
  Destination:            u_pe2/u_swshared/u_bsw/u_tracker/pr_i_reg[9][5]/D
                            (rising edge-triggered cell FDRE clocked by clk  {rise@0.000ns fall@1.500ns period=3.000ns})
  Path Group:             clk
  Path Type:              Setup (Max at Slow Process Corner)
  Requirement:            3.000ns  (clk rise@3.000ns - clk rise@0.000ns)
  Data Path Delay:        9.531ns  (logic 2.403ns (25.212%)  route 7.128ns (74.788%))
  Logic Levels:           22  (CARRY4=10 LUT2=2 LUT3=1 LUT4=1 LUT5=2 LUT6=6)
  Clock Path Skew:        -0.027ns (DCD - SCD + CPR)
    Destination Clock Delay (DCD):    0.510ns = ( 3.510 - 3.000 ) 
    Source Clock Delay      (SCD):    0.537ns
    Clock Pessimism Removal (CPR):    0.000ns
  Clock Uncertainty:      0.035ns  ((TSJ^2 + TIJ^2)^1/2 + DJ) / 2 + PE
    Total System Jitter     (TSJ):    0.071ns
    Total Input Jitter      (TIJ):    0.000ns
    Discrete Jitter          (DJ):    0.000ns
    Phase Error              (PE):    0.000ns

    Location             Delay type                Incr(ns)  Path(ns)    Netlist Resource(s)
  -------------------------------------------------------------------    -------------------
                         (clock clk rise edge)        0.000     0.000 r  <hidden>
                                                      0.000     0.000 r  clk
                         net (fo=107049, unset)       0.537     0.537    u_pe2/u_swshared/u_bsw/u_array/g_pe[151].u_pe/clk
                         FDRE                                         r  u_pe2/u_swshared/u_bsw/u_array/g_pe[151].u_pe/H_curr_reg_reg[7]/C
  -------------------------------------------------------------------    -------------------
                         FDRE (Prop_fdre_C_Q)         0.223     0.760 r  u_pe2/u_swshared/u_bsw/u_array/g_pe[151].u_pe/H_curr_reg_reg[7]/Q
                         net (fo=11, unplaced)        0.573     1.333    u_pe2/u_swshared/u_bsw/u_array/g_pe[151].u_pe/H_curr_reg_reg[15]_1[7]
                         LUT6 (Prop_lut6_I0_O)        0.123     1.456 r  u_pe2/u_swshared/u_bsw/u_array/g_pe[151].u_pe/pr_j[9][7]_i_209/O
                         net (fo=1, unplaced)         0.446     1.902    u_pe2/u_swshared/u_bsw/u_array/g_pe[150].u_pe/pr_j_reg[9][7]_i_60_0[3]
                         CARRY4 (Prop_carry4_S[3]_CO[3])
                                                      0.223     2.125 r  u_pe2/u_swshared/u_bsw/u_array/g_pe[150].u_pe/pr_j_reg[9][7]_i_139/CO[3]
                         net (fo=1, unplaced)         0.000     2.125    u_pe2/u_swshared/u_bsw/u_array/g_pe[150].u_pe/pr_j_reg[9][7]_i_139_n_0
                         CARRY4 (Prop_carry4_CI_CO[3])
                                                      0.054     2.179 r  u_pe2/u_swshared/u_bsw/u_array/g_pe[150].u_pe/pr_j_reg[9][7]_i_60/CO[3]
                         net (fo=36, unplaced)        0.486     2.665    u_pe2/u_swshared/u_bsw/u_array/g_pe[150].u_pe/active_q_reg_2[0]
                         LUT5 (Prop_lut5_I2_O)        0.047     2.712 r  u_pe2/u_swshared/u_bsw/u_array/g_pe[150].u_pe/pr_j[9][7]_i_214/O
                         net (fo=5, unplaced)         0.298     3.010    u_pe2/u_swshared/u_bsw/u_array/g_pe[149].u_pe/pr_j[9][2]_i_37_0
                         LUT5 (Prop_lut5_I2_O)        0.043     3.053 r  u_pe2/u_swshared/u_bsw/u_array/g_pe[149].u_pe/pr_j[9][7]_i_201/O
                         net (fo=1, unplaced)         0.446     3.499    u_pe2/u_swshared/u_bsw/u_array/g_pe[149].u_pe/pr_j[9][7]_i_201_n_0
                         CARRY4 (Prop_carry4_S[3]_CO[3])
                                                      0.223     3.722 r  u_pe2/u_swshared/u_bsw/u_array/g_pe[149].u_pe/pr_j_reg[9][7]_i_130/CO[3]
                         net (fo=1, unplaced)         0.000     3.722    u_pe2/u_swshared/u_bsw/u_array/g_pe[149].u_pe/pr_j_reg[9][7]_i_130_n_0
                         CARRY4 (Prop_carry4_CI_CO[3])
                                                      0.054     3.776 r  u_pe2/u_swshared/u_bsw/u_array/g_pe[149].u_pe/pr_j_reg[9][7]_i_59/CO[3]
                         net (fo=38, unplaced)        0.487     4.263    u_pe2/u_swshared/u_bsw/u_array/g_pe[149].u_pe/active_q_reg_1[0]
                         LUT3 (Prop_lut3_I0_O)        0.043     4.306 f  u_pe2/u_swshared/u_bsw/u_array/g_pe[149].u_pe/pr_j[9][2]_i_75/O
                         net (fo=15, unplaced)        0.460     4.766    u_pe2/u_swshared/u_bsw/u_array/g_pe[149].u_pe/pr_j[9][2]_i_75_n_0
                         LUT6 (Prop_lut6_I1_O)        0.043     4.809 r  u_pe2/u_swshared/u_bsw/u_array/g_pe[149].u_pe/pr_j[9][2]_i_66/O
                         net (fo=4, unplaced)         0.294     5.103    u_pe2/u_swshared/u_bsw/u_array/g_pe[146].u_pe/pr_j_reg[9][2]_i_24_6
                         LUT4 (Prop_lut4_I3_O)        0.043     5.146 r  u_pe2/u_swshared/u_bsw/u_array/g_pe[146].u_pe/pr_j[9][2]_i_61/O
                         net (fo=1, unplaced)         0.446     5.592    u_pe2/u_swshared/u_bsw/u_array/g_pe[149].u_pe/pr_j_reg[9][2]_i_4_9[3]
                         CARRY4 (Prop_carry4_S[3]_CO[3])
                                                      0.223     5.815 r  u_pe2/u_swshared/u_bsw/u_array/g_pe[149].u_pe/pr_j_reg[9][2]_i_24/CO[3]
                         net (fo=1, unplaced)         0.000     5.815    u_pe2/u_swshared/u_bsw/u_array/g_pe[149].u_pe/pr_j_reg[9][2]_i_24_n_0
                         CARRY4 (Prop_carry4_CI_CO[3])
                                                      0.054     5.869 r  u_pe2/u_swshared/u_bsw/u_array/g_pe[149].u_pe/pr_j_reg[9][2]_i_4/CO[3]
                         net (fo=7, unplaced)         0.447     6.316    u_pe2/u_swshared/u_bsw/u_array/g_pe[149].u_pe/pr_j[9][2]_i_32[0]
                         LUT2 (Prop_lut2_I0_O)        0.043     6.359 r  u_pe2/u_swshared/u_bsw/u_array/g_pe[149].u_pe/pr_h[9][15]_i_7/O
                         net (fo=18, unplaced)        0.327     6.686    u_pe2/u_swshared/u_bsw/u_array/g_pe[146].u_pe/pr_h_reg[9][1]_0
                         LUT6 (Prop_lut6_I3_O)        0.043     6.729 r  u_pe2/u_swshared/u_bsw/u_array/g_pe[146].u_pe/pr_h[9][6]_i_2/O
                         net (fo=3, unplaced)         0.288     7.017    u_pe2/u_swshared/u_bsw/u_array/g_pe[157].u_pe/pr_h_reg[9][6]_0
                         LUT6 (Prop_lut6_I5_O)        0.043     7.060 r  u_pe2/u_swshared/u_bsw/u_array/g_pe[157].u_pe/pr_j[9][3]_i_30/O
                         net (fo=1, unplaced)         0.446     7.506    u_pe2/u_swshared/u_bsw/u_array/g_pe[157].u_pe/pr_j[9][3]_i_30_n_0
                         CARRY4 (Prop_carry4_S[3]_CO[3])
                                                      0.223     7.729 r  u_pe2/u_swshared/u_bsw/u_array/g_pe[157].u_pe/pr_j_reg[9][3]_i_5/CO[3]
                         net (fo=1, unplaced)         0.000     7.729    u_pe2/u_swshared/u_bsw/u_array/g_pe[157].u_pe/pr_j_reg[9][3]_i_5_n_0
                         CARRY4 (Prop_carry4_CI_CO[3])
                                                      0.054     7.783 f  u_pe2/u_swshared/u_bsw/u_array/g_pe[157].u_pe/pr_j_reg[9][3]_i_2/CO[3]
                         net (fo=32, unplaced)        0.483     8.266    u_pe2/u_swshared/u_bsw/u_array/g_pe[157].u_pe/pr_j[9][3]_i_13[0]
                         LUT6 (Prop_lut6_I5_O)        0.043     8.309 r  u_pe2/u_swshared/u_bsw/u_array/g_pe[157].u_pe/pr_i[9][3]_i_8/O
                         net (fo=1, unplaced)         0.270     8.579    u_pe2/u_swshared/u_bsw/u_array/g_pe[149].u_pe/pr_i[9][3]_i_4
                         LUT6 (Prop_lut6_I5_O)        0.043     8.622 r  u_pe2/u_swshared/u_bsw/u_array/g_pe[149].u_pe/pr_i[9][3]_i_6/O
                         net (fo=1, unplaced)         0.270     8.892    u_pe2/u_swshared/u_bsw/u_tracker/p_15_in[1]
                         LUT2 (Prop_lut2_I1_O)        0.043     8.935 r  u_pe2/u_swshared/u_bsw/u_tracker/pr_i[9][3]_i_4/O
                         net (fo=1, unplaced)         0.360     9.295    u_pe2/u_swshared/u_bsw/u_tracker/pr_i[9][3]_i_4_n_0
                         CARRY4 (Prop_carry4_S[1]_CO[3])
                                                      0.299     9.594 r  u_pe2/u_swshared/u_bsw/u_tracker/pr_i_reg[9][3]_i_1/CO[3]
                         net (fo=1, unplaced)         0.000     9.594    u_pe2/u_swshared/u_bsw/u_tracker/pr_i_reg[9][3]_i_1_n_0
                         CARRY4 (Prop_carry4_CI_O[1])
                                                      0.173     9.767 r  u_pe2/u_swshared/u_bsw/u_tracker/pr_i_reg[9][7]_i_1/O[1]
                         net (fo=1, unplaced)         0.301    10.068    u_pe2/u_swshared/u_bsw/u_tracker/s1_i16_out[5]
                         FDRE                                         r  u_pe2/u_swshared/u_bsw/u_tracker/pr_i_reg[9][5]/D
  -------------------------------------------------------------------    -------------------

                         (clock clk rise edge)        3.000     3.000 r  <hidden>
                                                      0.000     3.000 r  clk
                         net (fo=107049, unset)       0.510     3.510    u_pe2/u_swshared/u_bsw/u_tracker/clk
                         FDRE                                         r  u_pe2/u_swshared/u_bsw/u_tracker/pr_i_reg[9][5]/C
                         clock pessimism              0.000     3.510    <hidden>
                         clock uncertainty           -0.035     3.475    <hidden>
                         FDRE (Setup_fdre_C_D)       -0.071     3.404    u_pe2/u_swshared/u_bsw/u_tracker/pr_i_reg[9][5]
  -------------------------------------------------------------------
                         required time                          3.404    <hidden>
                         arrival time                         -10.068    <hidden>
  -------------------------------------------------------------------
                         slack                                 -6.664    <hidden>

Slack (VIOLATED) :        -6.643ns  (required time - arrival time)
  Source:                 u_pe2/u_swshared/u_bsw/u_array/g_pe[43].u_pe/H_curr_reg_reg[7]/C
                            (rising edge-triggered cell FDRE clocked by clk  {rise@0.000ns fall@1.500ns period=3.000ns})
  Destination:            u_pe2/u_swshared/u_bsw/u_tracker/pr_i_reg[2][9]/D
                            (rising edge-triggered cell FDRE clocked by clk  {rise@0.000ns fall@1.500ns period=3.000ns})
  Path Group:             clk
  Path Type:              Setup (Max at Slow Process Corner)
  Requirement:            3.000ns  (clk rise@3.000ns - clk rise@0.000ns)
  Data Path Delay:        9.510ns  (logic 2.410ns (25.342%)  route 7.100ns (74.658%))
  Logic Levels:           22  (CARRY4=11 LUT2=1 LUT3=1 LUT4=1 LUT5=2 LUT6=6)
  Clock Path Skew:        -0.027ns (DCD - SCD + CPR)
    Destination Clock Delay (DCD):    0.510ns = ( 3.510 - 3.000 ) 
    Source Clock Delay      (SCD):    0.537ns
    Clock Pessimism Removal (CPR):    0.000ns
  Clock Uncertainty:      0.035ns  ((TSJ^2 + TIJ^2)^1/2 + DJ) / 2 + PE
    Total System Jitter     (TSJ):    0.071ns
    Total Input Jitter      (TIJ):    0.000ns
    Discrete Jitter          (DJ):    0.000ns
    Phase Error              (PE):    0.000ns

    Location             Delay type                Incr(ns)  Path(ns)    Netlist Resource(s)
  -------------------------------------------------------------------    -------------------
                         (clock clk rise edge)        0.000     0.000 r  <hidden>
                                                      0.000     0.000 r  clk
                         net (fo=107049, unset)       0.537     0.537    u_pe2/u_swshared/u_bsw/u_array/g_pe[43].u_pe/clk
                         FDRE                                         r  u_pe2/u_swshared/u_bsw/u_array/g_pe[43].u_pe/H_curr_reg_reg[7]/C
  -------------------------------------------------------------------    -------------------
                         FDRE (Prop_fdre_C_Q)         0.223     0.760 r  u_pe2/u_swshared/u_bsw/u_array/g_pe[43].u_pe/H_curr_reg_reg[7]/Q
                         net (fo=10, unplaced)        0.570     1.330    u_pe2/u_swshared/u_bsw/u_array/g_pe[43].u_pe/H_curr_reg_reg[15]_1[7]
                         LUT6 (Prop_lut6_I0_O)        0.123     1.453 r  u_pe2/u_swshared/u_bsw/u_array/g_pe[43].u_pe/pr_j[2][5]_i_264/O
                         net (fo=1, unplaced)         0.446     1.899    u_pe2/u_swshared/u_bsw/u_array/g_pe[42].u_pe/pr_j_reg[2][5]_i_50_1[3]
                         CARRY4 (Prop_carry4_S[3]_CO[3])
                                                      0.223     2.122 r  u_pe2/u_swshared/u_bsw/u_array/g_pe[42].u_pe/pr_j_reg[2][5]_i_139/CO[3]
                         net (fo=1, unplaced)         0.000     2.122    u_pe2/u_swshared/u_bsw/u_array/g_pe[42].u_pe/pr_j_reg[2][5]_i_139_n_0
                         CARRY4 (Prop_carry4_CI_CO[3])
                                                      0.054     2.176 r  u_pe2/u_swshared/u_bsw/u_array/g_pe[42].u_pe/pr_j_reg[2][5]_i_50/CO[3]
                         net (fo=20, unplaced)        0.472     2.648    u_pe2/u_swshared/u_bsw/u_array/g_pe[42].u_pe/active_q_reg_2[0]
                         LUT5 (Prop_lut5_I2_O)        0.043     2.691 r  u_pe2/u_swshared/u_bsw/u_array/g_pe[42].u_pe/pr_h[2][6]_i_10/O
                         net (fo=6, unplaced)         0.302     2.993    u_pe2/u_swshared/u_bsw/u_array/g_pe[40].u_pe/pr_j_reg[2][5]_i_60_7
                         LUT5 (Prop_lut5_I4_O)        0.043     3.036 r  u_pe2/u_swshared/u_bsw/u_array/g_pe[40].u_pe/pr_j[2][5]_i_160/O
                         net (fo=1, unplaced)         0.446     3.482    u_pe2/u_swshared/u_bsw/u_array/g_pe[40].u_pe/pr_j[2][5]_i_160_n_0
                         CARRY4 (Prop_carry4_S[3]_CO[3])
                                                      0.223     3.705 r  u_pe2/u_swshared/u_bsw/u_array/g_pe[40].u_pe/pr_j_reg[2][5]_i_60/CO[3]
                         net (fo=1, unplaced)         0.000     3.705    u_pe2/u_swshared/u_bsw/u_array/g_pe[40].u_pe/pr_j_reg[2][5]_i_60_n_0
                         CARRY4 (Prop_carry4_CI_CO[3])
                                                      0.054     3.759 r  u_pe2/u_swshared/u_bsw/u_array/g_pe[40].u_pe/pr_j_reg[2][5]_i_15/CO[3]
                         net (fo=23, unplaced)        0.475     4.234    u_pe2/u_swshared/u_bsw/u_array/g_pe[41].u_pe/pr_h_reg[2][15]_3[0]
                         LUT3 (Prop_lut3_I2_O)        0.043     4.277 f  u_pe2/u_swshared/u_bsw/u_array/g_pe[41].u_pe/pr_h[2][14]_i_12/O
                         net (fo=31, unplaced)        0.477     4.754    u_pe2/u_swshared/u_bsw/u_array/g_pe[41].u_pe/pr_h[2][14]_i_12_n_0
                         LUT6 (Prop_lut6_I0_O)        0.043     4.797 r  u_pe2/u_swshared/u_bsw/u_array/g_pe[41].u_pe/pr_h[2][7]_i_4/O
                         net (fo=4, unplaced)         0.431     5.228    u_pe2/u_swshared/u_bsw/u_array/g_pe[41].u_pe/pr_h[2][7]_i_4_n_0
                         LUT4 (Prop_lut4_I1_O)        0.043     5.271 r  u_pe2/u_swshared/u_bsw/u_array/g_pe[41].u_pe/pr_j[2][3]_i_27/O
                         net (fo=1, unplaced)         0.446     5.717    u_pe2/u_swshared/u_bsw/u_array/g_pe[41].u_pe/pr_j[2][3]_i_27_n_0
                         CARRY4 (Prop_carry4_S[3]_CO[3])
                                                      0.223     5.940 r  u_pe2/u_swshared/u_bsw/u_array/g_pe[41].u_pe/pr_j_reg[2][3]_i_5/CO[3]
                         net (fo=1, unplaced)         0.000     5.940    u_pe2/u_swshared/u_bsw/u_array/g_pe[41].u_pe/pr_j_reg[2][3]_i_5_n_0
                         CARRY4 (Prop_carry4_CI_CO[3])
                                                      0.054     5.994 r  u_pe2/u_swshared/u_bsw/u_array/g_pe[41].u_pe/pr_j_reg[2][3]_i_3/CO[3]
                         net (fo=56, unplaced)        0.497     6.491    u_pe2/u_swshared/u_bsw/u_array/g_pe[41].u_pe/pr_j[2][3]_i_13_0[0]
                         LUT6 (Prop_lut6_I3_O)        0.043     6.534 r  u_pe2/u_swshared/u_bsw/u_array/g_pe[41].u_pe/pr_j[2][5]_i_210/O
                         net (fo=1, unplaced)         0.407     6.941    u_pe2/u_swshared/u_bsw/u_array/g_pe[41].u_pe/pr_j[2][5]_i_210_n_0
                         LUT6 (Prop_lut6_I4_O)        0.043     6.984 r  u_pe2/u_swshared/u_bsw/u_array/g_pe[41].u_pe/pr_j[2][5]_i_93/O
                         net (fo=1, unplaced)         0.446     7.430    u_pe2/u_swshared/u_bsw/u_array/g_pe[41].u_pe/pr_j[2][5]_i_93_n_0
                         CARRY4 (Prop_carry4_S[3]_CO[3])
                                                      0.223     7.653 r  u_pe2/u_swshared/u_bsw/u_array/g_pe[41].u_pe/pr_j_reg[2][5]_i_20/CO[3]
                         net (fo=1, unplaced)         0.000     7.653    u_pe2/u_swshared/u_bsw/u_array/g_pe[41].u_pe/pr_j_reg[2][5]_i_20_n_0
                         CARRY4 (Prop_carry4_CI_CO[3])
                                                      0.054     7.707 f  u_pe2/u_swshared/u_bsw/u_array/g_pe[41].u_pe/pr_j_reg[2][5]_i_6/CO[3]
                         net (fo=33, unplaced)        0.484     8.191    u_pe2/u_swshared/u_bsw/u_array/g_pe[41].u_pe/pr_j[2][5]_i_28_0[0]
                         LUT6 (Prop_lut6_I5_O)        0.043     8.234 r  u_pe2/u_swshared/u_bsw/u_array/g_pe[41].u_pe/pr_i[2][3]_i_8/O
                         net (fo=1, unplaced)         0.270     8.504    u_pe2/u_swshared/u_bsw/u_array/g_pe[36].u_pe/pr_i[2][3]_i_4_0
                         LUT6 (Prop_lut6_I5_O)        0.043     8.547 r  u_pe2/u_swshared/u_bsw/u_array/g_pe[36].u_pe/pr_i[2][3]_i_6/O
                         net (fo=1, unplaced)         0.270     8.817    u_pe2/u_swshared/u_bsw/u_tracker/p_1_in[1]
                         LUT2 (Prop_lut2_I1_O)        0.043     8.860 r  u_pe2/u_swshared/u_bsw/u_tracker/pr_i[2][3]_i_4/O
                         net (fo=1, unplaced)         0.360     9.220    u_pe2/u_swshared/u_bsw/u_tracker/pr_i[2][3]_i_4_n_0
                         CARRY4 (Prop_carry4_S[1]_CO[3])
                                                      0.299     9.519 r  u_pe2/u_swshared/u_bsw/u_tracker/pr_i_reg[2][3]_i_1/CO[3]
                         net (fo=1, unplaced)         0.000     9.519    u_pe2/u_swshared/u_bsw/u_tracker/pr_i_reg[2][3]_i_1_n_0
                         CARRY4 (Prop_carry4_CI_CO[3])
                                                      0.054     9.573 r  u_pe2/u_swshared/u_bsw/u_tracker/pr_i_reg[2][7]_i_1/CO[3]
                         net (fo=1, unplaced)         0.000     9.573    u_pe2/u_swshared/u_bsw/u_tracker/pr_i_reg[2][7]_i_1_n_0
                         CARRY4 (Prop_carry4_CI_O[1])
                                                      0.173     9.746 r  u_pe2/u_swshared/u_bsw/u_tracker/pr_i_reg[2][11]_i_1/O[1]
                         net (fo=1, unplaced)         0.301    10.047    u_pe2/u_swshared/u_bsw/u_tracker/s1_i2_out[9]
                         FDRE                                         r  u_pe2/u_swshared/u_bsw/u_tracker/pr_i_reg[2][9]/D
  -------------------------------------------------------------------    -------------------

                         (clock clk rise edge)        3.000     3.000 r  <hidden>
                                                      0.000     3.000 r  clk
                         net (fo=107049, unset)       0.510     3.510    u_pe2/u_swshared/u_bsw/u_tracker/clk
                         FDRE                                         r  u_pe2/u_swshared/u_bsw/u_tracker/pr_i_reg[2][9]/C
                         clock pessimism              0.000     3.510    <hidden>
                         clock uncertainty           -0.035     3.475    <hidden>
                         FDRE (Setup_fdre_C_D)       -0.071     3.404    u_pe2/u_swshared/u_bsw/u_tracker/pr_i_reg[2][9]
  -------------------------------------------------------------------
                         required time                          3.404    <hidden>
                         arrival time                         -10.047    <hidden>
  -------------------------------------------------------------------
                         slack                                 -6.643    <hidden>

Slack (VIOLATED) :        -6.643ns  (required time - arrival time)
  Source:                 u_pe2/u_swshared/u_bsw/u_array/g_pe[87].u_pe/H_curr_reg_reg[7]/C
                            (rising edge-triggered cell FDRE clocked by clk  {rise@0.000ns fall@1.500ns period=3.000ns})
  Destination:            u_pe2/u_swshared/u_bsw/u_tracker/pr_i_reg[5][13]/D
                            (rising edge-triggered cell FDRE clocked by clk  {rise@0.000ns fall@1.500ns period=3.000ns})
  Path Group:             clk
  Path Type:              Setup (Max at Slow Process Corner)
  Requirement:            3.000ns  (clk rise@3.000ns - clk rise@0.000ns)
  Data Path Delay:        9.510ns  (logic 2.511ns (26.404%)  route 6.999ns (73.596%))
  Logic Levels:           24  (CARRY4=12 LUT2=3 LUT4=1 LUT5=2 LUT6=6)
  Clock Path Skew:        -0.027ns (DCD - SCD + CPR)
    Destination Clock Delay (DCD):    0.510ns = ( 3.510 - 3.000 ) 
    Source Clock Delay      (SCD):    0.537ns
    Clock Pessimism Removal (CPR):    0.000ns
  Clock Uncertainty:      0.035ns  ((TSJ^2 + TIJ^2)^1/2 + DJ) / 2 + PE
    Total System Jitter     (TSJ):    0.071ns
    Total Input Jitter      (TIJ):    0.000ns
    Discrete Jitter          (DJ):    0.000ns
    Phase Error              (PE):    0.000ns

    Location             Delay type                Incr(ns)  Path(ns)    Netlist Resource(s)
  -------------------------------------------------------------------    -------------------
                         (clock clk rise edge)        0.000     0.000 r  <hidden>
                                                      0.000     0.000 r  clk
                         net (fo=107049, unset)       0.537     0.537    u_pe2/u_swshared/u_bsw/u_array/g_pe[87].u_pe/clk
                         FDRE                                         r  u_pe2/u_swshared/u_bsw/u_array/g_pe[87].u_pe/H_curr_reg_reg[7]/C
  -------------------------------------------------------------------    -------------------
                         FDRE (Prop_fdre_C_Q)         0.223     0.760 r  u_pe2/u_swshared/u_bsw/u_array/g_pe[87].u_pe/H_curr_reg_reg[7]/Q
                         net (fo=11, unplaced)        0.573     1.333    u_pe2/u_swshared/u_bsw/u_array/g_pe[87].u_pe/H_curr_reg_reg[15]_1[7]
                         LUT6 (Prop_lut6_I0_O)        0.123     1.456 r  u_pe2/u_swshared/u_bsw/u_array/g_pe[87].u_pe/pr_j[5][6]_i_195/O
                         net (fo=1, unplaced)         0.446     1.902    u_pe2/u_swshared/u_bsw/u_array/g_pe[86].u_pe/pr_j_reg[5][6]_i_39_0[3]
                         CARRY4 (Prop_carry4_S[3]_CO[3])
                                                      0.223     2.125 r  u_pe2/u_swshared/u_bsw/u_array/g_pe[86].u_pe/pr_j_reg[5][6]_i_118/CO[3]
                         net (fo=1, unplaced)         0.000     2.125    u_pe2/u_swshared/u_bsw/u_array/g_pe[86].u_pe/pr_j_reg[5][6]_i_118_n_0
                         CARRY4 (Prop_carry4_CI_CO[3])
                                                      0.054     2.179 r  u_pe2/u_swshared/u_bsw/u_array/g_pe[86].u_pe/pr_j_reg[5][6]_i_39/CO[3]
                         net (fo=36, unplaced)        0.486     2.665    u_pe2/u_swshared/u_bsw/u_array/g_pe[86].u_pe/active_q_reg_2[0]
                         LUT5 (Prop_lut5_I2_O)        0.047     2.712 r  u_pe2/u_swshared/u_bsw/u_array/g_pe[86].u_pe/pr_j[5][2]_i_151/O
                         net (fo=5, unplaced)         0.298     3.010    u_pe2/u_swshared/u_bsw/u_array/g_pe[84].u_pe/pr_j[5][1]_i_19_0
                         LUT5 (Prop_lut5_I4_O)        0.043     3.053 r  u_pe2/u_swshared/u_bsw/u_array/g_pe[84].u_pe/pr_j[5][2]_i_113/O
                         net (fo=1, unplaced)         0.446     3.499    u_pe2/u_swshared/u_bsw/u_array/g_pe[84].u_pe/pr_j[5][2]_i_113_n_0
                         CARRY4 (Prop_carry4_S[3]_CO[3])
                                                      0.223     3.722 r  u_pe2/u_swshared/u_bsw/u_array/g_pe[84].u_pe/pr_j_reg[5][2]_i_40/CO[3]
                         net (fo=1, unplaced)         0.000     3.722    u_pe2/u_swshared/u_bsw/u_array/g_pe[84].u_pe/pr_j_reg[5][2]_i_40_n_0
                         CARRY4 (Prop_carry4_CI_CO[3])
                                                      0.054     3.776 f  u_pe2/u_swshared/u_bsw/u_array/g_pe[84].u_pe/pr_j_reg[5][2]_i_8/CO[3]
                         net (fo=37, unplaced)        0.487     4.263    u_pe2/u_swshared/u_bsw/u_array/g_pe[84].u_pe/active_q_reg_3[0]
                         LUT2 (Prop_lut2_I0_O)        0.043     4.306 r  u_pe2/u_swshared/u_bsw/u_array/g_pe[84].u_pe/pr_j[5][6]_i_10/O
                         net (fo=19, unplaced)        0.329     4.635    u_pe2/u_swshared/u_bsw/u_array/g_pe[84].u_pe/pr_j[5][6]_i_10_n_0
                         LUT6 (Prop_lut6_I5_O)        0.043     4.678 r  u_pe2/u_swshared/u_bsw/u_array/g_pe[84].u_pe/pr_j[5][1]_i_36/O
                         net (fo=4, unplaced)         0.294     4.972    u_pe2/u_swshared/u_bsw/u_array/g_pe[82].u_pe/pr_j_reg[5][6]_i_57_6
                         LUT4 (Prop_lut4_I3_O)        0.043     5.015 r  u_pe2/u_swshared/u_bsw/u_array/g_pe[82].u_pe/pr_j[5][6]_i_139/O
                         net (fo=1, unplaced)         0.446     5.461    u_pe2/u_swshared/u_bsw/u_array/g_pe[84].u_pe/pr_j_reg[5][6]_i_25_8[3]
                         CARRY4 (Prop_carry4_S[3]_CO[3])
                                                      0.223     5.684 r  u_pe2/u_swshared/u_bsw/u_array/g_pe[84].u_pe/pr_j_reg[5][6]_i_57/CO[3]
                         net (fo=1, unplaced)         0.000     5.684    u_pe2/u_swshared/u_bsw/u_array/g_pe[84].u_pe/pr_j_reg[5][6]_i_57_n_0
                         CARRY4 (Prop_carry4_CI_CO[3])
                                                      0.054     5.738 r  u_pe2/u_swshared/u_bsw/u_array/g_pe[84].u_pe/pr_j_reg[5][6]_i_25/CO[3]
                         net (fo=8, unplaced)         0.450     6.188    u_pe2/u_swshared/u_bsw/u_array/g_pe[84].u_pe/pr_j[5][6]_i_65[0]
                         LUT2 (Prop_lut2_I0_O)        0.043     6.231 r  u_pe2/u_swshared/u_bsw/u_array/g_pe[84].u_pe/pr_h[5][15]_i_8/O
                         net (fo=17, unplaced)        0.326     6.557    u_pe2/u_swshared/u_bsw/u_array/g_pe[80].u_pe/pr_h_reg[5][1]_0
                         LUT6 (Prop_lut6_I3_O)        0.043     6.600 r  u_pe2/u_swshared/u_bsw/u_array/g_pe[80].u_pe/pr_h[5][6]_i_2/O
                         net (fo=3, unplaced)         0.288     6.888    u_pe2/u_swshared/u_bsw/u_array/g_pe[88].u_pe/pr_h_reg[5][6]
                         LUT6 (Prop_lut6_I5_O)        0.043     6.931 r  u_pe2/u_swshared/u_bsw/u_array/g_pe[88].u_pe/pr_j[5][6]_i_70/O
                         net (fo=1, unplaced)         0.446     7.377    u_pe2/u_swshared/u_bsw/u_array/g_pe[88].u_pe/pr_j[5][6]_i_70_n_0
                         CARRY4 (Prop_carry4_S[3]_CO[3])
                                                      0.223     7.600 r  u_pe2/u_swshared/u_bsw/u_array/g_pe[88].u_pe/pr_j_reg[5][6]_i_26/CO[3]
                         net (fo=1, unplaced)         0.000     7.600    u_pe2/u_swshared/u_bsw/u_array/g_pe[88].u_pe/pr_j_reg[5][6]_i_26_n_0
                         CARRY4 (Prop_carry4_CI_CO[3])
                                                      0.054     7.654 f  u_pe2/u_swshared/u_bsw/u_array/g_pe[88].u_pe/pr_j_reg[5][6]_i_7/CO[3]
                         net (fo=32, unplaced)        0.483     8.137    u_pe2/u_swshared/u_bsw/u_array/g_pe[88].u_pe/pr_j[5][6]_i_34_0[0]
                         LUT6 (Prop_lut6_I5_O)        0.043     8.180 r  u_pe2/u_swshared/u_bsw/u_array/g_pe[88].u_pe/pr_i[5][3]_i_8/O
                         net (fo=1, unplaced)         0.270     8.450    u_pe2/u_swshared/u_bsw/u_array/g_pe[84].u_pe/pr_i[5][3]_i_4_0
                         LUT6 (Prop_lut6_I5_O)        0.043     8.493 r  u_pe2/u_swshared/u_bsw/u_array/g_pe[84].u_pe/pr_i[5][3]_i_6/O
                         net (fo=1, unplaced)         0.270     8.763    u_pe2/u_swshared/u_bsw/u_tracker/p_7_in[1]
                         LUT2 (Prop_lut2_I1_O)        0.043     8.806 r  u_pe2/u_swshared/u_bsw/u_tracker/pr_i[5][3]_i_4/O
                         net (fo=1, unplaced)         0.360     9.166    u_pe2/u_swshared/u_bsw/u_tracker/pr_i[5][3]_i_4_n_0
                         CARRY4 (Prop_carry4_S[1]_CO[3])
                                                      0.299     9.465 r  u_pe2/u_swshared/u_bsw/u_tracker/pr_i_reg[5][3]_i_1/CO[3]
                         net (fo=1, unplaced)         0.000     9.465    u_pe2/u_swshared/u_bsw/u_tracker/pr_i_reg[5][3]_i_1_n_0
                         CARRY4 (Prop_carry4_CI_CO[3])
                                                      0.054     9.519 r  u_pe2/u_swshared/u_bsw/u_tracker/pr_i_reg[5][7]_i_1/CO[3]
                         net (fo=1, unplaced)         0.000     9.519    u_pe2/u_swshared/u_bsw/u_tracker/pr_i_reg[5][7]_i_1_n_0
                         CARRY4 (Prop_carry4_CI_CO[3])
                                                      0.054     9.573 r  u_pe2/u_swshared/u_bsw/u_tracker/pr_i_reg[5][11]_i_1/CO[3]
                         net (fo=1, unplaced)         0.000     9.573    u_pe2/u_swshared/u_bsw/u_tracker/pr_i_reg[5][11]_i_1_n_0
                         CARRY4 (Prop_carry4_CI_O[1])
                                                      0.173     9.746 r  u_pe2/u_swshared/u_bsw/u_tracker/pr_i_reg[5][15]_i_2/O[1]
                         net (fo=1, unplaced)         0.301    10.047    u_pe2/u_swshared/u_bsw/u_tracker/s1_i8_out[13]
                         FDRE                                         r  u_pe2/u_swshared/u_bsw/u_tracker/pr_i_reg[5][13]/D
  -------------------------------------------------------------------    -------------------

                         (clock clk rise edge)        3.000     3.000 r  <hidden>
                                                      0.000     3.000 r  clk
                         net (fo=107049, unset)       0.510     3.510    u_pe2/u_swshared/u_bsw/u_tracker/clk
                         FDRE                                         r  u_pe2/u_swshared/u_bsw/u_tracker/pr_i_reg[5][13]/C
                         clock pessimism              0.000     3.510    <hidden>
                         clock uncertainty           -0.035     3.475    <hidden>
                         FDRE (Setup_fdre_C_D)       -0.071     3.404    u_pe2/u_swshared/u_bsw/u_tracker/pr_i_reg[5][13]
  -------------------------------------------------------------------
                         required time                          3.404    <hidden>
                         arrival time                         -10.047    <hidden>
  -------------------------------------------------------------------
                         slack                                 -6.643    <hidden>

Slack (VIOLATED) :        -6.642ns  (required time - arrival time)
  Source:                 u_pe2/u_swshared/u_bsw/u_array/g_pe[139].u_pe/H_curr_reg_reg[7]/C
                            (rising edge-triggered cell FDRE clocked by clk  {rise@0.000ns fall@1.500ns period=3.000ns})
  Destination:            u_pe2/u_swshared/u_bsw/u_tracker/pr_i_reg[8][9]/D
                            (rising edge-triggered cell FDRE clocked by clk  {rise@0.000ns fall@1.500ns period=3.000ns})
  Path Group:             clk
  Path Type:              Setup (Max at Slow Process Corner)
  Requirement:            3.000ns  (clk rise@3.000ns - clk rise@0.000ns)
  Data Path Delay:        9.509ns  (logic 2.410ns (25.344%)  route 7.099ns (74.656%))
  Logic Levels:           22  (CARRY4=11 LUT2=1 LUT3=1 LUT4=1 LUT5=2 LUT6=6)
  Clock Path Skew:        -0.027ns (DCD - SCD + CPR)
    Destination Clock Delay (DCD):    0.510ns = ( 3.510 - 3.000 ) 
    Source Clock Delay      (SCD):    0.537ns
    Clock Pessimism Removal (CPR):    0.000ns
  Clock Uncertainty:      0.035ns  ((TSJ^2 + TIJ^2)^1/2 + DJ) / 2 + PE
    Total System Jitter     (TSJ):    0.071ns
    Total Input Jitter      (TIJ):    0.000ns
    Discrete Jitter          (DJ):    0.000ns
    Phase Error              (PE):    0.000ns

    Location             Delay type                Incr(ns)  Path(ns)    Netlist Resource(s)
  -------------------------------------------------------------------    -------------------
                         (clock clk rise edge)        0.000     0.000 r  <hidden>
                                                      0.000     0.000 r  clk
                         net (fo=107049, unset)       0.537     0.537    u_pe2/u_swshared/u_bsw/u_array/g_pe[139].u_pe/clk
                         FDRE                                         r  u_pe2/u_swshared/u_bsw/u_array/g_pe[139].u_pe/H_curr_reg_reg[7]/C
  -------------------------------------------------------------------    -------------------
                         FDRE (Prop_fdre_C_Q)         0.223     0.760 r  u_pe2/u_swshared/u_bsw/u_array/g_pe[139].u_pe/H_curr_reg_reg[7]/Q
                         net (fo=10, unplaced)        0.570     1.330    u_pe2/u_swshared/u_bsw/u_array/g_pe[139].u_pe/H_curr_reg_reg[15]_1[7]
                         LUT6 (Prop_lut6_I0_O)        0.123     1.453 r  u_pe2/u_swshared/u_bsw/u_array/g_pe[139].u_pe/pr_j[8][3]_i_18/O
                         net (fo=1, unplaced)         0.446     1.899    u_pe2/u_swshared/u_bsw/u_array/g_pe[138].u_pe/pr_j_reg[8][3]_i_4_0[3]
                         CARRY4 (Prop_carry4_S[3]_CO[3])
                                                      0.223     2.122 r  u_pe2/u_swshared/u_bsw/u_array/g_pe[138].u_pe/pr_j_reg[8][3]_i_5/CO[3]
                         net (fo=1, unplaced)         0.000     2.122    u_pe2/u_swshared/u_bsw/u_array/g_pe[138].u_pe/pr_j_reg[8][3]_i_5_n_0
                         CARRY4 (Prop_carry4_CI_CO[3])
                                                      0.054     2.176 r  u_pe2/u_swshared/u_bsw/u_array/g_pe[138].u_pe/pr_j_reg[8][3]_i_4/CO[3]
                         net (fo=20, unplaced)        0.472     2.648    u_pe2/u_swshared/u_bsw/u_array/g_pe[138].u_pe/H_curr_reg_reg[15]_2[0]
                         LUT5 (Prop_lut5_I2_O)        0.043     2.691 r  u_pe2/u_swshared/u_bsw/u_array/g_pe[138].u_pe/pr_h[8][6]_i_9/O
                         net (fo=6, unplaced)         0.302     2.993    u_pe2/u_swshared/u_bsw/u_array/g_pe[137].u_pe/pr_h_reg[8][6]_1
                         LUT5 (Prop_lut5_I2_O)        0.043     3.036 r  u_pe2/u_swshared/u_bsw/u_array/g_pe[137].u_pe/pr_j[8][7]_i_256/O
                         net (fo=1, unplaced)         0.446     3.482    u_pe2/u_swshared/u_bsw/u_array/g_pe[137].u_pe/pr_j[8][7]_i_256_n_0
                         CARRY4 (Prop_carry4_S[3]_CO[3])
                                                      0.223     3.705 r  u_pe2/u_swshared/u_bsw/u_array/g_pe[137].u_pe/pr_j_reg[8][7]_i_112/CO[3]
                         net (fo=1, unplaced)         0.000     3.705    u_pe2/u_swshared/u_bsw/u_array/g_pe[137].u_pe/pr_j_reg[8][7]_i_112_n_0
                         CARRY4 (Prop_carry4_CI_CO[3])
                                                      0.054     3.759 r  u_pe2/u_swshared/u_bsw/u_array/g_pe[137].u_pe/pr_j_reg[8][7]_i_36/CO[3]
                         net (fo=22, unplaced)        0.474     4.233    u_pe2/u_swshared/u_bsw/u_array/g_pe[137].u_pe/pr_j_reg[8][7]_i_36_n_0
                         LUT3 (Prop_lut3_I2_O)        0.043     4.276 f  u_pe2/u_swshared/u_bsw/u_array/g_pe[137].u_pe/pr_h[8][14]_i_9/O
                         net (fo=32, unplaced)        0.478     4.754    u_pe2/u_swshared/u_bsw/u_array/g_pe[137].u_pe/pr_j_reg[8][7]_i_36_0
                         LUT6 (Prop_lut6_I0_O)        0.043     4.797 r  u_pe2/u_swshared/u_bsw/u_array/g_pe[137].u_pe/pr_h[8][7]_i_3/O
                         net (fo=4, unplaced)         0.431     5.228    u_pe2/u_swshared/u_bsw/u_array/g_pe[141].u_pe/pr_j_reg[8][7]_i_27_5
                         LUT4 (Prop_lut4_I1_O)        0.043     5.271 r  u_pe2/u_swshared/u_bsw/u_array/g_pe[141].u_pe/pr_j[8][7]_i_108/O
                         net (fo=1, unplaced)         0.446     5.717    u_pe2/u_swshared/u_bsw/u_array/g_pe[137].u_pe/pr_j_reg[8][7]_i_6_0[3]
                         CARRY4 (Prop_carry4_S[3]_CO[3])
                                                      0.223     5.940 r  u_pe2/u_swshared/u_bsw/u_array/g_pe[137].u_pe/pr_j_reg[8][7]_i_27/CO[3]
                         net (fo=1, unplaced)         0.000     5.940    u_pe2/u_swshared/u_bsw/u_array/g_pe[137].u_pe/pr_j_reg[8][7]_i_27_n_0
                         CARRY4 (Prop_carry4_CI_CO[3])
                                                      0.054     5.994 r  u_pe2/u_swshared/u_bsw/u_array/g_pe[137].u_pe/pr_j_reg[8][7]_i_6/CO[3]
                         net (fo=58, unplaced)        0.498     6.492    u_pe2/u_swshared/u_bsw/u_array/g_pe[137].u_pe/CO[0]
                         LUT6 (Prop_lut6_I3_O)        0.043     6.535 r  u_pe2/u_swshared/u_bsw/u_array/g_pe[137].u_pe/pr_j[8][7]_i_143/O
                         net (fo=1, unplaced)         0.407     6.942    u_pe2/u_swshared/u_bsw/u_array/g_pe[137].u_pe/pr_j[8][7]_i_143_n_0
                         LUT6 (Prop_lut6_I4_O)        0.043     6.985 r  u_pe2/u_swshared/u_bsw/u_array/g_pe[137].u_pe/pr_j[8][7]_i_44/O
                         net (fo=1, unplaced)         0.446     7.431    u_pe2/u_swshared/u_bsw/u_array/g_pe[137].u_pe/pr_j[8][7]_i_44_n_0
                         CARRY4 (Prop_carry4_S[3]_CO[3])
                                                      0.223     7.654 r  u_pe2/u_swshared/u_bsw/u_array/g_pe[137].u_pe/pr_j_reg[8][7]_i_8/CO[3]
                         net (fo=1, unplaced)         0.000     7.654    u_pe2/u_swshared/u_bsw/u_array/g_pe[137].u_pe/pr_j_reg[8][7]_i_8_n_0
                         CARRY4 (Prop_carry4_CI_CO[3])
                                                      0.054     7.708 f  u_pe2/u_swshared/u_bsw/u_array/g_pe[137].u_pe/pr_j_reg[8][7]_i_2/CO[3]
                         net (fo=30, unplaced)        0.482     8.190    u_pe2/u_swshared/u_bsw/u_array/g_pe[137].u_pe/pr_j[8][7]_i_16_0[0]
                         LUT6 (Prop_lut6_I0_O)        0.043     8.233 r  u_pe2/u_swshared/u_bsw/u_array/g_pe[137].u_pe/pr_i[8][3]_i_8/O
                         net (fo=1, unplaced)         0.270     8.503    u_pe2/u_swshared/u_bsw/u_array/g_pe[130].u_pe/pr_i[8][3]_i_4_0
                         LUT6 (Prop_lut6_I5_O)        0.043     8.546 r  u_pe2/u_swshared/u_bsw/u_array/g_pe[130].u_pe/pr_i[8][3]_i_6/O
                         net (fo=1, unplaced)         0.270     8.816    u_pe2/u_swshared/u_bsw/u_tracker/p_13_in[1]
                         LUT2 (Prop_lut2_I1_O)        0.043     8.859 r  u_pe2/u_swshared/u_bsw/u_tracker/pr_i[8][3]_i_4/O
                         net (fo=1, unplaced)         0.360     9.219    u_pe2/u_swshared/u_bsw/u_tracker/pr_i[8][3]_i_4_n_0
                         CARRY4 (Prop_carry4_S[1]_CO[3])
                                                      0.299     9.518 r  u_pe2/u_swshared/u_bsw/u_tracker/pr_i_reg[8][3]_i_1/CO[3]
                         net (fo=1, unplaced)         0.000     9.518    u_pe2/u_swshared/u_bsw/u_tracker/pr_i_reg[8][3]_i_1_n_0
                         CARRY4 (Prop_carry4_CI_CO[3])
                                                      0.054     9.572 r  u_pe2/u_swshared/u_bsw/u_tracker/pr_i_reg[8][7]_i_1/CO[3]
                         net (fo=1, unplaced)         0.000     9.572    u_pe2/u_swshared/u_bsw/u_tracker/pr_i_reg[8][7]_i_1_n_0
                         CARRY4 (Prop_carry4_CI_O[1])
                                                      0.173     9.745 r  u_pe2/u_swshared/u_bsw/u_tracker/pr_i_reg[8][11]_i_1/O[1]
                         net (fo=1, unplaced)         0.301    10.046    u_pe2/u_swshared/u_bsw/u_tracker/s1_i14_out[9]
                         FDRE                                         r  u_pe2/u_swshared/u_bsw/u_tracker/pr_i_reg[8][9]/D
  -------------------------------------------------------------------    -------------------

                         (clock clk rise edge)        3.000     3.000 r  <hidden>
                                                      0.000     3.000 r  clk
                         net (fo=107049, unset)       0.510     3.510    u_pe2/u_swshared/u_bsw/u_tracker/clk
                         FDRE                                         r  u_pe2/u_swshared/u_bsw/u_tracker/pr_i_reg[8][9]/C
                         clock pessimism              0.000     3.510    <hidden>
                         clock uncertainty           -0.035     3.475    <hidden>
                         FDRE (Setup_fdre_C_D)       -0.071     3.404    u_pe2/u_swshared/u_bsw/u_tracker/pr_i_reg[8][9]
  -------------------------------------------------------------------
                         required time                          3.404    <hidden>
                         arrival time                         -10.046    <hidden>
  -------------------------------------------------------------------
                         slack                                 -6.642    <hidden>

Slack (VIOLATED) :        -6.642ns  (required time - arrival time)
  Source:                 u_pe2/u_swshared/u_bsw/u_array/g_pe[151].u_pe/H_curr_reg_reg[7]/C
                            (rising edge-triggered cell FDRE clocked by clk  {rise@0.000ns fall@1.500ns period=3.000ns})
  Destination:            u_pe2/u_swshared/u_bsw/u_tracker/pr_i_reg[9][7]/D
                            (rising edge-triggered cell FDRE clocked by clk  {rise@0.000ns fall@1.500ns period=3.000ns})
  Path Group:             clk
  Path Type:              Setup (Max at Slow Process Corner)
  Requirement:            3.000ns  (clk rise@3.000ns - clk rise@0.000ns)
  Data Path Delay:        9.514ns  (logic 2.387ns (25.089%)  route 7.127ns (74.911%))
  Logic Levels:           22  (CARRY4=10 LUT2=2 LUT3=1 LUT4=1 LUT5=2 LUT6=6)
  Clock Path Skew:        -0.027ns (DCD - SCD + CPR)
    Destination Clock Delay (DCD):    0.510ns = ( 3.510 - 3.000 ) 
    Source Clock Delay      (SCD):    0.537ns
    Clock Pessimism Removal (CPR):    0.000ns
  Clock Uncertainty:      0.035ns  ((TSJ^2 + TIJ^2)^1/2 + DJ) / 2 + PE
    Total System Jitter     (TSJ):    0.071ns
    Total Input Jitter      (TIJ):    0.000ns
    Discrete Jitter          (DJ):    0.000ns
    Phase Error              (PE):    0.000ns

    Location             Delay type                Incr(ns)  Path(ns)    Netlist Resource(s)
  -------------------------------------------------------------------    -------------------
                         (clock clk rise edge)        0.000     0.000 r  <hidden>
                                                      0.000     0.000 r  clk
                         net (fo=107049, unset)       0.537     0.537    u_pe2/u_swshared/u_bsw/u_array/g_pe[151].u_pe/clk
                         FDRE                                         r  u_pe2/u_swshared/u_bsw/u_array/g_pe[151].u_pe/H_curr_reg_reg[7]/C
  -------------------------------------------------------------------    -------------------
                         FDRE (Prop_fdre_C_Q)         0.223     0.760 r  u_pe2/u_swshared/u_bsw/u_array/g_pe[151].u_pe/H_curr_reg_reg[7]/Q
                         net (fo=11, unplaced)        0.573     1.333    u_pe2/u_swshared/u_bsw/u_array/g_pe[151].u_pe/H_curr_reg_reg[15]_1[7]
                         LUT6 (Prop_lut6_I0_O)        0.123     1.456 r  u_pe2/u_swshared/u_bsw/u_array/g_pe[151].u_pe/pr_j[9][7]_i_209/O
                         net (fo=1, unplaced)         0.446     1.902    u_pe2/u_swshared/u_bsw/u_array/g_pe[150].u_pe/pr_j_reg[9][7]_i_60_0[3]
                         CARRY4 (Prop_carry4_S[3]_CO[3])
                                                      0.223     2.125 r  u_pe2/u_swshared/u_bsw/u_array/g_pe[150].u_pe/pr_j_reg[9][7]_i_139/CO[3]
                         net (fo=1, unplaced)         0.000     2.125    u_pe2/u_swshared/u_bsw/u_array/g_pe[150].u_pe/pr_j_reg[9][7]_i_139_n_0
                         CARRY4 (Prop_carry4_CI_CO[3])
                                                      0.054     2.179 r  u_pe2/u_swshared/u_bsw/u_array/g_pe[150].u_pe/pr_j_reg[9][7]_i_60/CO[3]
                         net (fo=36, unplaced)        0.486     2.665    u_pe2/u_swshared/u_bsw/u_array/g_pe[150].u_pe/active_q_reg_2[0]
                         LUT5 (Prop_lut5_I2_O)        0.047     2.712 r  u_pe2/u_swshared/u_bsw/u_array/g_pe[150].u_pe/pr_j[9][7]_i_214/O
                         net (fo=5, unplaced)         0.298     3.010    u_pe2/u_swshared/u_bsw/u_array/g_pe[149].u_pe/pr_j[9][2]_i_37_0
                         LUT5 (Prop_lut5_I2_O)        0.043     3.053 r  u_pe2/u_swshared/u_bsw/u_array/g_pe[149].u_pe/pr_j[9][7]_i_201/O
                         net (fo=1, unplaced)         0.446     3.499    u_pe2/u_swshared/u_bsw/u_array/g_pe[149].u_pe/pr_j[9][7]_i_201_n_0
                         CARRY4 (Prop_carry4_S[3]_CO[3])
                                                      0.223     3.722 r  u_pe2/u_swshared/u_bsw/u_array/g_pe[149].u_pe/pr_j_reg[9][7]_i_130/CO[3]
                         net (fo=1, unplaced)         0.000     3.722    u_pe2/u_swshared/u_bsw/u_array/g_pe[149].u_pe/pr_j_reg[9][7]_i_130_n_0
                         CARRY4 (Prop_carry4_CI_CO[3])
                                                      0.054     3.776 r  u_pe2/u_swshared/u_bsw/u_array/g_pe[149].u_pe/pr_j_reg[9][7]_i_59/CO[3]
                         net (fo=38, unplaced)        0.487     4.263    u_pe2/u_swshared/u_bsw/u_array/g_pe[149].u_pe/active_q_reg_1[0]
                         LUT3 (Prop_lut3_I0_O)        0.043     4.306 f  u_pe2/u_swshared/u_bsw/u_array/g_pe[149].u_pe/pr_j[9][2]_i_75/O
                         net (fo=15, unplaced)        0.460     4.766    u_pe2/u_swshared/u_bsw/u_array/g_pe[149].u_pe/pr_j[9][2]_i_75_n_0
                         LUT6 (Prop_lut6_I1_O)        0.043     4.809 r  u_pe2/u_swshared/u_bsw/u_array/g_pe[149].u_pe/pr_j[9][2]_i_66/O
                         net (fo=4, unplaced)         0.294     5.103    u_pe2/u_swshared/u_bsw/u_array/g_pe[146].u_pe/pr_j_reg[9][2]_i_24_6
                         LUT4 (Prop_lut4_I3_O)        0.043     5.146 r  u_pe2/u_swshared/u_bsw/u_array/g_pe[146].u_pe/pr_j[9][2]_i_61/O
                         net (fo=1, unplaced)         0.446     5.592    u_pe2/u_swshared/u_bsw/u_array/g_pe[149].u_pe/pr_j_reg[9][2]_i_4_9[3]
                         CARRY4 (Prop_carry4_S[3]_CO[3])
                                                      0.223     5.815 r  u_pe2/u_swshared/u_bsw/u_array/g_pe[149].u_pe/pr_j_reg[9][2]_i_24/CO[3]
                         net (fo=1, unplaced)         0.000     5.815    u_pe2/u_swshared/u_bsw/u_array/g_pe[149].u_pe/pr_j_reg[9][2]_i_24_n_0
                         CARRY4 (Prop_carry4_CI_CO[3])
                                                      0.054     5.869 r  u_pe2/u_swshared/u_bsw/u_array/g_pe[149].u_pe/pr_j_reg[9][2]_i_4/CO[3]
                         net (fo=7, unplaced)         0.447     6.316    u_pe2/u_swshared/u_bsw/u_array/g_pe[149].u_pe/pr_j[9][2]_i_32[0]
                         LUT2 (Prop_lut2_I0_O)        0.043     6.359 r  u_pe2/u_swshared/u_bsw/u_array/g_pe[149].u_pe/pr_h[9][15]_i_7/O
                         net (fo=18, unplaced)        0.327     6.686    u_pe2/u_swshared/u_bsw/u_array/g_pe[146].u_pe/pr_h_reg[9][1]_0
                         LUT6 (Prop_lut6_I3_O)        0.043     6.729 r  u_pe2/u_swshared/u_bsw/u_array/g_pe[146].u_pe/pr_h[9][6]_i_2/O
                         net (fo=3, unplaced)         0.288     7.017    u_pe2/u_swshared/u_bsw/u_array/g_pe[157].u_pe/pr_h_reg[9][6]_0
                         LUT6 (Prop_lut6_I5_O)        0.043     7.060 r  u_pe2/u_swshared/u_bsw/u_array/g_pe[157].u_pe/pr_j[9][3]_i_30/O
                         net (fo=1, unplaced)         0.446     7.506    u_pe2/u_swshared/u_bsw/u_array/g_pe[157].u_pe/pr_j[9][3]_i_30_n_0
                         CARRY4 (Prop_carry4_S[3]_CO[3])
                                                      0.223     7.729 r  u_pe2/u_swshared/u_bsw/u_array/g_pe[157].u_pe/pr_j_reg[9][3]_i_5/CO[3]
                         net (fo=1, unplaced)         0.000     7.729    u_pe2/u_swshared/u_bsw/u_array/g_pe[157].u_pe/pr_j_reg[9][3]_i_5_n_0
                         CARRY4 (Prop_carry4_CI_CO[3])
                                                      0.054     7.783 f  u_pe2/u_swshared/u_bsw/u_array/g_pe[157].u_pe/pr_j_reg[9][3]_i_2/CO[3]
                         net (fo=32, unplaced)        0.483     8.266    u_pe2/u_swshared/u_bsw/u_array/g_pe[157].u_pe/pr_j[9][3]_i_13[0]
                         LUT6 (Prop_lut6_I5_O)        0.043     8.309 r  u_pe2/u_swshared/u_bsw/u_array/g_pe[157].u_pe/pr_i[9][3]_i_8/O
                         net (fo=1, unplaced)         0.270     8.579    u_pe2/u_swshared/u_bsw/u_array/g_pe[149].u_pe/pr_i[9][3]_i_4
                         LUT6 (Prop_lut6_I5_O)        0.043     8.622 r  u_pe2/u_swshared/u_bsw/u_array/g_pe[149].u_pe/pr_i[9][3]_i_6/O
                         net (fo=1, unplaced)         0.270     8.892    u_pe2/u_swshared/u_bsw/u_tracker/p_15_in[1]
                         LUT2 (Prop_lut2_I1_O)        0.043     8.935 r  u_pe2/u_swshared/u_bsw/u_tracker/pr_i[9][3]_i_4/O
                         net (fo=1, unplaced)         0.360     9.295    u_pe2/u_swshared/u_bsw/u_tracker/pr_i[9][3]_i_4_n_0
                         CARRY4 (Prop_carry4_S[1]_CO[3])
                                                      0.299     9.594 r  u_pe2/u_swshared/u_bsw/u_tracker/pr_i_reg[9][3]_i_1/CO[3]
                         net (fo=1, unplaced)         0.000     9.594    u_pe2/u_swshared/u_bsw/u_tracker/pr_i_reg[9][3]_i_1_n_0
                         CARRY4 (Prop_carry4_CI_O[3])
                                                      0.157     9.751 r  u_pe2/u_swshared/u_bsw/u_tracker/pr_i_reg[9][7]_i_1/O[3]
                         net (fo=1, unplaced)         0.300    10.051    u_pe2/u_swshared/u_bsw/u_tracker/s1_i16_out[7]
                         FDRE                                         r  u_pe2/u_swshared/u_bsw/u_tracker/pr_i_reg[9][7]/D
  -------------------------------------------------------------------    -------------------

                         (clock clk rise edge)        3.000     3.000 r  <hidden>
                                                      0.000     3.000 r  clk
                         net (fo=107049, unset)       0.510     3.510    u_pe2/u_swshared/u_bsw/u_tracker/clk
                         FDRE                                         r  u_pe2/u_swshared/u_bsw/u_tracker/pr_i_reg[9][7]/C
                         clock pessimism              0.000     3.510    <hidden>
                         clock uncertainty           -0.035     3.475    <hidden>
                         FDRE (Setup_fdre_C_D)       -0.066     3.409    u_pe2/u_swshared/u_bsw/u_tracker/pr_i_reg[9][7]
  -------------------------------------------------------------------
                         required time                          3.409    <hidden>
                         arrival time                         -10.051    <hidden>
  -------------------------------------------------------------------
                         slack                                 -6.642    <hidden>

Slack (VIOLATED) :        -6.621ns  (required time - arrival time)
  Source:                 u_pe2/u_swshared/u_bsw/u_array/g_pe[43].u_pe/H_curr_reg_reg[7]/C
                            (rising edge-triggered cell FDRE clocked by clk  {rise@0.000ns fall@1.500ns period=3.000ns})
  Destination:            u_pe2/u_swshared/u_bsw/u_tracker/pr_i_reg[2][11]/D
                            (rising edge-triggered cell FDRE clocked by clk  {rise@0.000ns fall@1.500ns period=3.000ns})
  Path Group:             clk
  Path Type:              Setup (Max at Slow Process Corner)
  Requirement:            3.000ns  (clk rise@3.000ns - clk rise@0.000ns)
  Data Path Delay:        9.493ns  (logic 2.394ns (25.219%)  route 7.099ns (74.781%))
  Logic Levels:           22  (CARRY4=11 LUT2=1 LUT3=1 LUT4=1 LUT5=2 LUT6=6)
  Clock Path Skew:        -0.027ns (DCD - SCD + CPR)
    Destination Clock Delay (DCD):    0.510ns = ( 3.510 - 3.000 ) 
    Source Clock Delay      (SCD):    0.537ns
    Clock Pessimism Removal (CPR):    0.000ns
  Clock Uncertainty:      0.035ns  ((TSJ^2 + TIJ^2)^1/2 + DJ) / 2 + PE
    Total System Jitter     (TSJ):    0.071ns
    Total Input Jitter      (TIJ):    0.000ns
    Discrete Jitter          (DJ):    0.000ns
    Phase Error              (PE):    0.000ns

    Location             Delay type                Incr(ns)  Path(ns)    Netlist Resource(s)
  -------------------------------------------------------------------    -------------------
                         (clock clk rise edge)        0.000     0.000 r  <hidden>
                                                      0.000     0.000 r  clk
                         net (fo=107049, unset)       0.537     0.537    u_pe2/u_swshared/u_bsw/u_array/g_pe[43].u_pe/clk
                         FDRE                                         r  u_pe2/u_swshared/u_bsw/u_array/g_pe[43].u_pe/H_curr_reg_reg[7]/C
  -------------------------------------------------------------------    -------------------
                         FDRE (Prop_fdre_C_Q)         0.223     0.760 r  u_pe2/u_swshared/u_bsw/u_array/g_pe[43].u_pe/H_curr_reg_reg[7]/Q
                         net (fo=10, unplaced)        0.570     1.330    u_pe2/u_swshared/u_bsw/u_array/g_pe[43].u_pe/H_curr_reg_reg[15]_1[7]
                         LUT6 (Prop_lut6_I0_O)        0.123     1.453 r  u_pe2/u_swshared/u_bsw/u_array/g_pe[43].u_pe/pr_j[2][5]_i_264/O
                         net (fo=1, unplaced)         0.446     1.899    u_pe2/u_swshared/u_bsw/u_array/g_pe[42].u_pe/pr_j_reg[2][5]_i_50_1[3]
                         CARRY4 (Prop_carry4_S[3]_CO[3])
                                                      0.223     2.122 r  u_pe2/u_swshared/u_bsw/u_array/g_pe[42].u_pe/pr_j_reg[2][5]_i_139/CO[3]
                         net (fo=1, unplaced)         0.000     2.122    u_pe2/u_swshared/u_bsw/u_array/g_pe[42].u_pe/pr_j_reg[2][5]_i_139_n_0
                         CARRY4 (Prop_carry4_CI_CO[3])
                                                      0.054     2.176 r  u_pe2/u_swshared/u_bsw/u_array/g_pe[42].u_pe/pr_j_reg[2][5]_i_50/CO[3]
                         net (fo=20, unplaced)        0.472     2.648    u_pe2/u_swshared/u_bsw/u_array/g_pe[42].u_pe/active_q_reg_2[0]
                         LUT5 (Prop_lut5_I2_O)        0.043     2.691 r  u_pe2/u_swshared/u_bsw/u_array/g_pe[42].u_pe/pr_h[2][6]_i_10/O
                         net (fo=6, unplaced)         0.302     2.993    u_pe2/u_swshared/u_bsw/u_array/g_pe[40].u_pe/pr_j_reg[2][5]_i_60_7
                         LUT5 (Prop_lut5_I4_O)        0.043     3.036 r  u_pe2/u_swshared/u_bsw/u_array/g_pe[40].u_pe/pr_j[2][5]_i_160/O
                         net (fo=1, unplaced)         0.446     3.482    u_pe2/u_swshared/u_bsw/u_array/g_pe[40].u_pe/pr_j[2][5]_i_160_n_0
                         CARRY4 (Prop_carry4_S[3]_CO[3])
                                                      0.223     3.705 r  u_pe2/u_swshared/u_bsw/u_array/g_pe[40].u_pe/pr_j_reg[2][5]_i_60/CO[3]
                         net (fo=1, unplaced)         0.000     3.705    u_pe2/u_swshared/u_bsw/u_array/g_pe[40].u_pe/pr_j_reg[2][5]_i_60_n_0
                         CARRY4 (Prop_carry4_CI_CO[3])
                                                      0.054     3.759 r  u_pe2/u_swshared/u_bsw/u_array/g_pe[40].u_pe/pr_j_reg[2][5]_i_15/CO[3]
                         net (fo=23, unplaced)        0.475     4.234    u_pe2/u_swshared/u_bsw/u_array/g_pe[41].u_pe/pr_h_reg[2][15]_3[0]
                         LUT3 (Prop_lut3_I2_O)        0.043     4.277 f  u_pe2/u_swshared/u_bsw/u_array/g_pe[41].u_pe/pr_h[2][14]_i_12/O
                         net (fo=31, unplaced)        0.477     4.754    u_pe2/u_swshared/u_bsw/u_array/g_pe[41].u_pe/pr_h[2][14]_i_12_n_0
                         LUT6 (Prop_lut6_I0_O)        0.043     4.797 r  u_pe2/u_swshared/u_bsw/u_array/g_pe[41].u_pe/pr_h[2][7]_i_4/O
                         net (fo=4, unplaced)         0.431     5.228    u_pe2/u_swshared/u_bsw/u_array/g_pe[41].u_pe/pr_h[2][7]_i_4_n_0
                         LUT4 (Prop_lut4_I1_O)        0.043     5.271 r  u_pe2/u_swshared/u_bsw/u_array/g_pe[41].u_pe/pr_j[2][3]_i_27/O
                         net (fo=1, unplaced)         0.446     5.717    u_pe2/u_swshared/u_bsw/u_array/g_pe[41].u_pe/pr_j[2][3]_i_27_n_0
                         CARRY4 (Prop_carry4_S[3]_CO[3])
                                                      0.223     5.940 r  u_pe2/u_swshared/u_bsw/u_array/g_pe[41].u_pe/pr_j_reg[2][3]_i_5/CO[3]
                         net (fo=1, unplaced)         0.000     5.940    u_pe2/u_swshared/u_bsw/u_array/g_pe[41].u_pe/pr_j_reg[2][3]_i_5_n_0
                         CARRY4 (Prop_carry4_CI_CO[3])
                                                      0.054     5.994 r  u_pe2/u_swshared/u_bsw/u_array/g_pe[41].u_pe/pr_j_reg[2][3]_i_3/CO[3]
                         net (fo=56, unplaced)        0.497     6.491    u_pe2/u_swshared/u_bsw/u_array/g_pe[41].u_pe/pr_j[2][3]_i_13_0[0]
                         LUT6 (Prop_lut6_I3_O)        0.043     6.534 r  u_pe2/u_swshared/u_bsw/u_array/g_pe[41].u_pe/pr_j[2][5]_i_210/O
                         net (fo=1, unplaced)         0.407     6.941    u_pe2/u_swshared/u_bsw/u_array/g_pe[41].u_pe/pr_j[2][5]_i_210_n_0
                         LUT6 (Prop_lut6_I4_O)        0.043     6.984 r  u_pe2/u_swshared/u_bsw/u_array/g_pe[41].u_pe/pr_j[2][5]_i_93/O
                         net (fo=1, unplaced)         0.446     7.430    u_pe2/u_swshared/u_bsw/u_array/g_pe[41].u_pe/pr_j[2][5]_i_93_n_0
                         CARRY4 (Prop_carry4_S[3]_CO[3])
                                                      0.223     7.653 r  u_pe2/u_swshared/u_bsw/u_array/g_pe[41].u_pe/pr_j_reg[2][5]_i_20/CO[3]
                         net (fo=1, unplaced)         0.000     7.653    u_pe2/u_swshared/u_bsw/u_array/g_pe[41].u_pe/pr_j_reg[2][5]_i_20_n_0
                         CARRY4 (Prop_carry4_CI_CO[3])
                                                      0.054     7.707 f  u_pe2/u_swshared/u_bsw/u_array/g_pe[41].u_pe/pr_j_reg[2][5]_i_6/CO[3]
                         net (fo=33, unplaced)        0.484     8.191    u_pe2/u_swshared/u_bsw/u_array/g_pe[41].u_pe/pr_j[2][5]_i_28_0[0]
                         LUT6 (Prop_lut6_I5_O)        0.043     8.234 r  u_pe2/u_swshared/u_bsw/u_array/g_pe[41].u_pe/pr_i[2][3]_i_8/O
                         net (fo=1, unplaced)         0.270     8.504    u_pe2/u_swshared/u_bsw/u_array/g_pe[36].u_pe/pr_i[2][3]_i_4_0
                         LUT6 (Prop_lut6_I5_O)        0.043     8.547 r  u_pe2/u_swshared/u_bsw/u_array/g_pe[36].u_pe/pr_i[2][3]_i_6/O
                         net (fo=1, unplaced)         0.270     8.817    u_pe2/u_swshared/u_bsw/u_tracker/p_1_in[1]
                         LUT2 (Prop_lut2_I1_O)        0.043     8.860 r  u_pe2/u_swshared/u_bsw/u_tracker/pr_i[2][3]_i_4/O
                         net (fo=1, unplaced)         0.360     9.220    u_pe2/u_swshared/u_bsw/u_tracker/pr_i[2][3]_i_4_n_0
                         CARRY4 (Prop_carry4_S[1]_CO[3])
                                                      0.299     9.519 r  u_pe2/u_swshared/u_bsw/u_tracker/pr_i_reg[2][3]_i_1/CO[3]
                         net (fo=1, unplaced)         0.000     9.519    u_pe2/u_swshared/u_bsw/u_tracker/pr_i_reg[2][3]_i_1_n_0
                         CARRY4 (Prop_carry4_CI_CO[3])
                                                      0.054     9.573 r  u_pe2/u_swshared/u_bsw/u_tracker/pr_i_reg[2][7]_i_1/CO[3]
                         net (fo=1, unplaced)         0.000     9.573    u_pe2/u_swshared/u_bsw/u_tracker/pr_i_reg[2][7]_i_1_n_0
                         CARRY4 (Prop_carry4_CI_O[3])
                                                      0.157     9.730 r  u_pe2/u_swshared/u_bsw/u_tracker/pr_i_reg[2][11]_i_1/O[3]
                         net (fo=1, unplaced)         0.300    10.030    u_pe2/u_swshared/u_bsw/u_tracker/s1_i2_out[11]
                         FDRE                                         r  u_pe2/u_swshared/u_bsw/u_tracker/pr_i_reg[2][11]/D
  -------------------------------------------------------------------    -------------------

                         (clock clk rise edge)        3.000     3.000 r  <hidden>
                                                      0.000     3.000 r  clk
                         net (fo=107049, unset)       0.510     3.510    u_pe2/u_swshared/u_bsw/u_tracker/clk
                         FDRE                                         r  u_pe2/u_swshared/u_bsw/u_tracker/pr_i_reg[2][11]/C
                         clock pessimism              0.000     3.510    <hidden>
                         clock uncertainty           -0.035     3.475    <hidden>
                         FDRE (Setup_fdre_C_D)       -0.066     3.409    u_pe2/u_swshared/u_bsw/u_tracker/pr_i_reg[2][11]
  -------------------------------------------------------------------
                         required time                          3.409    <hidden>
                         arrival time                         -10.030    <hidden>
  -------------------------------------------------------------------
                         slack                                 -6.621    <hidden>

Slack (VIOLATED) :        -6.621ns  (required time - arrival time)
  Source:                 u_pe2/u_swshared/u_bsw/u_array/g_pe[87].u_pe/H_curr_reg_reg[7]/C
                            (rising edge-triggered cell FDRE clocked by clk  {rise@0.000ns fall@1.500ns period=3.000ns})
  Destination:            u_pe2/u_swshared/u_bsw/u_tracker/pr_i_reg[5][15]/D
                            (rising edge-triggered cell FDRE clocked by clk  {rise@0.000ns fall@1.500ns period=3.000ns})
  Path Group:             clk
  Path Type:              Setup (Max at Slow Process Corner)
  Requirement:            3.000ns  (clk rise@3.000ns - clk rise@0.000ns)
  Data Path Delay:        9.493ns  (logic 2.495ns (26.283%)  route 6.998ns (73.717%))
  Logic Levels:           24  (CARRY4=12 LUT2=3 LUT4=1 LUT5=2 LUT6=6)
  Clock Path Skew:        -0.027ns (DCD - SCD + CPR)
    Destination Clock Delay (DCD):    0.510ns = ( 3.510 - 3.000 ) 
    Source Clock Delay      (SCD):    0.537ns
    Clock Pessimism Removal (CPR):    0.000ns
  Clock Uncertainty:      0.035ns  ((TSJ^2 + TIJ^2)^1/2 + DJ) / 2 + PE
    Total System Jitter     (TSJ):    0.071ns
    Total Input Jitter      (TIJ):    0.000ns
    Discrete Jitter          (DJ):    0.000ns
    Phase Error              (PE):    0.000ns

    Location             Delay type                Incr(ns)  Path(ns)    Netlist Resource(s)
  -------------------------------------------------------------------    -------------------
                         (clock clk rise edge)        0.000     0.000 r  <hidden>
                                                      0.000     0.000 r  clk
                         net (fo=107049, unset)       0.537     0.537    u_pe2/u_swshared/u_bsw/u_array/g_pe[87].u_pe/clk
                         FDRE                                         r  u_pe2/u_swshared/u_bsw/u_array/g_pe[87].u_pe/H_curr_reg_reg[7]/C
  -------------------------------------------------------------------    -------------------
                         FDRE (Prop_fdre_C_Q)         0.223     0.760 r  u_pe2/u_swshared/u_bsw/u_array/g_pe[87].u_pe/H_curr_reg_reg[7]/Q
                         net (fo=11, unplaced)        0.573     1.333    u_pe2/u_swshared/u_bsw/u_array/g_pe[87].u_pe/H_curr_reg_reg[15]_1[7]
                         LUT6 (Prop_lut6_I0_O)        0.123     1.456 r  u_pe2/u_swshared/u_bsw/u_array/g_pe[87].u_pe/pr_j[5][6]_i_195/O
                         net (fo=1, unplaced)         0.446     1.902    u_pe2/u_swshared/u_bsw/u_array/g_pe[86].u_pe/pr_j_reg[5][6]_i_39_0[3]
                         CARRY4 (Prop_carry4_S[3]_CO[3])
                                                      0.223     2.125 r  u_pe2/u_swshared/u_bsw/u_array/g_pe[86].u_pe/pr_j_reg[5][6]_i_118/CO[3]
                         net (fo=1, unplaced)         0.000     2.125    u_pe2/u_swshared/u_bsw/u_array/g_pe[86].u_pe/pr_j_reg[5][6]_i_118_n_0
                         CARRY4 (Prop_carry4_CI_CO[3])
                                                      0.054     2.179 r  u_pe2/u_swshared/u_bsw/u_array/g_pe[86].u_pe/pr_j_reg[5][6]_i_39/CO[3]
                         net (fo=36, unplaced)        0.486     2.665    u_pe2/u_swshared/u_bsw/u_array/g_pe[86].u_pe/active_q_reg_2[0]
                         LUT5 (Prop_lut5_I2_O)        0.047     2.712 r  u_pe2/u_swshared/u_bsw/u_array/g_pe[86].u_pe/pr_j[5][2]_i_151/O
                         net (fo=5, unplaced)         0.298     3.010    u_pe2/u_swshared/u_bsw/u_array/g_pe[84].u_pe/pr_j[5][1]_i_19_0
                         LUT5 (Prop_lut5_I4_O)        0.043     3.053 r  u_pe2/u_swshared/u_bsw/u_array/g_pe[84].u_pe/pr_j[5][2]_i_113/O
                         net (fo=1, unplaced)         0.446     3.499    u_pe2/u_swshared/u_bsw/u_array/g_pe[84].u_pe/pr_j[5][2]_i_113_n_0
                         CARRY4 (Prop_carry4_S[3]_CO[3])
                                                      0.223     3.722 r  u_pe2/u_swshared/u_bsw/u_array/g_pe[84].u_pe/pr_j_reg[5][2]_i_40/CO[3]
                         net (fo=1, unplaced)         0.000     3.722    u_pe2/u_swshared/u_bsw/u_array/g_pe[84].u_pe/pr_j_reg[5][2]_i_40_n_0
                         CARRY4 (Prop_carry4_CI_CO[3])
                                                      0.054     3.776 f  u_pe2/u_swshared/u_bsw/u_array/g_pe[84].u_pe/pr_j_reg[5][2]_i_8/CO[3]
                         net (fo=37, unplaced)        0.487     4.263    u_pe2/u_swshared/u_bsw/u_array/g_pe[84].u_pe/active_q_reg_3[0]
                         LUT2 (Prop_lut2_I0_O)        0.043     4.306 r  u_pe2/u_swshared/u_bsw/u_array/g_pe[84].u_pe/pr_j[5][6]_i_10/O
                         net (fo=19, unplaced)        0.329     4.635    u_pe2/u_swshared/u_bsw/u_array/g_pe[84].u_pe/pr_j[5][6]_i_10_n_0
                         LUT6 (Prop_lut6_I5_O)        0.043     4.678 r  u_pe2/u_swshared/u_bsw/u_array/g_pe[84].u_pe/pr_j[5][1]_i_36/O
                         net (fo=4, unplaced)         0.294     4.972    u_pe2/u_swshared/u_bsw/u_array/g_pe[82].u_pe/pr_j_reg[5][6]_i_57_6
                         LUT4 (Prop_lut4_I3_O)        0.043     5.015 r  u_pe2/u_swshared/u_bsw/u_array/g_pe[82].u_pe/pr_j[5][6]_i_139/O
                         net (fo=1, unplaced)         0.446     5.461    u_pe2/u_swshared/u_bsw/u_array/g_pe[84].u_pe/pr_j_reg[5][6]_i_25_8[3]
                         CARRY4 (Prop_carry4_S[3]_CO[3])
                                                      0.223     5.684 r  u_pe2/u_swshared/u_bsw/u_array/g_pe[84].u_pe/pr_j_reg[5][6]_i_57/CO[3]
                         net (fo=1, unplaced)         0.000     5.684    u_pe2/u_swshared/u_bsw/u_array/g_pe[84].u_pe/pr_j_reg[5][6]_i_57_n_0
                         CARRY4 (Prop_carry4_CI_CO[3])
                                                      0.054     5.738 r  u_pe2/u_swshared/u_bsw/u_array/g_pe[84].u_pe/pr_j_reg[5][6]_i_25/CO[3]
                         net (fo=8, unplaced)         0.450     6.188    u_pe2/u_swshared/u_bsw/u_array/g_pe[84].u_pe/pr_j[5][6]_i_65[0]
                         LUT2 (Prop_lut2_I0_O)        0.043     6.231 r  u_pe2/u_swshared/u_bsw/u_array/g_pe[84].u_pe/pr_h[5][15]_i_8/O
                         net (fo=17, unplaced)        0.326     6.557    u_pe2/u_swshared/u_bsw/u_array/g_pe[80].u_pe/pr_h_reg[5][1]_0
                         LUT6 (Prop_lut6_I3_O)        0.043     6.600 r  u_pe2/u_swshared/u_bsw/u_array/g_pe[80].u_pe/pr_h[5][6]_i_2/O
                         net (fo=3, unplaced)         0.288     6.888    u_pe2/u_swshared/u_bsw/u_array/g_pe[88].u_pe/pr_h_reg[5][6]
                         LUT6 (Prop_lut6_I5_O)        0.043     6.931 r  u_pe2/u_swshared/u_bsw/u_array/g_pe[88].u_pe/pr_j[5][6]_i_70/O
                         net (fo=1, unplaced)         0.446     7.377    u_pe2/u_swshared/u_bsw/u_array/g_pe[88].u_pe/pr_j[5][6]_i_70_n_0
                         CARRY4 (Prop_carry4_S[3]_CO[3])
                                                      0.223     7.600 r  u_pe2/u_swshared/u_bsw/u_array/g_pe[88].u_pe/pr_j_reg[5][6]_i_26/CO[3]
                         net (fo=1, unplaced)         0.000     7.600    u_pe2/u_swshared/u_bsw/u_array/g_pe[88].u_pe/pr_j_reg[5][6]_i_26_n_0
                         CARRY4 (Prop_carry4_CI_CO[3])
                                                      0.054     7.654 f  u_pe2/u_swshared/u_bsw/u_array/g_pe[88].u_pe/pr_j_reg[5][6]_i_7/CO[3]
                         net (fo=32, unplaced)        0.483     8.137    u_pe2/u_swshared/u_bsw/u_array/g_pe[88].u_pe/pr_j[5][6]_i_34_0[0]
                         LUT6 (Prop_lut6_I5_O)        0.043     8.180 r  u_pe2/u_swshared/u_bsw/u_array/g_pe[88].u_pe/pr_i[5][3]_i_8/O
                         net (fo=1, unplaced)         0.270     8.450    u_pe2/u_swshared/u_bsw/u_array/g_pe[84].u_pe/pr_i[5][3]_i_4_0
                         LUT6 (Prop_lut6_I5_O)        0.043     8.493 r  u_pe2/u_swshared/u_bsw/u_array/g_pe[84].u_pe/pr_i[5][3]_i_6/O
                         net (fo=1, unplaced)         0.270     8.763    u_pe2/u_swshared/u_bsw/u_tracker/p_7_in[1]
                         LUT2 (Prop_lut2_I1_O)        0.043     8.806 r  u_pe2/u_swshared/u_bsw/u_tracker/pr_i[5][3]_i_4/O
                         net (fo=1, unplaced)         0.360     9.166    u_pe2/u_swshared/u_bsw/u_tracker/pr_i[5][3]_i_4_n_0
                         CARRY4 (Prop_carry4_S[1]_CO[3])
                                                      0.299     9.465 r  u_pe2/u_swshared/u_bsw/u_tracker/pr_i_reg[5][3]_i_1/CO[3]
                         net (fo=1, unplaced)         0.000     9.465    u_pe2/u_swshared/u_bsw/u_tracker/pr_i_reg[5][3]_i_1_n_0
                         CARRY4 (Prop_carry4_CI_CO[3])
                                                      0.054     9.519 r  u_pe2/u_swshared/u_bsw/u_tracker/pr_i_reg[5][7]_i_1/CO[3]
                         net (fo=1, unplaced)         0.000     9.519    u_pe2/u_swshared/u_bsw/u_tracker/pr_i_reg[5][7]_i_1_n_0
                         CARRY4 (Prop_carry4_CI_CO[3])
                                                      0.054     9.573 r  u_pe2/u_swshared/u_bsw/u_tracker/pr_i_reg[5][11]_i_1/CO[3]
                         net (fo=1, unplaced)         0.000     9.573    u_pe2/u_swshared/u_bsw/u_tracker/pr_i_reg[5][11]_i_1_n_0
                         CARRY4 (Prop_carry4_CI_O[3])
                                                      0.157     9.730 r  u_pe2/u_swshared/u_bsw/u_tracker/pr_i_reg[5][15]_i_2/O[3]
                         net (fo=1, unplaced)         0.300    10.030    u_pe2/u_swshared/u_bsw/u_tracker/s1_i8_out[15]
                         FDRE                                         r  u_pe2/u_swshared/u_bsw/u_tracker/pr_i_reg[5][15]/D
  -------------------------------------------------------------------    -------------------

                         (clock clk rise edge)        3.000     3.000 r  <hidden>
                                                      0.000     3.000 r  clk
                         net (fo=107049, unset)       0.510     3.510    u_pe2/u_swshared/u_bsw/u_tracker/clk
                         FDRE                                         r  u_pe2/u_swshared/u_bsw/u_tracker/pr_i_reg[5][15]/C
                         clock pessimism              0.000     3.510    <hidden>
                         clock uncertainty           -0.035     3.475    <hidden>
                         FDRE (Setup_fdre_C_D)       -0.066     3.409    u_pe2/u_swshared/u_bsw/u_tracker/pr_i_reg[5][15]
  -------------------------------------------------------------------
                         required time                          3.409    <hidden>
                         arrival time                         -10.030    <hidden>
  -------------------------------------------------------------------
                         slack                                 -6.621    <hidden>





Pulse Width Checks
--------------------------------------------------------------------------------------
Clock Name:         clk
Waveform(ns):       { 0.000 1.500 }
Period(ns):         3.000
Sources:            { clk }

Check Type        Corner  Lib Pin             Reference Pin  Required(ns)  Actual(ns)  Slack(ns)  Location  Pin
Min Period        n/a     RAMB18E1/CLKARDCLK  n/a            2.095         3.000       0.905                u_pe2/u_ce/q_buf_reg/CLKARDCLK
Min Period        n/a     RAMB18E1/CLKARDCLK  n/a            2.095         3.000       0.905                u_pe2/u_ce/sb_len_reg/CLKARDCLK
Min Period        n/a     RAMB18E1/CLKBWRCLK  n/a            2.095         3.000       0.905                u_pe2/u_ce/sb_len_reg/CLKBWRCLK
Min Period        n/a     RAMB18E1/CLKARDCLK  n/a            2.095         3.000       0.905                u_pe2/u_ce/sb_qbeg_reg/CLKARDCLK
Min Period        n/a     RAMB18E1/CLKBWRCLK  n/a            2.095         3.000       0.905                u_pe2/u_ce/sb_qbeg_reg/CLKBWRCLK
Min Period        n/a     RAMB18E1/CLKARDCLK  n/a            2.095         3.000       0.905                u_pe2/u_ce/sb_score_reg/CLKARDCLK
Min Period        n/a     RAMB18E1/CLKBWRCLK  n/a            2.095         3.000       0.905                u_pe2/u_ce/sb_score_reg/CLKBWRCLK
Min Period        n/a     RAMB36E1/CLKARDCLK  n/a            2.095         3.000       0.905                u_pe2/u_ce/u_ac/u_ms/bankA_reg[0][qb]/CLKARDCLK
Min Period        n/a     RAMB36E1/CLKARDCLK  n/a            2.095         3.000       0.905                u_pe2/u_ce/u_ac/u_ms/bankA_reg[0][qe]/CLKARDCLK
Min Period        n/a     RAMB36E1/CLKARDCLK  n/a            2.095         3.000       0.905                u_pe2/u_ce/u_ac/u_ms/bankA_reg[0][rb]_0/CLKARDCLK
Min Period        n/a     RAMB36E1/CLKARDCLK  n/a            2.095         3.000       0.905                u_pe2/u_ce/u_ac/u_ms/bankA_reg[0][rb]_1/CLKARDCLK
Min Period        n/a     RAMB36E1/CLKARDCLK  n/a            2.095         3.000       0.905                u_pe2/u_ce/u_ac/u_ms/bankA_reg[0][re]_0/CLKARDCLK
Min Period        n/a     RAMB36E1/CLKARDCLK  n/a            2.095         3.000       0.905                u_pe2/u_ce/u_ac/u_ms/bankA_reg[0][re]_1/CLKARDCLK
Min Period        n/a     RAMB36E1/CLKARDCLK  n/a            2.095         3.000       0.905                u_pe2/u_ce/u_ac/u_ms/bankA_reg[0][rid]/CLKARDCLK
Min Period        n/a     RAMB36E1/CLKARDCLK  n/a            2.095         3.000       0.905                u_pe2/u_ce/u_ac/u_ms/bankA_reg[0][score]/CLKARDCLK
Min Period        n/a     RAMB36E1/CLKARDCLK  n/a            2.095         3.000       0.905                u_pe2/u_ce/u_ac/u_ms/bankB_reg[0][qb]/CLKARDCLK
Min Period        n/a     RAMB36E1/CLKARDCLK  n/a            2.095         3.000       0.905                u_pe2/u_ce/u_ac/u_ms/bankB_reg[0][qe]/CLKARDCLK
Min Period        n/a     RAMB36E1/CLKARDCLK  n/a            2.095         3.000       0.905                u_pe2/u_ce/u_ac/u_ms/bankB_reg[0][rb]_0/CLKARDCLK
Min Period        n/a     RAMB36E1/CLKARDCLK  n/a            2.095         3.000       0.905                u_pe2/u_ce/u_ac/u_ms/bankB_reg[0][rb]_1/CLKARDCLK
Min Period        n/a     RAMB36E1/CLKARDCLK  n/a            2.095         3.000       0.905                u_pe2/u_ce/u_ac/u_ms/bankB_reg[0][re]_0/CLKARDCLK
Low Pulse Width   Slow    RAMD64E/CLK         n/a            0.768         1.500       0.732                a_cov_reg_0_63_0_2/RAMA/CLK
Low Pulse Width   Fast    RAMD64E/CLK         n/a            0.768         1.500       0.732                a_cov_reg_0_63_0_2/RAMA/CLK
Low Pulse Width   Slow    RAMD64E/CLK         n/a            0.768         1.500       0.732                a_cov_reg_0_63_0_2/RAMB/CLK
Low Pulse Width   Fast    RAMD64E/CLK         n/a            0.768         1.500       0.732                a_cov_reg_0_63_0_2/RAMB/CLK
Low Pulse Width   Slow    RAMD64E/CLK         n/a            0.768         1.500       0.732                a_cov_reg_0_63_0_2/RAMC/CLK
Low Pulse Width   Fast    RAMD64E/CLK         n/a            0.768         1.500       0.732                a_cov_reg_0_63_0_2/RAMC/CLK
Low Pulse Width   Slow    RAMD64E/CLK         n/a            0.768         1.500       0.732                a_cov_reg_0_63_0_2/RAMD/CLK
Low Pulse Width   Fast    RAMD64E/CLK         n/a            0.768         1.500       0.732                a_cov_reg_0_63_0_2/RAMD/CLK
Low Pulse Width   Slow    RAMD64E/CLK         n/a            0.768         1.500       0.732                a_cov_reg_0_63_12_14/RAMA/CLK
Low Pulse Width   Fast    RAMD64E/CLK         n/a            0.768         1.500       0.732                a_cov_reg_0_63_12_14/RAMA/CLK
Low Pulse Width   Slow    RAMD64E/CLK         n/a            0.768         1.500       0.732                a_cov_reg_0_63_12_14/RAMB/CLK
Low Pulse Width   Fast    RAMD64E/CLK         n/a            0.768         1.500       0.732                a_cov_reg_0_63_12_14/RAMB/CLK
Low Pulse Width   Slow    RAMD64E/CLK         n/a            0.768         1.500       0.732                a_cov_reg_0_63_12_14/RAMC/CLK
Low Pulse Width   Fast    RAMD64E/CLK         n/a            0.768         1.500       0.732                a_cov_reg_0_63_12_14/RAMC/CLK
Low Pulse Width   Slow    RAMD64E/CLK         n/a            0.768         1.500       0.732                a_cov_reg_0_63_12_14/RAMD/CLK
Low Pulse Width   Fast    RAMD64E/CLK         n/a            0.768         1.500       0.732                a_cov_reg_0_63_12_14/RAMD/CLK
Low Pulse Width   Slow    RAMD64E/CLK         n/a            0.768         1.500       0.732                a_cov_reg_0_63_15_17/RAMA/CLK
Low Pulse Width   Fast    RAMD64E/CLK         n/a            0.768         1.500       0.732                a_cov_reg_0_63_15_17/RAMA/CLK
Low Pulse Width   Slow    RAMD64E/CLK         n/a            0.768         1.500       0.732                a_cov_reg_0_63_15_17/RAMB/CLK
Low Pulse Width   Fast    RAMD64E/CLK         n/a            0.768         1.500       0.732                a_cov_reg_0_63_15_17/RAMB/CLK
High Pulse Width  Slow    RAMD64E/CLK         n/a            0.768         1.500       0.732                a_cov_reg_0_63_0_2/RAMA/CLK
High Pulse Width  Fast    RAMD64E/CLK         n/a            0.768         1.500       0.732                a_cov_reg_0_63_0_2/RAMA/CLK
High Pulse Width  Slow    RAMD64E/CLK         n/a            0.768         1.500       0.732                a_cov_reg_0_63_0_2/RAMB/CLK
High Pulse Width  Fast    RAMD64E/CLK         n/a            0.768         1.500       0.732                a_cov_reg_0_63_0_2/RAMB/CLK
High Pulse Width  Slow    RAMD64E/CLK         n/a            0.768         1.500       0.732                a_cov_reg_0_63_0_2/RAMC/CLK
High Pulse Width  Fast    RAMD64E/CLK         n/a            0.768         1.500       0.732                a_cov_reg_0_63_0_2/RAMC/CLK
High Pulse Width  Slow    RAMD64E/CLK         n/a            0.768         1.500       0.732                a_cov_reg_0_63_0_2/RAMD/CLK
High Pulse Width  Fast    RAMD64E/CLK         n/a            0.768         1.500       0.732                a_cov_reg_0_63_0_2/RAMD/CLK
High Pulse Width  Slow    RAMD64E/CLK         n/a            0.768         1.500       0.732                a_cov_reg_0_63_12_14/RAMA/CLK
High Pulse Width  Fast    RAMD64E/CLK         n/a            0.768         1.500       0.732                a_cov_reg_0_63_12_14/RAMA/CLK
High Pulse Width  Slow    RAMD64E/CLK         n/a            0.768         1.500       0.732                a_cov_reg_0_63_12_14/RAMB/CLK
High Pulse Width  Fast    RAMD64E/CLK         n/a            0.768         1.500       0.732                a_cov_reg_0_63_12_14/RAMB/CLK
High Pulse Width  Slow    RAMD64E/CLK         n/a            0.768         1.500       0.732                a_cov_reg_0_63_12_14/RAMC/CLK
High Pulse Width  Fast    RAMD64E/CLK         n/a            0.768         1.500       0.732                a_cov_reg_0_63_12_14/RAMC/CLK
High Pulse Width  Slow    RAMD64E/CLK         n/a            0.768         1.500       0.732                a_cov_reg_0_63_12_14/RAMD/CLK
High Pulse Width  Fast    RAMD64E/CLK         n/a            0.768         1.500       0.732                a_cov_reg_0_63_12_14/RAMD/CLK
High Pulse Width  Slow    RAMD64E/CLK         n/a            0.768         1.500       0.732                a_cov_reg_0_63_15_17/RAMA/CLK
High Pulse Width  Fast    RAMD64E/CLK         n/a            0.768         1.500       0.732                a_cov_reg_0_63_15_17/RAMA/CLK
High Pulse Width  Slow    RAMD64E/CLK         n/a            0.768         1.500       0.732                a_cov_reg_0_63_15_17/RAMB/CLK
High Pulse Width  Fast    RAMD64E/CLK         n/a            0.768         1.500       0.732                a_cov_reg_0_63_15_17/RAMB/CLK



